# Blender 4.2.15 LTS
# www.blender.org
mtllib PuertaAlien.mtl
g Cube.003_Malla
v 0.241757 2.687376 -0.490282
v 1.102021 2.687376 -0.490282
v 0.379521 1.971807 -0.490282
v 0.244523 2.106259 -0.490282
v 0.312022 1.989821 -0.490282
v 0.262609 2.039033 -0.490282
v 0.241757 3.268493 -0.490282
v 0.376208 3.402944 -0.490282
v 0.259770 3.335719 -0.490282
v 0.308982 3.384931 -0.490282
v 1.104787 2.106259 -0.490282
v 0.969789 1.971807 -0.490282
v 1.086700 2.039033 -0.490282
v 1.037288 1.989821 -0.490282
v 0.967570 3.402944 -0.490282
v 1.102021 3.268493 -0.490282
v 1.034796 3.384931 -0.490282
v 1.084008 3.335719 -0.490282
v 1.044605 2.696333 0.035190
v 0.299198 2.693548 0.034481
v 0.380731 2.034945 -0.133053
v 0.337424 2.046630 -0.130080
v 0.312360 2.072873 -0.123404
v 0.302554 2.117863 -0.111960
v 0.338723 3.341007 0.034835
v 0.383781 3.353080 0.034835
v 0.311272 3.313556 0.034835
v 0.299198 3.268497 0.034835
v 1.002135 2.047189 -0.129938
v 0.955491 2.034945 -0.133053
v 1.033012 2.076353 -0.122519
v 1.048095 2.123249 -0.110590
v 0.960022 3.353080 0.034835
v 1.005080 3.341007 0.034835
v 1.032531 3.313556 0.034835
v 1.044605 3.268497 0.034835
v 0.254890 2.687057 0.092343
v 0.241757 2.687376 0.079462
v 0.245603 2.687283 0.088604
v 1.102021 2.687376 0.079471
v 1.088888 2.687694 0.092505
v 1.098175 2.687469 0.088654
v 0.302544 2.111976 -0.067148
v 0.289339 2.109288 -0.054628
v 0.298675 2.110494 -0.058189
v 0.378922 2.014671 -0.078697
v 0.380722 2.029056 -0.088226
v 0.380193 2.024148 -0.080149
v 0.312350 2.066986 -0.078588
v 0.300245 2.059257 -0.067355
v 0.308803 2.064027 -0.070007
v 0.337414 2.040742 -0.085257
v 0.330295 2.027792 -0.075359
v 0.335328 2.036255 -0.077070
v 0.383772 3.347191 0.079662
v 0.382040 3.358648 0.092424
v 0.383263 3.349853 0.088686
v 0.286053 3.262661 0.092424
v 0.299189 3.262610 0.079648
v 0.295340 3.261930 0.088682
v 0.331912 3.345217 0.092424
v 0.338713 3.335119 0.079658
v 0.336720 3.337382 0.088685
v 0.299484 3.312789 0.092424
v 0.311262 3.307669 0.079653
v 0.307811 3.308474 0.088683
v 0.955481 2.029056 -0.088226
v 0.957228 2.014671 -0.078697
v 0.955991 2.024148 -0.080149
v 1.061116 2.113443 -0.053571
v 1.048085 2.117362 -0.065777
v 1.051900 2.115519 -0.056910
v 1.008854 2.028223 -0.075249
v 1.002125 2.041301 -0.085115
v 1.004095 2.036776 -0.076938
v 1.044551 2.061940 -0.066672
v 1.033002 2.070466 -0.077702
v 1.036383 2.067274 -0.069181
v 1.044595 3.262610 0.079648
v 1.057725 3.262661 0.092424
v 1.048440 3.261930 0.088682
v 0.961739 3.358648 0.092424
v 0.960012 3.347191 0.079662
v 0.960517 3.349853 0.088686
v 1.032521 3.307669 0.079653
v 1.044293 3.312789 0.092424
v 1.035968 3.308473 0.088684
v 1.005071 3.335119 0.079659
v 1.011866 3.345217 0.092424
v 1.007060 3.337382 0.088685
v 0.374057 1.971807 -0.102522
v 0.374658 1.984516 -0.086367
v 0.373738 1.975530 -0.092438
v 0.313409 2.001043 -0.082163
v 0.307448 1.989772 -0.097972
v 0.308716 1.993072 -0.087981
v 0.271526 2.044897 -0.071008
v 0.260465 2.038850 -0.085494
v 0.263273 2.040619 -0.075888
v 0.258013 2.106891 -0.055238
v 0.245708 2.105893 -0.068437
v 0.248940 2.106181 -0.059210
v 0.308982 3.384931 0.079527
v 0.315781 3.373156 0.092424
v 0.310974 3.381482 0.088647
v 0.377937 3.389811 0.092424
v 0.376208 3.402944 0.079533
v 0.376714 3.399097 0.088649
v 0.259770 3.335719 0.079513
v 0.271545 3.328920 0.092424
v 0.263219 3.333727 0.088643
v 0.241757 3.268493 0.079493
v 0.254890 3.266764 0.092424
v 0.245604 3.267986 0.088637
v 1.032710 1.989772 -0.097931
v 1.024827 2.001171 -0.082131
v 1.029924 1.993110 -0.087960
v 0.961379 1.984516 -0.086367
v 0.964324 1.971807 -0.102505
v 0.962966 1.975530 -0.092433
v 1.084554 2.038850 -0.085465
v 1.071963 2.045692 -0.070806
v 1.080436 2.040852 -0.075821
v 1.105971 2.105893 -0.068425
v 1.092042 2.108123 -0.054924
v 1.101520 2.106541 -0.059115
v 0.967570 3.402944 0.079534
v 0.965841 3.389811 0.092424
v 0.967064 3.399097 0.088649
v 1.027997 3.373156 0.092424
v 1.034796 3.384931 0.079529
v 1.032805 3.381482 0.088647
v 1.072233 3.328920 0.092424
v 1.084008 3.335719 0.079517
v 1.080559 3.333727 0.088644
v 1.088888 3.266764 0.092424
v 1.102021 3.268493 0.079499
v 1.098175 3.267986 0.088638
v 0.299189 2.687662 0.079292
v 0.286053 2.686302 0.092151
v 0.295340 2.686568 0.088351
v 1.057725 2.688450 0.092697
v 1.044595 2.690447 0.080001
v 1.048439 2.689167 0.089012
v 0.132126 -1.079693 -0.491211
v 0.132126 -1.079693 -1.992504
v 0.901811 -1.079693 -1.751128
v 0.660434 -1.079693 -1.992504
v 0.660434 -1.079693 -0.491211
v 0.901811 -1.079693 -0.732588
v -0.766711 6.426771 -1.751128
v -0.866692 6.185394 -1.992504
v -0.766711 6.426771 -0.732588
v -0.985543 5.898463 -1.992504
v -1.226429 5.657085 -1.610223
v -1.226429 5.657085 -0.873493
v 0.660434 1.759575 -1.992504
v 0.901811 1.759575 -1.751128
v 0.660434 1.759575 -0.491211
v 0.901811 1.759575 -0.732588
v 0.132126 1.759575 -1.751128
v 0.373503 1.641937 -1.992504
v 0.373503 1.641937 -0.491211
v 0.132126 1.759575 -0.732588
v -0.512062 -1.079693 -0.732588
v -0.270685 -1.079693 -0.491211
v -0.270685 -1.079693 -1.992504
v -0.512062 -1.079693 -1.751128
v -0.270685 1.138023 -0.491211
v -0.512062 1.255661 -0.732588
v -0.270685 1.138023 -1.992504
v -0.512062 1.255661 -1.751128
v 0.901811 2.503640 -1.751128
v 0.901811 3.825367 -1.751128
v 0.660434 3.825367 -1.992504
v 0.660434 2.503640 -1.992504
v 0.901811 3.825367 -0.732588
v 0.901811 2.503640 -0.732588
v 0.660434 2.503640 -0.491211
v 0.660434 3.825367 -0.491211
v 0.373503 2.503640 -1.949049
v 0.400548 2.467581 -1.992504
v 0.381424 2.493078 -1.979777
v 0.400548 3.861427 -1.992504
v 0.373503 3.825367 -1.949049
v 0.381424 3.835929 -1.979777
v 0.132126 3.861427 -1.751128
v 0.168186 3.825367 -1.743442
v 0.142688 3.835928 -1.748877
v 0.168186 2.503640 -1.743442
v 0.132126 2.467581 -1.751128
v 0.142688 2.493078 -1.748877
v 0.373503 3.825367 -0.534667
v 0.400548 3.861427 -0.491211
v 0.381424 3.835929 -0.503939
v 0.400548 2.467581 -0.491211
v 0.373503 2.503640 -0.534667
v 0.381424 2.493078 -0.503939
v 0.132126 2.467581 -0.732588
v 0.168186 2.503640 -0.740274
v 0.142688 2.493078 -0.734839
v 0.168186 3.825367 -0.740274
v 0.132126 3.861427 -0.732588
v 0.142688 3.835928 -0.734839
v 0.577282 4.741421 -1.992504
v 0.660434 4.540351 -1.992504
v 0.636080 4.648086 -1.992504
v 0.901811 4.640537 -1.751128
v 0.818786 4.841275 -1.751128
v 0.877494 4.748090 -1.751128
v 0.818786 4.841275 -0.732588
v 0.901811 4.640537 -0.732588
v 0.877494 4.748090 -0.732588
v 0.660434 4.540351 -0.491211
v 0.577282 4.741421 -0.491211
v 0.636080 4.648086 -0.491211
v 0.132126 4.322513 -1.751128
v 0.107808 4.429507 -1.751128
v 0.378132 4.423364 -1.992504
v 0.290350 4.622570 -1.992504
v 0.350504 4.529780 -1.992504
v 0.290350 4.622570 -0.491211
v 0.378132 4.423364 -0.491211
v 0.350504 4.529780 -0.491211
v 0.132126 4.322513 -0.732588
v 0.107808 4.429507 -0.732588
v -1.351391 5.464488 -1.610223
v -1.351391 5.464488 -0.873493
v -0.866692 6.185394 -0.491211
v -0.985543 5.898463 -0.491211
v -0.968304 6.117499 -0.491211
v -1.030909 5.966357 -0.491211
v -4.069279 5.999577 -0.546152
v -4.069279 6.084280 -0.546152
v -1.047288 6.084280 -0.546152
v -1.029220 6.057240 -0.546152
v -1.034153 6.080658 -0.546152
v -1.027541 6.070760 -0.546152
v -1.041904 6.026617 -0.546152
v -1.082374 5.999577 -0.546152
v -1.051426 6.013097 -0.546152
v -1.066239 6.003199 -0.546152
v -4.069279 5.999577 -0.494988
v -4.072031 5.996825 -0.491211
v -4.070085 5.998771 -0.492317
v -4.071964 6.086966 -0.491211
v -4.069279 6.084280 -0.494988
v -4.070065 6.085068 -0.492317
v -1.024606 6.061805 -0.491211
v -1.029220 6.057240 -0.494988
v -1.027869 6.058577 -0.492317
v -1.047288 6.084280 -0.494988
v -1.041269 6.086812 -0.491211
v -1.045525 6.085022 -0.492317
v -1.027541 6.070760 -0.494988
v -1.023163 6.074215 -0.491211
v -1.026258 6.071772 -0.492317
v -1.034153 6.080658 -0.494988
v -1.029281 6.083384 -0.491211
v -1.032726 6.081456 -0.492317
v -1.078136 5.996841 -0.491211
v -1.082374 5.999577 -0.494988
v -1.081133 5.998775 -0.492317
v -1.041904 6.026617 -0.494988
v -1.041032 6.021834 -0.491211
v -1.041649 6.025217 -0.492317
v -1.066239 6.003199 -0.494988
v -1.063371 6.000208 -0.491211
v -1.065399 6.002322 -0.492317
v -1.051426 6.013097 -0.494988
v -1.049777 6.009339 -0.491211
v -1.050943 6.011995 -0.492317
v 0.070437 1.758176 -1.652969
v 0.041629 1.735640 -1.689544
v 0.062000 1.751575 -1.678831
v 0.041629 1.735640 -0.794172
v 0.070437 1.758176 -0.830747
v 0.062000 1.751575 -0.804885
v -0.495851 1.315198 -0.830747
v -0.467043 1.337733 -0.794172
v -0.487414 1.321798 -0.804885
v -0.467043 1.337733 -1.689544
v -0.495851 1.315198 -1.652969
v -0.487414 1.321798 -1.678831
v -0.429600 1.289866 -0.794172
v -0.458408 1.267331 -0.830747
v -0.449970 1.273932 -0.804885
v 0.107881 1.710309 -0.830747
v 0.079073 1.687774 -0.794172
v 0.099444 1.703708 -0.804885
v 0.079073 1.687774 -1.689544
v 0.107881 1.710309 -1.652969
v 0.099444 1.703709 -1.678831
v -0.458408 1.267331 -1.652969
v -0.429600 1.289866 -1.689544
v -0.449970 1.273932 -1.678831
v -1.085525 5.657085 -0.732588
v -1.085525 5.657085 -1.751128
v 0.049101 4.522461 -1.751128
v 0.049101 4.522461 -0.732588
v -0.985531 5.557093 -0.874000
v -0.985531 5.557093 -1.609716
v -0.050893 4.622455 -1.609716
v -0.050893 4.622455 -0.874000
v -0.892083 5.544901 -1.036318
v -0.830126 5.482945 -0.948699
v -0.883782 5.536601 -0.992508
v -0.861104 5.513923 -0.960438
v -0.830126 5.482945 -1.535017
v -0.892083 5.544901 -1.447398
v -0.861105 5.513923 -1.523278
v -0.883782 5.536601 -1.491207
v -0.063084 4.715903 -1.447398
v -0.125040 4.777859 -1.535017
v -0.071384 4.724203 -1.491207
v -0.094062 4.746881 -1.523278
v -0.125040 4.777859 -0.948699
v -0.063084 4.715903 -1.036318
v -0.094062 4.746881 -0.960438
v -0.071384 4.724203 -0.992508
v -0.157586 4.729148 -1.540277
v -0.159856 4.743043 -1.535017
v -0.161599 4.736566 -1.536558
v -0.097900 4.681087 -1.447398
v -0.099993 4.671555 -1.458828
v -0.100921 4.675887 -1.450746
v -0.128878 4.712065 -1.523278
v -0.128852 4.700413 -1.529301
v -0.131278 4.706244 -1.525042
v -0.106201 4.689387 -1.491207
v -0.107754 4.679317 -1.499465
v -0.109064 4.684030 -1.493626
v -0.099993 4.671555 -1.024888
v -0.097900 4.681087 -1.036318
v -0.100921 4.675887 -1.032970
v -0.159856 4.743043 -0.948699
v -0.157586 4.729148 -0.943439
v -0.161599 4.736566 -0.947158
v -0.106201 4.689387 -0.992508
v -0.107754 4.679317 -0.984251
v -0.109064 4.684030 -0.990090
v -0.128878 4.712065 -0.960438
v -0.128852 4.700413 -0.954415
v -0.131278 4.706244 -0.958674
v -0.936431 5.507992 -1.458828
v -0.926899 5.510085 -1.447398
v -0.932099 5.507065 -1.450747
v -0.864943 5.448130 -1.535017
v -0.878838 5.450398 -1.540277
v -0.871420 5.446386 -1.536558
v -0.918598 5.501784 -1.491207
v -0.928670 5.500231 -1.499465
v -0.923956 5.498921 -1.493626
v -0.895920 5.479107 -1.523278
v -0.907572 5.479134 -1.529301
v -0.901741 5.476707 -1.525042
v -0.878838 5.450398 -0.943439
v -0.864943 5.448130 -0.948699
v -0.871420 5.446386 -0.947158
v -0.926899 5.510085 -1.036318
v -0.936431 5.507992 -1.024888
v -0.932099 5.507065 -1.032969
v -0.895921 5.479107 -0.960438
v -0.907572 5.479134 -0.954415
v -0.901741 5.476707 -0.958674
v -0.918598 5.501784 -0.992508
v -0.928670 5.500231 -0.984251
v -0.923956 5.498921 -0.990090
v -8.337122 -1.079693 -0.491211
v -8.337122 -1.079693 -1.992504
v -9.106807 -1.079693 -1.751128
v -8.865430 -1.079693 -1.992504
v -8.865430 -1.079693 -0.491211
v -9.106807 -1.079693 -0.732588
v -4.102498 6.426771 -0.732588
v -4.102498 6.117499 -0.491211
v -4.102498 6.185394 -1.992504
v -4.102498 6.426771 -1.751128
v -7.438286 6.426771 -1.751128
v -7.338304 6.185394 -1.992504
v -7.438286 6.426771 -0.732588
v -4.102498 5.657085 -1.610223
v -4.102498 5.898463 -1.992504
v -4.102498 5.966357 -0.491211
v -4.102498 5.657085 -0.873493
v -7.219453 5.898463 -1.992504
v -6.978567 5.657085 -1.610223
v -6.978567 5.657085 -0.873493
v -8.865430 1.759575 -1.992504
v -9.106807 1.759575 -1.751128
v -8.865430 1.759575 -0.491211
v -9.106807 1.759575 -0.732588
v -8.337122 1.759575 -1.751128
v -8.578499 1.641937 -1.992504
v -8.578499 1.641937 -0.491211
v -8.337122 1.759575 -0.732588
v -7.692934 -1.079693 -0.732588
v -7.934311 -1.079693 -0.491211
v -7.934311 -1.079693 -1.992504
v -7.692934 -1.079693 -1.751128
v -7.934311 1.138023 -0.491211
v -7.692934 1.255661 -0.732588
v -7.934311 1.138023 -1.992504
v -7.692934 1.255661 -1.751128
v -9.106807 2.503640 -1.751128
v -9.106807 3.825367 -1.751128
v -8.865430 3.825367 -1.992504
v -8.865430 2.503640 -1.992504
v -9.106807 3.825367 -0.732588
v -9.106807 2.503640 -0.732588
v -8.865430 2.503640 -0.491211
v -8.865430 3.825367 -0.491211
v -8.578499 2.503640 -1.949049
v -8.605544 2.467581 -1.992504
v -8.586420 2.493078 -1.979777
v -8.605544 3.861427 -1.992504
v -8.578499 3.825367 -1.949049
v -8.586420 3.835929 -1.979777
v -8.337122 3.861427 -1.751128
v -8.373182 3.825367 -1.743442
v -8.347684 3.835928 -1.748877
v -8.373182 2.503640 -1.743442
v -8.337122 2.467581 -1.751128
v -8.347684 2.493078 -1.748877
v -8.578499 3.825367 -0.534667
v -8.605544 3.861427 -0.491211
v -8.586420 3.835929 -0.503939
v -8.605544 2.467581 -0.491211
v -8.578499 2.503640 -0.534667
v -8.586420 2.493078 -0.503939
v -8.337122 2.467581 -0.732588
v -8.373182 2.503640 -0.740274
v -8.347684 2.493078 -0.734839
v -8.373182 3.825367 -0.740274
v -8.337122 3.861427 -0.732588
v -8.347684 3.835928 -0.734839
v -8.782278 4.741421 -1.992504
v -8.865430 4.540351 -1.992504
v -8.841075 4.648086 -1.992504
v -9.106807 4.640537 -1.751128
v -9.023782 4.841275 -1.751128
v -9.082489 4.748090 -1.751128
v -9.023782 4.841275 -0.732588
v -9.106807 4.640537 -0.732588
v -9.082489 4.748090 -0.732588
v -8.865430 4.540351 -0.491211
v -8.782278 4.741421 -0.491211
v -8.841075 4.648086 -0.491211
v -8.337122 4.322513 -1.751128
v -8.312804 4.429507 -1.751128
v -8.583129 4.423364 -1.992504
v -8.495346 4.622570 -1.992504
v -8.555499 4.529780 -1.992504
v -8.495346 4.622570 -0.491211
v -8.583129 4.423364 -0.491211
v -8.555499 4.529780 -0.491211
v -8.337122 4.322513 -0.732588
v -8.312804 4.429507 -0.732588
v -4.102498 5.657085 -1.751128
v -4.102498 5.657085 -0.732588
v -4.102498 5.464488 -1.610223
v -4.102498 5.464488 -0.873493
v -6.853605 5.464488 -1.610223
v -6.853605 5.464488 -0.873493
v -7.338304 6.185394 -0.491211
v -4.102498 6.185394 -0.491211
v -4.102498 5.898463 -0.491211
v -7.219453 5.898463 -0.491211
v -7.236692 6.117499 -0.491211
v -7.174087 5.966357 -0.491211
v -4.135716 5.999577 -0.546152
v -4.135716 6.084280 -0.546152
v -7.157708 6.084280 -0.546152
v -7.175776 6.057240 -0.546152
v -7.170842 6.080658 -0.546152
v -7.177456 6.070760 -0.546152
v -7.163092 6.026617 -0.546152
v -7.122622 5.999577 -0.546152
v -7.153569 6.013097 -0.546152
v -7.138757 6.003199 -0.546152
v -4.135716 5.999577 -0.494988
v -4.132965 5.996825 -0.491211
v -4.134911 5.998771 -0.492317
v -4.133032 6.086966 -0.491211
v -4.135716 6.084280 -0.494988
v -4.134931 6.085068 -0.492317
v -7.180390 6.061805 -0.491211
v -7.175776 6.057240 -0.494988
v -7.177128 6.058577 -0.492317
v -7.157708 6.084280 -0.494988
v -7.163727 6.086812 -0.491211
v -7.159471 6.085022 -0.492317
v -7.177456 6.070760 -0.494988
v -7.181833 6.074215 -0.491211
v -7.178738 6.071772 -0.492317
v -7.170842 6.080658 -0.494988
v -7.175714 6.083384 -0.491211
v -7.172270 6.081456 -0.492317
v -7.126860 5.996841 -0.491211
v -7.122622 5.999577 -0.494988
v -7.123864 5.998775 -0.492317
v -7.163092 6.026617 -0.494988
v -7.163964 6.021834 -0.491211
v -7.163346 6.025217 -0.492317
v -7.138757 6.003199 -0.494988
v -7.141625 6.000208 -0.491211
v -7.139597 6.002322 -0.492317
v -7.153569 6.013097 -0.494988
v -7.155218 6.009339 -0.491211
v -7.154053 6.011995 -0.492317
v -8.275434 1.758176 -1.652969
v -8.246626 1.735640 -1.689544
v -8.266996 1.751575 -1.678831
v -8.246626 1.735640 -0.794172
v -8.275434 1.758176 -0.830747
v -8.266996 1.751575 -0.804885
v -7.709145 1.315198 -0.830747
v -7.737953 1.337733 -0.794172
v -7.717582 1.321798 -0.804885
v -7.737953 1.337733 -1.689544
v -7.709145 1.315198 -1.652969
v -7.717582 1.321798 -1.678831
v -7.775396 1.289866 -0.794172
v -7.746588 1.267331 -0.830747
v -7.755026 1.273932 -0.804885
v -8.312878 1.710309 -0.830747
v -8.284069 1.687774 -0.794172
v -8.304440 1.703708 -0.804885
v -8.284069 1.687774 -1.689544
v -8.312878 1.710309 -1.652969
v -8.304440 1.703709 -1.678831
v -7.746588 1.267331 -1.652969
v -7.775396 1.289866 -1.689544
v -7.755026 1.273932 -1.678831
v -7.119472 5.657085 -0.732588
v -7.119472 5.657085 -1.751128
v -8.254097 4.522461 -1.751128
v -8.254097 4.522461 -0.732588
v -7.219465 5.557093 -0.874000
v -7.219465 5.557093 -1.609716
v -8.154103 4.622455 -1.609716
v -8.154103 4.622455 -0.874000
v -7.312914 5.544901 -1.036318
v -7.374870 5.482945 -0.948699
v -7.321214 5.536601 -0.992508
v -7.343892 5.513923 -0.960438
v -7.374870 5.482945 -1.535017
v -7.312914 5.544901 -1.447398
v -7.343891 5.513923 -1.523278
v -7.321214 5.536601 -1.491207
v -8.141912 4.715903 -1.447398
v -8.079956 4.777859 -1.535017
v -8.133612 4.724203 -1.491207
v -8.110934 4.746881 -1.523278
v -8.079956 4.777859 -0.948699
v -8.141912 4.715903 -1.036318
v -8.110934 4.746881 -0.960438
v -8.133612 4.724203 -0.992508
v -8.047409 4.729148 -1.540277
v -8.045139 4.743043 -1.535017
v -8.043397 4.736566 -1.536558
v -8.107096 4.681087 -1.447398
v -8.105003 4.671555 -1.458828
v -8.104075 4.675887 -1.450746
v -8.076118 4.712065 -1.523278
v -8.076144 4.700413 -1.529301
v -8.073718 4.706244 -1.525042
v -8.098796 4.689387 -1.491207
v -8.097241 4.679317 -1.499465
v -8.095932 4.684030 -1.493626
v -8.105003 4.671555 -1.024888
v -8.107096 4.681087 -1.036318
v -8.104075 4.675887 -1.032970
v -8.045139 4.743043 -0.948699
v -8.047409 4.729148 -0.943439
v -8.043397 4.736566 -0.947158
v -8.098796 4.689387 -0.992508
v -8.097241 4.679317 -0.984251
v -8.095932 4.684030 -0.990090
v -8.076118 4.712065 -0.960438
v -8.076144 4.700413 -0.954415
v -8.073718 4.706244 -0.958674
v -7.268565 5.507992 -1.458828
v -7.278097 5.510085 -1.447398
v -7.272898 5.507065 -1.450747
v -7.340053 5.448130 -1.535017
v -7.326158 5.450398 -1.540277
v -7.333575 5.446386 -1.536558
v -7.286398 5.501784 -1.491207
v -7.276326 5.500231 -1.499465
v -7.281040 5.498921 -1.493626
v -7.309075 5.479107 -1.523278
v -7.297423 5.479134 -1.529301
v -7.303255 5.476707 -1.525042
v -7.326158 5.450398 -0.943439
v -7.340053 5.448130 -0.948699
v -7.333575 5.446386 -0.947158
v -7.278097 5.510085 -1.036318
v -7.268565 5.507992 -1.024888
v -7.272898 5.507065 -1.032969
v -7.309075 5.479107 -0.960438
v -7.297423 5.479134 -0.954415
v -7.303254 5.476707 -0.958674
v -7.286398 5.501784 -0.992508
v -7.276326 5.500231 -0.984251
v -7.281040 5.498921 -0.990090
v -3.057446 6.982055 -1.660582
v -3.057446 6.900367 -1.652537
v -3.057446 6.821815 -1.628709
v -3.057446 6.749424 -1.590015
v -3.057446 6.685973 -1.537941
v -3.057446 6.633899 -1.474488
v -3.057446 6.595204 -1.402097
v -3.057446 6.571376 -1.323547
v -3.057446 6.563331 -1.241858
v -3.057446 6.571376 -1.160169
v -3.057446 6.595204 -1.081619
v -3.057446 6.633899 -1.009228
v -3.057446 6.685973 -0.945775
v -3.057446 6.749425 -0.893701
v -3.057446 6.821815 -0.855007
v -3.057446 6.900367 -0.831179
v -3.057446 6.982055 -0.823134
v -3.057446 7.063745 -0.831180
v -3.057446 7.142294 -0.855007
v -3.057446 7.214686 -0.893702
v -3.057446 7.278138 -0.945775
v -3.057446 7.330212 -1.009228
v -3.057446 7.368906 -1.081620
v -3.057446 7.392734 -1.160170
v -3.057446 7.400781 -1.241859
v -3.057446 7.392734 -1.323547
v -3.057446 7.368906 -1.402097
v -3.057446 7.330211 -1.474489
v -3.057446 7.278137 -1.537941
v -3.057446 7.214685 -1.590015
v -3.057446 7.142294 -1.628709
v -3.057446 7.063744 -1.652537
v -3.057446 6.894238 -1.683340
v -3.057446 6.982055 -1.691989
v -3.057446 6.809797 -1.657725
v -3.057446 6.731976 -1.616129
v -3.057446 6.663765 -1.560149
v -3.057446 6.607784 -1.491937
v -3.057446 6.566188 -1.414116
v -3.057446 6.540573 -1.329674
v -3.057446 6.531923 -1.241858
v -3.057446 6.540573 -1.154042
v -3.057446 6.566188 -1.069600
v -3.057446 6.607784 -0.991779
v -3.057446 6.663765 -0.923567
v -3.057446 6.731976 -0.867588
v -3.057446 6.809797 -0.825991
v -3.057446 6.894238 -0.800376
v -3.057446 6.982055 -0.791727
v -3.057446 7.069872 -0.800376
v -3.057446 7.154313 -0.825991
v -3.057446 7.232135 -0.867588
v -3.057446 7.300346 -0.923567
v -3.057446 7.356325 -0.991779
v -3.057446 7.397923 -1.069601
v -3.057446 7.423537 -1.154043
v -3.057446 7.432187 -1.241859
v -3.057446 7.423537 -1.329675
v -3.057446 7.397923 -1.414116
v -3.057446 7.356325 -1.491938
v -3.057446 7.300344 -1.560150
v -3.057446 7.232134 -1.616129
v -3.057446 7.154312 -1.657725
v -3.057446 7.069871 -1.683340
v -2.746992 6.919927 -1.554204
v -2.846768 6.900367 -1.652537
v -2.751875 6.913882 -1.584590
v -2.766047 6.908429 -1.612002
v -2.788121 6.904101 -1.633757
v -2.815936 6.901324 -1.647724
v -2.846768 6.982055 -1.660582
v -2.746992 6.982055 -1.560323
v -2.815936 6.982055 -1.655675
v -2.788121 6.982055 -1.641435
v -2.766047 6.982055 -1.619254
v -2.751875 6.982055 -1.591305
v -2.746992 6.860183 -1.536081
v -2.846768 6.821815 -1.628709
v -2.751875 6.848327 -1.564705
v -2.766047 6.837631 -1.590526
v -2.788121 6.829144 -1.611019
v -2.815936 6.823694 -1.624175
v -2.746992 6.805126 -1.506653
v -2.846768 6.749424 -1.590015
v -2.751875 6.787913 -1.532413
v -2.766047 6.772386 -1.555652
v -2.788121 6.760062 -1.574094
v -2.815936 6.752151 -1.585935
v -2.746992 6.756866 -1.467047
v -2.846768 6.685973 -1.537941
v -2.751875 6.734960 -1.488954
v -2.766047 6.715197 -1.508717
v -2.788121 6.699513 -1.524401
v -2.815936 6.689443 -1.534471
v -2.746992 6.717261 -1.418788
v -2.846768 6.633899 -1.474488
v -2.751875 6.691501 -1.436000
v -2.766047 6.668262 -1.451527
v -2.788121 6.649819 -1.463850
v -2.815936 6.637979 -1.471762
v -2.746992 6.687832 -1.363729
v -2.846768 6.595204 -1.402097
v -2.751875 6.659207 -1.375586
v -2.766047 6.633387 -1.386281
v -2.788121 6.612894 -1.394769
v -2.815936 6.599737 -1.400219
v -2.746991 6.669708 -1.303986
v -2.846768 6.571376 -1.323547
v -2.751874 6.639322 -1.310031
v -2.766047 6.611911 -1.315484
v -2.788121 6.590157 -1.319811
v -2.815936 6.576190 -1.322590
v -2.746994 6.663590 -1.241858
v -2.846768 6.563331 -1.241858
v -2.751876 6.632608 -1.241858
v -2.766048 6.604659 -1.241858
v -2.788121 6.582479 -1.241858
v -2.815936 6.568237 -1.241858
v -2.746991 6.669708 -1.179730
v -2.846768 6.571376 -1.160169
v -2.751874 6.639322 -1.173685
v -2.766047 6.611911 -1.168232
v -2.788121 6.590157 -1.163905
v -2.815936 6.576190 -1.161126
v -2.746992 6.687832 -1.119987
v -2.846768 6.595204 -1.081619
v -2.751875 6.659207 -1.108131
v -2.766047 6.633387 -1.097435
v -2.788121 6.612894 -1.088947
v -2.815936 6.599737 -1.083497
v -2.746992 6.717261 -1.064929
v -2.846768 6.633899 -1.009228
v -2.751875 6.691501 -1.047716
v -2.766047 6.668262 -1.032189
v -2.788121 6.649819 -1.019866
v -2.815936 6.637979 -1.011954
v -2.746992 6.756866 -1.016669
v -2.846768 6.685973 -0.945775
v -2.751875 6.734960 -0.994761
v -2.766047 6.715197 -0.974998
v -2.788121 6.699512 -0.959315
v -2.815936 6.689443 -0.949245
v -2.746991 6.805125 -0.977064
v -2.846768 6.749425 -0.893702
v -2.751874 6.787913 -0.951304
v -2.766047 6.772386 -0.928065
v -2.788121 6.760062 -0.909622
v -2.815936 6.752151 -0.897782
v -2.746994 6.860184 -0.947635
v -2.846768 6.821815 -0.855007
v -2.751876 6.848328 -0.919011
v -2.766048 6.837632 -0.893190
v -2.788121 6.829144 -0.872698
v -2.815936 6.823694 -0.859541
v -2.746991 6.919927 -0.929512
v -2.846768 6.900367 -0.831180
v -2.751874 6.913882 -0.899126
v -2.766047 6.908429 -0.871714
v -2.788121 6.904101 -0.849959
v -2.815936 6.901324 -0.835992
v -2.746992 6.982055 -0.923393
v -2.846768 6.982055 -0.823134
v -2.751875 6.982055 -0.892411
v -2.766047 6.982055 -0.864462
v -2.788121 6.982055 -0.842282
v -2.815936 6.982055 -0.828041
v -2.746992 7.044186 -0.929512
v -2.846768 7.063745 -0.831180
v -2.751875 7.050230 -0.899126
v -2.766047 7.055682 -0.871714
v -2.788121 7.060009 -0.849959
v -2.815936 7.062787 -0.835992
v -2.746992 7.103927 -0.947635
v -2.846768 7.142294 -0.855008
v -2.751875 7.115783 -0.919012
v -2.766047 7.126479 -0.893190
v -2.788121 7.134967 -0.872698
v -2.815936 7.140416 -0.859541
v -2.746992 7.158984 -0.977064
v -2.846768 7.214686 -0.893702
v -2.751875 7.176197 -0.951303
v -2.766047 7.191726 -0.928065
v -2.788121 7.204048 -0.909622
v -2.815936 7.211960 -0.897782
v -2.746992 7.207245 -1.016670
v -2.846768 7.278138 -0.945775
v -2.751875 7.229153 -0.994762
v -2.766047 7.248915 -0.974999
v -2.788121 7.264599 -0.959315
v -2.815936 7.274669 -0.949245
v -2.746992 7.246849 -1.064928
v -2.846768 7.330212 -1.009228
v -2.751875 7.272609 -1.047716
v -2.766047 7.295848 -1.032188
v -2.788121 7.314291 -1.019866
v -2.815936 7.326131 -1.011954
v -2.746992 7.276278 -1.119987
v -2.846768 7.368906 -1.081620
v -2.751875 7.304903 -1.108131
v -2.766047 7.330724 -1.097435
v -2.788121 7.351216 -1.088947
v -2.815936 7.364373 -1.083497
v -2.746993 7.294401 -1.179731
v -2.846768 7.392734 -1.160170
v -2.751876 7.324788 -1.173686
v -2.766047 7.352200 -1.168233
v -2.788121 7.373954 -1.163906
v -2.815936 7.387920 -1.161127
v -2.746990 7.300521 -1.241859
v -2.846768 7.400781 -1.241859
v -2.751874 7.331503 -1.241859
v -2.766047 7.359451 -1.241859
v -2.788121 7.381632 -1.241859
v -2.815936 7.395873 -1.241859
v -2.746993 7.294401 -1.303986
v -2.846768 7.392734 -1.323547
v -2.751876 7.324788 -1.310031
v -2.766047 7.352200 -1.315484
v -2.788121 7.373954 -1.319811
v -2.815936 7.387920 -1.322590
v -2.746992 7.276278 -1.363730
v -2.846768 7.368906 -1.402097
v -2.751875 7.304901 -1.375586
v -2.766047 7.330724 -1.386282
v -2.788121 7.351215 -1.394770
v -2.815936 7.364372 -1.400219
v -2.746992 7.246850 -1.418787
v -2.846768 7.330211 -1.474489
v -2.751875 7.272609 -1.436000
v -2.766047 7.295848 -1.451527
v -2.788121 7.314290 -1.463850
v -2.815936 7.326131 -1.471762
v -2.746992 7.207242 -1.467048
v -2.846768 7.278137 -1.537941
v -2.751875 7.229150 -1.488955
v -2.766047 7.248913 -1.508718
v -2.788121 7.264597 -1.524402
v -2.815936 7.274667 -1.534471
v -2.746993 7.158985 -1.506652
v -2.846768 7.214685 -1.590015
v -2.751876 7.176198 -1.532413
v -2.766047 7.191726 -1.555652
v -2.788121 7.204047 -1.574094
v -2.815936 7.211959 -1.585935
v -2.746990 7.103927 -1.536081
v -2.846768 7.142294 -1.628709
v -2.751874 7.115783 -1.564705
v -2.766047 7.126478 -1.590526
v -2.788121 7.134966 -1.611019
v -2.815936 7.140415 -1.624175
v -2.746993 7.044183 -1.554204
v -2.846768 7.063744 -1.652537
v -2.751876 7.050227 -1.584591
v -2.766047 7.055680 -1.612002
v -2.788121 7.060008 -1.633757
v -2.815936 7.062786 -1.647724
v -3.057446 6.863544 -1.837651
v -3.076431 6.859823 -1.856361
v -3.063006 6.860913 -1.850881
v -3.076431 6.982055 -1.868400
v -3.057446 6.982055 -1.849323
v -3.063006 6.982055 -1.862812
v -3.057446 6.749589 -1.803082
v -3.076431 6.742288 -1.820707
v -3.063006 6.744426 -1.815545
v -3.057446 6.644566 -1.746947
v -3.076431 6.633966 -1.762809
v -3.063006 6.637072 -1.758163
v -3.057446 6.552512 -1.671401
v -3.076431 6.539023 -1.684890
v -3.063006 6.542974 -1.680939
v -3.057446 6.476967 -1.579347
v -3.076431 6.461105 -1.589946
v -3.063006 6.465751 -1.586842
v -3.057446 6.420831 -1.474325
v -3.076431 6.403206 -1.481625
v -3.063006 6.408367 -1.479487
v -3.057446 6.386263 -1.360369
v -3.076431 6.367552 -1.364090
v -3.063006 6.373033 -1.363000
v -3.057446 6.374590 -1.241858
v -3.076431 6.355513 -1.241858
v -3.063006 6.361100 -1.241858
v -3.057446 6.386263 -1.123348
v -3.076431 6.367552 -1.119626
v -3.063006 6.373033 -1.120716
v -3.057446 6.420831 -1.009391
v -3.076431 6.403206 -1.002091
v -3.063006 6.408367 -1.004229
v -3.057446 6.476967 -0.904369
v -3.076431 6.461105 -0.893770
v -3.063006 6.465751 -0.896874
v -3.057446 6.552512 -0.812316
v -3.076431 6.539023 -0.798826
v -3.063006 6.542974 -0.802777
v -3.057446 6.644566 -0.736769
v -3.076431 6.633966 -0.720907
v -3.063006 6.637072 -0.725553
v -3.057446 6.749589 -0.680634
v -3.076431 6.742288 -0.663009
v -3.063006 6.744426 -0.668171
v -3.057446 6.863544 -0.646065
v -3.076431 6.859823 -0.627355
v -3.063006 6.860913 -0.632835
v -3.057446 6.982055 -0.634393
v -3.076431 6.982055 -0.615316
v -3.063006 6.982055 -0.620904
v -3.057446 7.100566 -0.646065
v -3.076431 7.104288 -0.627355
v -3.063006 7.103198 -0.632835
v -3.057446 7.214522 -0.680634
v -3.076431 7.221823 -0.663009
v -3.063006 7.219685 -0.668171
v -3.057446 7.319545 -0.736770
v -3.076431 7.330144 -0.720908
v -3.063006 7.327040 -0.725554
v -3.057446 7.411598 -0.812316
v -3.076431 7.425088 -0.798826
v -3.063006 7.421137 -0.802777
v -3.057446 7.487144 -0.904369
v -3.076431 7.503006 -0.893770
v -3.063006 7.498360 -0.896874
v -3.057446 7.543280 -1.009392
v -3.076431 7.560905 -1.002091
v -3.063006 7.555743 -1.004230
v -3.057446 7.577847 -1.123348
v -3.076431 7.596558 -1.119626
v -3.063006 7.591078 -1.120716
v -3.057446 7.589521 -1.241859
v -3.076431 7.608598 -1.241859
v -3.063006 7.603010 -1.241859
v -3.057446 7.577847 -1.360369
v -3.076431 7.596558 -1.364091
v -3.063006 7.591078 -1.363001
v -3.057446 7.543280 -1.474325
v -3.076431 7.560905 -1.481626
v -3.063006 7.555743 -1.479488
v -3.057446 7.487143 -1.579348
v -3.076431 7.503005 -1.589947
v -3.063006 7.498359 -1.586842
v -3.057446 7.411597 -1.671401
v -3.076431 7.425086 -1.684891
v -3.063006 7.421136 -1.680940
v -3.057446 7.319544 -1.746947
v -3.076431 7.330143 -1.762809
v -3.063006 7.327038 -1.758163
v -3.057446 7.214520 -1.803083
v -3.076431 7.221822 -1.820708
v -3.063006 7.219684 -1.815545
v -3.057446 7.100564 -1.837651
v -3.076431 7.104286 -1.856361
v -3.063006 7.103196 -1.850881
v -5.147550 6.982055 -1.660582
v -5.147550 6.900367 -1.652537
v -5.147550 6.821815 -1.628709
v -5.147550 6.749424 -1.590015
v -5.147550 6.685973 -1.537941
v -5.147550 6.633899 -1.474488
v -5.147550 6.595204 -1.402097
v -5.147550 6.571376 -1.323547
v -5.147550 6.563331 -1.241858
v -5.147550 6.571376 -1.160169
v -5.147550 6.595204 -1.081619
v -5.147550 6.633899 -1.009228
v -5.147550 6.685973 -0.945775
v -5.147550 6.749425 -0.893701
v -5.147550 6.821815 -0.855007
v -5.147550 6.900367 -0.831179
v -5.147550 6.982055 -0.823134
v -5.147550 7.063745 -0.831180
v -5.147550 7.142294 -0.855007
v -5.147550 7.214686 -0.893702
v -5.147550 7.278138 -0.945775
v -5.147550 7.330212 -1.009228
v -5.147550 7.368906 -1.081620
v -5.147550 7.392734 -1.160170
v -5.147550 7.400781 -1.241859
v -5.147550 7.392734 -1.323547
v -5.147550 7.368906 -1.402097
v -5.147550 7.330211 -1.474489
v -5.147550 7.278137 -1.537941
v -5.147550 7.214685 -1.590015
v -5.147550 7.142294 -1.628709
v -5.147550 7.063744 -1.652537
v -4.102498 6.982055 -1.868400
v -4.102498 6.859823 -1.856361
v -4.102498 6.742288 -1.820707
v -4.102498 6.633966 -1.762809
v -4.102498 6.539023 -1.684890
v -4.102498 6.461105 -1.589946
v -4.102498 6.403206 -1.481625
v -4.102498 6.367552 -1.364090
v -4.102498 6.355513 -1.241858
v -4.102498 6.367552 -1.119626
v -4.102498 6.403206 -1.002091
v -4.102498 6.461105 -0.893770
v -4.102498 6.539023 -0.798826
v -4.102498 6.633966 -0.720907
v -4.102498 6.742288 -0.663009
v -4.102498 6.859823 -0.627355
v -4.102498 6.982055 -0.615316
v -4.102498 7.104288 -0.627355
v -4.102498 7.221823 -0.663009
v -4.102498 7.330144 -0.720908
v -4.102498 7.425088 -0.798826
v -4.102498 7.503006 -0.893770
v -4.102498 7.560905 -1.002091
v -4.102498 7.596558 -1.119626
v -4.102498 7.608598 -1.241858
v -4.102498 7.596558 -1.364091
v -4.102498 7.560905 -1.481626
v -4.102498 7.503005 -1.589947
v -4.102498 7.425086 -1.684891
v -4.102498 7.330143 -1.762809
v -4.102498 7.221822 -1.820707
v -4.102498 7.104286 -1.856361
v -5.147550 6.894238 -1.683340
v -5.147550 6.982055 -1.691989
v -5.147550 6.809797 -1.657725
v -5.147550 6.731976 -1.616129
v -5.147550 6.663765 -1.560149
v -5.147550 6.607784 -1.491937
v -5.147550 6.566188 -1.414116
v -5.147550 6.540573 -1.329674
v -5.147550 6.531923 -1.241858
v -5.147550 6.540573 -1.154042
v -5.147550 6.566188 -1.069600
v -5.147550 6.607784 -0.991779
v -5.147550 6.663765 -0.923567
v -5.147550 6.731976 -0.867588
v -5.147550 6.809797 -0.825991
v -5.147550 6.894238 -0.800376
v -5.147550 6.982055 -0.791727
v -5.147550 7.069872 -0.800376
v -5.147550 7.154313 -0.825991
v -5.147550 7.232135 -0.867588
v -5.147550 7.300346 -0.923567
v -5.147550 7.356325 -0.991779
v -5.147550 7.397923 -1.069601
v -5.147550 7.423537 -1.154043
v -5.147550 7.432187 -1.241859
v -5.147550 7.423537 -1.329675
v -5.147550 7.397923 -1.414116
v -5.147550 7.356325 -1.491938
v -5.147550 7.300344 -1.560150
v -5.147550 7.232134 -1.616129
v -5.147550 7.154312 -1.657725
v -5.147550 7.069871 -1.683340
v -5.458004 6.919927 -1.554204
v -5.358228 6.900367 -1.652537
v -5.453121 6.913882 -1.584590
v -5.438949 6.908429 -1.612002
v -5.416875 6.904101 -1.633757
v -5.389060 6.901324 -1.647724
v -5.358228 6.982055 -1.660582
v -5.458004 6.982055 -1.560323
v -5.389060 6.982055 -1.655675
v -5.416875 6.982055 -1.641435
v -5.438949 6.982055 -1.619254
v -5.453121 6.982055 -1.591305
v -5.458004 6.860183 -1.536081
v -5.358228 6.821815 -1.628709
v -5.453121 6.848327 -1.564705
v -5.438949 6.837631 -1.590526
v -5.416875 6.829144 -1.611019
v -5.389060 6.823694 -1.624175
v -5.458004 6.805126 -1.506653
v -5.358228 6.749424 -1.590015
v -5.453121 6.787913 -1.532413
v -5.438949 6.772386 -1.555652
v -5.416875 6.760062 -1.574094
v -5.389060 6.752151 -1.585935
v -5.458004 6.756866 -1.467047
v -5.358228 6.685973 -1.537941
v -5.453121 6.734960 -1.488954
v -5.438949 6.715197 -1.508717
v -5.416875 6.699513 -1.524401
v -5.389060 6.689443 -1.534471
v -5.458004 6.717261 -1.418788
v -5.358228 6.633899 -1.474488
v -5.453121 6.691501 -1.436000
v -5.438949 6.668262 -1.451527
v -5.416875 6.649819 -1.463850
v -5.389060 6.637979 -1.471762
v -5.458004 6.687832 -1.363729
v -5.358228 6.595204 -1.402097
v -5.453121 6.659207 -1.375586
v -5.438949 6.633387 -1.386281
v -5.416875 6.612894 -1.394769
v -5.389060 6.599737 -1.400219
v -5.458005 6.669708 -1.303986
v -5.358228 6.571376 -1.323547
v -5.453121 6.639322 -1.310031
v -5.438949 6.611911 -1.315484
v -5.416875 6.590157 -1.319811
v -5.389060 6.576190 -1.322590
v -5.458003 6.663590 -1.241858
v -5.358228 6.563331 -1.241858
v -5.453120 6.632608 -1.241858
v -5.438948 6.604659 -1.241858
v -5.416875 6.582479 -1.241858
v -5.389060 6.568237 -1.241858
v -5.458005 6.669708 -1.179730
v -5.358228 6.571376 -1.160169
v -5.453121 6.639322 -1.173685
v -5.438949 6.611911 -1.168232
v -5.416875 6.590157 -1.163905
v -5.389060 6.576190 -1.161126
v -5.458004 6.687832 -1.119987
v -5.358228 6.595204 -1.081619
v -5.453121 6.659207 -1.108131
v -5.438949 6.633387 -1.097435
v -5.416875 6.612894 -1.088947
v -5.389060 6.599737 -1.083497
v -5.458004 6.717261 -1.064929
v -5.358228 6.633899 -1.009228
v -5.453121 6.691501 -1.047716
v -5.438949 6.668262 -1.032189
v -5.416875 6.649819 -1.019866
v -5.389060 6.637979 -1.011954
v -5.458004 6.756866 -1.016669
v -5.358228 6.685973 -0.945775
v -5.453121 6.734960 -0.994761
v -5.438949 6.715197 -0.974998
v -5.416875 6.699512 -0.959315
v -5.389060 6.689443 -0.949245
v -5.458005 6.805125 -0.977064
v -5.358228 6.749425 -0.893702
v -5.453121 6.787913 -0.951304
v -5.438949 6.772386 -0.928065
v -5.416875 6.760062 -0.909622
v -5.389060 6.752151 -0.897782
v -5.458003 6.860184 -0.947635
v -5.358228 6.821815 -0.855007
v -5.453120 6.848328 -0.919011
v -5.438948 6.837632 -0.893190
v -5.416875 6.829144 -0.872698
v -5.389060 6.823694 -0.859541
v -5.458005 6.919927 -0.929512
v -5.358228 6.900367 -0.831180
v -5.453121 6.913882 -0.899126
v -5.438949 6.908429 -0.871714
v -5.416875 6.904101 -0.849959
v -5.389060 6.901324 -0.835992
v -5.458004 6.982055 -0.923393
v -5.358228 6.982055 -0.823134
v -5.453121 6.982055 -0.892411
v -5.438949 6.982055 -0.864462
v -5.416875 6.982055 -0.842282
v -5.389060 6.982055 -0.828041
v -5.458004 7.044186 -0.929512
v -5.358228 7.063745 -0.831180
v -5.453121 7.050230 -0.899126
v -5.438949 7.055682 -0.871714
v -5.416875 7.060009 -0.849959
v -5.389060 7.062787 -0.835992
v -5.458004 7.103927 -0.947635
v -5.358228 7.142294 -0.855008
v -5.453121 7.115783 -0.919012
v -5.438949 7.126479 -0.893190
v -5.416875 7.134967 -0.872698
v -5.389060 7.140416 -0.859541
v -5.458004 7.158984 -0.977064
v -5.358228 7.214686 -0.893702
v -5.453121 7.176197 -0.951303
v -5.438949 7.191726 -0.928065
v -5.416875 7.204048 -0.909622
v -5.389060 7.211960 -0.897782
v -5.458004 7.207245 -1.016670
v -5.358228 7.278138 -0.945775
v -5.453121 7.229153 -0.994762
v -5.438949 7.248915 -0.974999
v -5.416875 7.264599 -0.959315
v -5.389060 7.274669 -0.949245
v -5.458004 7.246849 -1.064928
v -5.358228 7.330212 -1.009228
v -5.453121 7.272609 -1.047716
v -5.438949 7.295848 -1.032188
v -5.416875 7.314291 -1.019866
v -5.389060 7.326131 -1.011954
v -5.458004 7.276278 -1.119987
v -5.358228 7.368906 -1.081620
v -5.453121 7.304903 -1.108131
v -5.438949 7.330724 -1.097435
v -5.416875 7.351216 -1.088947
v -5.389060 7.364373 -1.083497
v -5.458003 7.294401 -1.179731
v -5.358228 7.392734 -1.160170
v -5.453120 7.324788 -1.173686
v -5.438949 7.352200 -1.168233
v -5.416875 7.373954 -1.163906
v -5.389060 7.387920 -1.161127
v -5.458006 7.300521 -1.241859
v -5.358228 7.400781 -1.241859
v -5.453122 7.331503 -1.241859
v -5.438949 7.359451 -1.241859
v -5.416875 7.381632 -1.241859
v -5.389060 7.395873 -1.241859
v -5.458003 7.294401 -1.303986
v -5.358228 7.392734 -1.323547
v -5.453120 7.324788 -1.310031
v -5.438949 7.352200 -1.315484
v -5.416875 7.373954 -1.319811
v -5.389060 7.387920 -1.322590
v -5.458004 7.276278 -1.363730
v -5.358228 7.368906 -1.402097
v -5.453121 7.304901 -1.375586
v -5.438949 7.330724 -1.386282
v -5.416875 7.351215 -1.394770
v -5.389060 7.364372 -1.400219
v -5.458004 7.246850 -1.418787
v -5.358228 7.330211 -1.474489
v -5.453121 7.272609 -1.436000
v -5.438949 7.295848 -1.451527
v -5.416875 7.314290 -1.463850
v -5.389060 7.326131 -1.471762
v -5.458004 7.207242 -1.467048
v -5.358228 7.278137 -1.537941
v -5.453121 7.229150 -1.488955
v -5.438949 7.248913 -1.508718
v -5.416875 7.264597 -1.524402
v -5.389060 7.274667 -1.534471
v -5.458003 7.158985 -1.506652
v -5.358228 7.214685 -1.590015
v -5.453120 7.176198 -1.532413
v -5.438949 7.191726 -1.555652
v -5.416875 7.204047 -1.574094
v -5.389060 7.211959 -1.585935
v -5.458006 7.103927 -1.536081
v -5.358228 7.142294 -1.628709
v -5.453122 7.115783 -1.564705
v -5.438949 7.126478 -1.590526
v -5.416875 7.134966 -1.611019
v -5.389060 7.140415 -1.624175
v -5.458003 7.044183 -1.554204
v -5.358228 7.063744 -1.652537
v -5.453120 7.050227 -1.584591
v -5.438949 7.055680 -1.612002
v -5.416875 7.060008 -1.633757
v -5.389060 7.062786 -1.647724
v -5.147550 6.863544 -1.837651
v -5.128565 6.859823 -1.856361
v -5.141990 6.860913 -1.850881
v -5.128565 6.982055 -1.868400
v -5.147550 6.982055 -1.849323
v -5.141990 6.982055 -1.862812
v -5.147550 6.749589 -1.803082
v -5.128565 6.742288 -1.820707
v -5.141990 6.744426 -1.815545
v -5.147550 6.644566 -1.746947
v -5.128565 6.633966 -1.762809
v -5.141990 6.637072 -1.758163
v -5.147550 6.552512 -1.671401
v -5.128565 6.539023 -1.684890
v -5.141990 6.542974 -1.680939
v -5.147550 6.476967 -1.579347
v -5.128565 6.461105 -1.589946
v -5.141990 6.465751 -1.586842
v -5.147550 6.420831 -1.474325
v -5.128565 6.403206 -1.481625
v -5.141990 6.408367 -1.479487
v -5.147550 6.386263 -1.360369
v -5.128565 6.367552 -1.364090
v -5.141990 6.373033 -1.363000
v -5.147550 6.374590 -1.241858
v -5.128565 6.355513 -1.241858
v -5.141990 6.361100 -1.241858
v -5.147550 6.386263 -1.123348
v -5.128565 6.367552 -1.119626
v -5.141990 6.373033 -1.120716
v -5.147550 6.420831 -1.009391
v -5.128565 6.403206 -1.002091
v -5.141990 6.408367 -1.004229
v -5.147550 6.476967 -0.904369
v -5.128565 6.461105 -0.893770
v -5.141990 6.465751 -0.896874
v -5.147550 6.552512 -0.812316
v -5.128565 6.539023 -0.798826
v -5.141990 6.542974 -0.802777
v -5.147550 6.644566 -0.736769
v -5.128565 6.633966 -0.720907
v -5.141990 6.637072 -0.725553
v -5.147550 6.749589 -0.680634
v -5.128565 6.742288 -0.663009
v -5.141990 6.744426 -0.668171
v -5.147550 6.863544 -0.646065
v -5.128565 6.859823 -0.627355
v -5.141990 6.860913 -0.632835
v -5.147550 6.982055 -0.634393
v -5.128565 6.982055 -0.615316
v -5.141990 6.982055 -0.620904
v -5.147550 7.100566 -0.646065
v -5.128565 7.104288 -0.627355
v -5.141990 7.103198 -0.632835
v -5.147550 7.214522 -0.680634
v -5.128565 7.221823 -0.663009
v -5.141990 7.219685 -0.668171
v -5.147550 7.319545 -0.736770
v -5.128565 7.330144 -0.720908
v -5.141990 7.327040 -0.725554
v -5.147550 7.411598 -0.812316
v -5.128565 7.425088 -0.798826
v -5.141990 7.421137 -0.802777
v -5.147550 7.487144 -0.904369
v -5.128565 7.503006 -0.893770
v -5.141990 7.498360 -0.896874
v -5.147550 7.543280 -1.009392
v -5.128565 7.560905 -1.002091
v -5.141990 7.555743 -1.004230
v -5.147550 7.577847 -1.123348
v -5.128565 7.596558 -1.119626
v -5.141990 7.591078 -1.120716
v -5.147550 7.589521 -1.241859
v -5.128565 7.608598 -1.241859
v -5.141990 7.603010 -1.241859
v -5.147550 7.577847 -1.360369
v -5.128565 7.596558 -1.364091
v -5.141990 7.591078 -1.363001
v -5.147550 7.543280 -1.474325
v -5.128565 7.560905 -1.481626
v -5.141990 7.555743 -1.479488
v -5.147550 7.487143 -1.579348
v -5.128565 7.503005 -1.589947
v -5.141990 7.498359 -1.586842
v -5.147550 7.411597 -1.671401
v -5.128565 7.425086 -1.684891
v -5.141990 7.421136 -1.680940
v -5.147550 7.319544 -1.746947
v -5.128565 7.330143 -1.762809
v -5.141990 7.327038 -1.758163
v -5.147550 7.214520 -1.803083
v -5.128565 7.221822 -1.820708
v -5.141990 7.219684 -1.815545
v -5.147550 7.100564 -1.837651
v -5.128565 7.104286 -1.856361
v -5.141990 7.103196 -1.850881
v -3.382988 7.095510 -1.820616
v -3.383966 6.980931 -1.831958
v -3.381671 7.205653 -1.787128
v -3.380065 7.307123 -1.732795
v -3.378232 7.396024 -1.659720
v -3.376241 7.468946 -1.570721
v -3.374169 7.523101 -1.469226
v -3.372095 7.556416 -1.359133
v -3.370100 7.567624 -1.244670
v -3.368262 7.556297 -1.130226
v -3.366650 7.522877 -1.020192
v -3.365327 7.468641 -0.918790
v -3.364344 7.395675 -0.829910
v -3.363739 7.306776 -0.756966
v -3.363534 7.205358 -0.702761
v -3.363739 7.095314 -0.669376
v -3.364345 6.980873 -0.658093
v -3.365328 6.866430 -0.669345
v -3.366652 6.756377 -0.702698
v -3.368264 6.654939 -0.756871
v -3.370103 6.566008 -0.829786
v -3.372097 6.492995 -0.918649
v -3.374171 6.438704 -1.020054
v -3.376243 6.405230 -1.130115
v -3.378234 6.393861 -1.244610
v -3.380068 6.405052 -1.359144
v -3.381673 6.438382 -1.469314
v -3.382990 6.492586 -1.570876
v -3.383967 6.565585 -1.659916
v -3.384569 6.654575 -1.732995
v -3.384772 6.756128 -1.787290
v -3.384569 6.866332 -1.820707
v -3.210389 6.868797 -1.814340
v -3.209783 6.983237 -1.825623
v -3.210593 6.758754 -1.780955
v -3.210389 6.657335 -1.726750
v -3.209784 6.568436 -1.653806
v -3.208801 6.495469 -1.564927
v -3.207478 6.441234 -1.463524
v -3.205866 6.407813 -1.353490
v -3.204028 6.396487 -1.239047
v -3.202033 6.407695 -1.124584
v -3.199959 6.441010 -1.014491
v -3.197887 6.495164 -0.912995
v -3.195896 6.568086 -0.823997
v -3.194062 6.656985 -0.750921
v -3.192456 6.758456 -0.696588
v -3.191139 6.868600 -0.663100
v -3.190161 6.983178 -0.651758
v -3.189559 7.097779 -0.663009
v -3.189356 7.207981 -0.696426
v -3.189559 7.309536 -0.750722
v -3.190160 7.398526 -0.823800
v -3.191138 7.471524 -0.912840
v -3.192455 7.525727 -1.014403
v -3.194061 7.559058 -1.124572
v -3.195894 7.570250 -1.239107
v -3.197885 7.558880 -1.353602
v -3.199957 7.525405 -1.463663
v -3.202030 7.471115 -1.565068
v -3.204025 7.398102 -1.653930
v -3.205864 7.309170 -1.726846
v -3.207477 7.207732 -1.781019
v -3.208800 7.097679 -1.814371
v -3.379167 6.980773 -1.963850
v -3.365232 6.980959 -1.976877
v -3.365511 6.838081 -1.962803
v -3.379476 6.840524 -1.950037
v -3.365605 6.700693 -1.921126
v -3.379580 6.705663 -1.909128
v -3.365511 6.574075 -1.853448
v -3.379476 6.581374 -1.842694
v -3.365232 6.463092 -1.762370
v -3.379168 6.472436 -1.753290
v -3.364779 6.372011 -1.651392
v -3.378666 6.383035 -1.644352
v -3.364169 6.304331 -1.524778
v -3.377992 6.316605 -1.520067
v -3.363427 6.262652 -1.387395
v -3.377170 6.275701 -1.385214
v -3.362580 6.248576 -1.244523
v -3.376232 6.261891 -1.244974
v -3.361661 6.262648 -1.101650
v -3.375214 6.275708 -1.104738
v -3.360706 6.304319 -0.964269
v -3.374156 6.316617 -0.969894
v -3.359751 6.371996 -0.837658
v -3.373096 6.383048 -0.845623
v -3.358833 6.463073 -0.726684
v -3.372078 6.472445 -0.736700
v -3.357988 6.574052 -0.635610
v -3.371140 6.581376 -0.647310
v -3.357247 6.700667 -0.567937
v -3.370318 6.705654 -0.580888
v -3.356639 6.838054 -0.526265
v -3.369642 6.840504 -0.539987
v -3.356188 6.980931 -0.512196
v -3.369141 6.980742 -0.526178
v -3.355909 7.123811 -0.526270
v -3.368832 7.120982 -0.539993
v -3.355815 7.261199 -0.567948
v -3.368727 7.255834 -0.580900
v -3.355909 7.387816 -0.635626
v -3.368832 7.380113 -0.647328
v -3.356187 7.498799 -0.726704
v -3.369140 7.489046 -0.736724
v -3.356638 7.589880 -0.837682
v -3.369642 7.578444 -0.845653
v -3.357246 7.657560 -0.964295
v -3.370317 7.644876 -0.969927
v -3.357987 7.699239 -1.101678
v -3.371139 7.685785 -1.104772
v -3.358832 7.713315 -1.244551
v -3.372077 7.699604 -1.245006
v -3.359750 7.699244 -1.387424
v -3.373096 7.685797 -1.385240
v -3.360705 7.657571 -1.524805
v -3.374154 7.644898 -1.520087
v -3.361660 7.589895 -1.651416
v -3.375213 7.578475 -1.644363
v -3.362579 7.498817 -1.762390
v -3.376231 7.489083 -1.753295
v -3.363426 7.387838 -1.853464
v -3.377169 7.380154 -1.842694
v -3.364169 7.261223 -1.921137
v -3.377991 7.255875 -1.909126
v -3.364778 7.123836 -1.962808
v -3.378666 7.121019 -1.950036
v -3.218218 6.840301 -1.957446
v -3.205296 6.843129 -1.943723
v -3.204987 6.983369 -1.957538
v -3.217940 6.983179 -1.971520
v -3.218312 6.702912 -1.915769
v -3.205400 6.708278 -1.902816
v -3.218219 6.576294 -1.848091
v -3.205296 6.583998 -1.836388
v -3.217941 6.465312 -1.757012
v -3.204988 6.475065 -1.746992
v -3.217489 6.374231 -1.646034
v -3.204486 6.385666 -1.638064
v -3.216882 6.306550 -1.519421
v -3.203811 6.319235 -1.513790
v -3.216141 6.264872 -1.382038
v -3.202989 6.278325 -1.378945
v -3.215296 6.250796 -1.239166
v -3.202051 6.264506 -1.238711
v -3.214378 6.264866 -1.096293
v -3.201032 6.278314 -1.098477
v -3.213423 6.306540 -0.958912
v -3.199974 6.319212 -0.963630
v -3.212468 6.374215 -0.832301
v -3.198915 6.385634 -0.839353
v -3.211549 6.465292 -0.721327
v -3.197897 6.475027 -0.730422
v -3.210702 6.576271 -0.630253
v -3.196959 6.583955 -0.641022
v -3.209959 6.702887 -0.562580
v -3.196137 6.708235 -0.574590
v -3.209350 6.840273 -0.520908
v -3.195462 6.843090 -0.533680
v -3.208897 6.983151 -0.506839
v -3.194961 6.983337 -0.519866
v -3.208617 7.126029 -0.520913
v -3.194652 7.123588 -0.533679
v -3.208523 7.263418 -0.562590
v -3.194548 7.258449 -0.574588
v -3.208617 7.390037 -0.630268
v -3.194652 7.382736 -0.641022
v -3.208896 7.501019 -0.721347
v -3.194960 7.491675 -0.730427
v -3.209349 7.592099 -0.832325
v -3.195461 7.581075 -0.839365
v -3.209959 7.659781 -0.958938
v -3.196136 7.647506 -0.963649
v -3.210701 7.701458 -1.096321
v -3.196958 7.688410 -1.098503
v -3.211548 7.715534 -1.239194
v -3.197896 7.702220 -1.238742
v -3.212467 7.701464 -1.382067
v -3.198914 7.688402 -1.378979
v -3.213422 7.659790 -1.519448
v -3.199973 7.647493 -1.513823
v -3.214377 7.592113 -1.646059
v -3.201031 7.581062 -1.638094
v -3.215294 7.501037 -1.757033
v -3.202049 7.491664 -1.747017
v -3.216140 7.390058 -1.848107
v -3.202988 7.382732 -1.836407
v -3.216881 7.263442 -1.915780
v -3.203810 7.258455 -1.902828
v -3.217489 7.126056 -1.957451
v -3.204486 7.123606 -1.943729
v -4.822008 7.095510 -1.820616
v -4.821030 6.980931 -1.831958
v -4.823325 7.205653 -1.787128
v -4.824930 7.307123 -1.732795
v -4.826764 7.396024 -1.659720
v -4.828755 7.468946 -1.570721
v -4.830828 7.523101 -1.469226
v -4.832901 7.556416 -1.359133
v -4.834896 7.567624 -1.244670
v -4.836734 7.556297 -1.130226
v -4.838346 7.522877 -1.020192
v -4.839669 7.468641 -0.918790
v -4.840652 7.395675 -0.829910
v -4.841257 7.306776 -0.756966
v -4.841461 7.205358 -0.702761
v -4.841257 7.095314 -0.669376
v -4.840652 6.980873 -0.658093
v -4.839668 6.866430 -0.669345
v -4.838345 6.756377 -0.702698
v -4.836732 6.654939 -0.756871
v -4.834894 6.566008 -0.829786
v -4.832899 6.492995 -0.918649
v -4.830825 6.438704 -1.020054
v -4.828753 6.405230 -1.130115
v -4.826762 6.393861 -1.244610
v -4.824928 6.405052 -1.359144
v -4.823323 6.438382 -1.469314
v -4.822006 6.492586 -1.570876
v -4.821029 6.565585 -1.659916
v -4.820427 6.654575 -1.732995
v -4.820224 6.756128 -1.787290
v -4.820427 6.866332 -1.820707
v -4.994607 6.868797 -1.814340
v -4.995213 6.983237 -1.825623
v -4.994402 6.758754 -1.780955
v -4.994607 6.657335 -1.726750
v -4.995212 6.568436 -1.653806
v -4.996195 6.495469 -1.564927
v -4.997518 6.441234 -1.463524
v -4.999130 6.407813 -1.353490
v -5.000968 6.396487 -1.239047
v -5.002963 6.407695 -1.124584
v -5.005037 6.441010 -1.014491
v -5.007109 6.495164 -0.912995
v -5.009100 6.568086 -0.823997
v -5.010934 6.656985 -0.750921
v -5.012540 6.758456 -0.696588
v -5.013857 6.868600 -0.663100
v -5.014834 6.983178 -0.651758
v -5.015437 7.097779 -0.663009
v -5.015640 7.207981 -0.696426
v -5.015437 7.309536 -0.750722
v -5.014835 7.398526 -0.823800
v -5.013858 7.471524 -0.912840
v -5.012541 7.525727 -1.014403
v -5.010936 7.559058 -1.124572
v -5.009102 7.570250 -1.239107
v -5.007111 7.558880 -1.353602
v -5.005039 7.525405 -1.463663
v -5.002966 7.471115 -1.565068
v -5.000971 7.398102 -1.653930
v -4.999132 7.309170 -1.726846
v -4.997519 7.207732 -1.781019
v -4.996196 7.097679 -1.814371
v -4.825829 6.980773 -1.963850
v -4.839765 6.980959 -1.976877
v -4.839485 6.838081 -1.962803
v -4.825520 6.840524 -1.950037
v -4.839391 6.700693 -1.921126
v -4.825416 6.705663 -1.909128
v -4.839485 6.574075 -1.853448
v -4.825520 6.581374 -1.842694
v -4.839764 6.463092 -1.762370
v -4.825829 6.472436 -1.753290
v -4.840217 6.372011 -1.651392
v -4.826330 6.383035 -1.644352
v -4.840827 6.304331 -1.524778
v -4.827004 6.316605 -1.520067
v -4.841569 6.262652 -1.387395
v -4.827826 6.275701 -1.385214
v -4.842416 6.248576 -1.244523
v -4.828764 6.261891 -1.244974
v -4.843335 6.262648 -1.101650
v -4.829782 6.275708 -1.104738
v -4.844290 6.304319 -0.964269
v -4.830841 6.316617 -0.969894
v -4.845245 6.371996 -0.837658
v -4.831900 6.383048 -0.845623
v -4.846163 6.463073 -0.726684
v -4.832918 6.472445 -0.736700
v -4.847008 6.574052 -0.635610
v -4.833856 6.581376 -0.647310
v -4.847749 6.700667 -0.567937
v -4.834679 6.705654 -0.580888
v -4.848357 6.838054 -0.526265
v -4.835354 6.840504 -0.539987
v -4.848808 6.980931 -0.512196
v -4.835855 6.980742 -0.526178
v -4.849087 7.123811 -0.526270
v -4.836164 7.120982 -0.539993
v -4.849180 7.261199 -0.567948
v -4.836269 7.255834 -0.580900
v -4.849087 7.387816 -0.635626
v -4.836164 7.380113 -0.647328
v -4.848809 7.498799 -0.726704
v -4.835855 7.489046 -0.736724
v -4.848358 7.589880 -0.837682
v -4.835355 7.578444 -0.845653
v -4.847750 7.657560 -0.964295
v -4.834680 7.644876 -0.969927
v -4.847009 7.699239 -1.101678
v -4.833857 7.685785 -1.104772
v -4.846164 7.713315 -1.244551
v -4.832919 7.699604 -1.245006
v -4.845246 7.699244 -1.387424
v -4.831901 7.685797 -1.385240
v -4.844291 7.657571 -1.524805
v -4.830842 7.644898 -1.520087
v -4.843336 7.589895 -1.651416
v -4.829783 7.578475 -1.644363
v -4.842417 7.498817 -1.762390
v -4.828765 7.489083 -1.753295
v -4.841570 7.387838 -1.853464
v -4.827827 7.380154 -1.842694
v -4.840827 7.261223 -1.921137
v -4.827005 7.255875 -1.909126
v -4.840218 7.123836 -1.962808
v -4.826330 7.121019 -1.950036
v -4.986777 6.840301 -1.957446
v -4.999700 6.843129 -1.943723
v -5.000009 6.983369 -1.957538
v -4.987056 6.983179 -1.971520
v -4.986684 6.702912 -1.915769
v -4.999596 6.708278 -1.902816
v -4.986777 6.576294 -1.848091
v -4.999700 6.583998 -1.836388
v -4.987055 6.465312 -1.757012
v -5.000009 6.475065 -1.746992
v -4.987507 6.374231 -1.646034
v -5.000510 6.385666 -1.638064
v -4.988114 6.306550 -1.519421
v -5.001184 6.319235 -1.513790
v -4.988855 6.264872 -1.382038
v -5.002007 6.278325 -1.378945
v -4.989700 6.250796 -1.239166
v -5.002945 6.264506 -1.238711
v -4.990618 6.264866 -1.096293
v -5.003963 6.278314 -1.098477
v -4.991572 6.306540 -0.958912
v -5.005022 6.319212 -0.963630
v -4.992528 6.374215 -0.832301
v -5.006081 6.385634 -0.839353
v -4.993447 6.465292 -0.721327
v -5.007099 6.475027 -0.730422
v -4.994294 6.576271 -0.630253
v -5.008037 6.583955 -0.641022
v -4.995037 6.702887 -0.562580
v -5.008859 6.708235 -0.574590
v -4.995646 6.840273 -0.520908
v -5.009534 6.843090 -0.533680
v -4.996099 6.983151 -0.506839
v -5.010036 6.983337 -0.519866
v -4.996379 7.126029 -0.520913
v -5.010344 7.123588 -0.533679
v -4.996473 7.263418 -0.562590
v -5.010448 7.258449 -0.574588
v -4.996379 7.390037 -0.630268
v -5.010344 7.382736 -0.641022
v -4.996099 7.501019 -0.721347
v -5.010036 7.491675 -0.730427
v -4.995647 7.592099 -0.832325
v -5.009534 7.581075 -0.839365
v -4.995037 7.659781 -0.958938
v -5.008861 7.647506 -0.963649
v -4.994295 7.701458 -1.096321
v -5.008038 7.688410 -1.098503
v -4.993448 7.715534 -1.239194
v -5.007100 7.702220 -1.238742
v -4.992529 7.701464 -1.382067
v -5.006082 7.688402 -1.378979
v -4.991574 7.659790 -1.519448
v -5.005023 7.647493 -1.513823
v -4.990620 7.592113 -1.646059
v -5.003964 7.581062 -1.638094
v -4.989701 7.501037 -1.757033
v -5.002947 7.491664 -1.747017
v -4.988856 7.390058 -1.848107
v -5.002008 7.382732 -1.836407
v -4.988115 7.263442 -1.915780
v -5.001185 7.258455 -1.902828
v -4.987508 7.126056 -1.957451
v -5.000511 7.123606 -1.943729
v 0.920054 -1.061760 -0.188687
v 0.920054 -1.061760 -2.043270
v -0.786761 -1.061760 -0.188687
v -0.786761 -1.061760 -2.043270
v -0.930117 -1.061760 -1.888248
v -3.959143 -1.061760 -1.888248
v -3.959143 -1.061760 -0.343709
v -0.930117 -1.061760 -0.343709
v -1.099172 -1.061760 -1.802245
v -1.016119 -1.061760 -1.719193
v -0.957393 -1.061760 -1.860972
v -1.040444 -1.061760 -1.777920
v -3.873140 -1.061760 -1.719193
v -3.790088 -1.061760 -1.802245
v -3.931867 -1.061760 -1.860972
v -3.848815 -1.061760 -1.777920
v -3.790088 -1.061760 -0.429712
v -3.873140 -1.061760 -0.512764
v -3.931867 -1.061760 -0.370985
v -3.848815 -1.061760 -0.454037
v -1.016119 -1.061760 -0.512764
v -1.099172 -1.061760 -0.429712
v -0.957393 -1.061760 -0.370985
v -1.040444 -1.061760 -0.454037
v -1.016119 -1.347510 -1.719193
v -1.099172 -1.347510 -1.802245
v -1.040444 -1.347510 -1.777920
v -3.790088 -1.347510 -1.802245
v -3.873140 -1.347510 -1.719193
v -3.848815 -1.347510 -1.777920
v -3.873140 -1.347510 -0.512764
v -3.790088 -1.347510 -0.429712
v -3.848815 -1.347510 -0.454037
v -1.099172 -1.347510 -0.429712
v -1.016119 -1.347510 -0.512764
v -1.040444 -1.347510 -0.454037
v -9.125050 -1.061760 -0.188687
v -9.125050 -1.061760 -2.043270
v -4.102498 -1.061760 -0.188687
v -4.102498 -1.061760 -2.043270
v -7.418235 -1.061760 -0.188687
v -7.418235 -1.061760 -2.043270
v -7.274879 -1.061760 -1.888248
v -4.245853 -1.061760 -1.888248
v -4.245853 -1.061760 -0.343709
v -7.274879 -1.061760 -0.343709
v -7.105824 -1.061760 -1.802245
v -7.188877 -1.061760 -1.719193
v -7.247603 -1.061760 -1.860972
v -7.164552 -1.061760 -1.777920
v -4.331856 -1.061760 -1.719193
v -4.414908 -1.061760 -1.802245
v -4.273129 -1.061760 -1.860972
v -4.356181 -1.061760 -1.777920
v -4.414908 -1.061760 -0.429712
v -4.331856 -1.061760 -0.512764
v -4.273129 -1.061760 -0.370985
v -4.356181 -1.061760 -0.454037
v -7.188877 -1.061760 -0.512764
v -7.105824 -1.061760 -0.429712
v -7.247603 -1.061760 -0.370985
v -7.164552 -1.061760 -0.454037
v -7.188877 -1.347510 -1.719193
v -7.105824 -1.347510 -1.802245
v -7.164552 -1.347510 -1.777920
v -4.414908 -1.347510 -1.802245
v -4.331856 -1.347510 -1.719193
v -4.356181 -1.347510 -1.777920
v -4.331856 -1.347510 -0.512764
v -4.414908 -1.347510 -0.429712
v -4.356181 -1.347510 -0.454037
v -7.105824 -1.347510 -0.429712
v -7.188877 -1.347510 -0.512764
v -7.164552 -1.347510 -0.454037
vn -0.8660 0.5000 -0.0000
vn -0.9721 0.1280 0.1966
vn -0.8488 0.4900 0.1983
vn -0.1729 -0.0220 0.9847
vn 0.1908 -0.1198 0.9743
vn 0.2040 0.0269 0.9786
vn 0.1730 -0.0223 0.9847
vn -0.1858 -0.1207 0.9752
vn 0.1910 -0.1218 0.9740
vn 0.1348 0.9328 0.3343
vn 0.2665 0.9556 0.1256
vn 0.2667 0.9024 0.3383
vn -0.0000 -0.0000 -1.0000
vn -0.1313 0.9333 0.3342
vn -0.4844 0.8674 0.1138
vn -0.1296 0.9831 0.1291
vn 1.0000 0.0030 -0.0006
vn 0.9562 -0.1976 0.2161
vn 0.9914 -0.1311 0.0007
vn -0.4861 -0.8598 0.1564
vn -0.7075 -0.7067 -0.0079
vn -0.7056 -0.7085 -0.0083
vn -0.1289 -0.9917 -0.0018
vn 0.1227 -0.9766 0.1767
vn -0.1225 -0.9783 0.1668
vn -0.8551 -0.4938 0.1581
vn -0.9914 -0.1309 -0.0008
vn -0.9656 -0.2598 -0.0052
vn -0.1305 0.9914 -0.0000
vn -0.4901 0.8488 0.1985
vn -0.1280 0.9720 0.1971
vn -0.7071 0.7071 -0.0000
vn 0.1305 0.9914 -0.0000
vn 0.1280 0.9720 0.1971
vn 0.4999 -0.8661 0.0061
vn 0.4631 -0.8660 0.1887
vn 0.8648 -0.5021 0.0065
vn 0.8098 -0.5497 0.2053
vn 0.4901 0.8488 0.1985
vn 0.2588 0.9659 -0.0000
vn 0.7071 0.7071 -0.0000
vn 0.8488 0.4900 0.1984
vn 0.8660 0.5000 -0.0000
vn 0.9721 0.1280 0.1967
vn 0.9914 0.1305 -0.0000
vn 0.1770 -0.2249 0.9582
vn -0.1992 -0.2612 0.9445
vn 0.1330 0.9827 0.1291
vn 0.1301 -0.9881 0.0824
vn 0.4879 -0.8655 -0.1136
vn 0.1281 -0.9833 -0.1291
vn 0.9757 0.0540 0.2124
vn 1.0000 0.0028 0.0006
vn 0.9768 -0.0241 0.2128
vn -0.1301 -0.9881 0.0823
vn -0.1281 -0.9833 -0.1292
vn 0.4972 -0.8612 0.1054
vn 0.7041 -0.7041 -0.0923
vn 0.9735 -0.1278 0.1897
vn 0.9899 -0.1409 -0.0183
vn -0.8423 0.4629 0.2761
vn -0.9870 0.1595 0.0207
vn -0.8418 0.5352 0.0701
vn -0.8560 -0.4942 0.1515
vn -0.9898 -0.1409 -0.0187
vn -0.9736 -0.1277 0.1892
vn -0.9714 0.0930 0.2187
vn -1.0000 -0.0029 -0.0006
vn -0.4972 -0.8612 0.1052
vn -0.7041 -0.7041 -0.0926
vn -0.2581 -0.9661 -0.0036
vn -0.9768 -0.0292 0.2121
vn -0.9766 -0.0317 0.2128
vn -0.9914 0.1305 -0.0000
vn -1.0000 -0.0030 0.0006
vn 0.7284 0.6236 0.2838
vn 0.7315 0.6760 0.0890
vn 0.8763 0.3995 0.2694
vn 0.9933 0.1146 0.0153
vn -0.1704 -0.2185 0.9608
vn -0.1861 -0.1220 0.9749
vn 0.0807 -0.1388 0.9870
vn -0.0268 0.2035 0.9787
vn -0.1077 0.1864 0.9765
vn 0.9767 -0.0261 0.2130
vn -0.0000 -0.2465 0.9691
vn -0.0002 -0.0002 1.0000
vn 0.0002 -0.0004 1.0000
vn -0.0002 -0.1242 0.9923
vn 0.1371 -0.0781 0.9875
vn -0.2041 0.0268 0.9786
vn 0.0246 -0.0686 0.9973
vn 0.0238 -0.4182 0.9081
vn -0.0240 -0.0680 0.9974
vn -0.0807 -0.1072 0.9910
vn 0.0956 -0.4029 0.9103
vn -0.4923 0.8081 0.3235
vn 0.1678 -0.3388 0.9258
vn -0.1371 -0.1628 0.9771
vn 0.0829 -0.1128 0.9902
vn -0.0258 -0.4198 0.9072
vn -0.4880 -0.8654 -0.1138
vn 0.1940 -0.2674 0.9439
vn -0.1865 -0.3300 0.9254
vn -0.1067 -0.4050 0.9081
vn 0.8560 -0.4942 0.1519
vn 0.9654 -0.2587 -0.0338
vn -0.0807 -0.1388 0.9870
vn 0.0268 0.2035 0.9787
vn -0.0238 -0.1800 0.9834
vn 0.1394 -0.1746 0.9747
vn -0.1867 0.1077 0.9765
vn -0.1371 -0.0781 0.9875
vn 0.1076 0.1864 0.9766
vn 0.0238 -0.1800 0.9834
vn 0.1866 0.1077 0.9765
vn -0.0445 -0.5561 0.8299
vn -0.1202 -0.9326 0.3404
vn -0.3097 -0.3913 0.8666
vn -0.1724 -0.5125 0.8412
vn -0.4695 -0.8188 0.3303
vn -0.3686 -0.2689 0.8898
vn -0.8176 -0.4741 0.3267
vn -0.9747 -0.1493 0.1663
vn -0.0488 0.3707 0.9275
vn -0.1829 0.3167 0.9307
vn -0.4582 0.7936 0.4002
vn -0.3170 0.1830 0.9306
vn -0.7938 0.4582 0.3998
vn -0.3717 0.0489 0.9271
vn -0.9127 0.1201 0.3906
vn 0.0446 -0.5535 0.8317
vn 0.1618 -0.5090 0.8454
vn 0.4091 -0.8249 0.3902
vn 0.2839 -0.4040 0.8696
vn 0.7280 -0.5398 0.4225
vn 0.3475 -0.2844 0.8935
vn 0.8736 -0.2224 0.4328
vn 0.0488 0.3706 0.9275
vn 0.4582 0.7936 0.4002
vn 0.1201 0.9122 0.3917
vn 0.1828 0.3167 0.9308
vn 0.7938 0.4582 0.3999
vn 0.3715 0.0489 0.9271
vn 0.3169 0.1829 0.9306
vn -0.3734 -0.1180 0.9201
vn -0.9278 -0.1727 0.3307
vn 0.1044 -0.9282 0.3571
vn 0.3778 -0.1195 0.9181
vn 0.9126 0.1201 0.3908
vn 0.9214 -0.0423 0.3864
vn 0.1306 0.8435 0.5210
vn 0.1933 0.0827 0.9776
vn 0.0521 0.1444 0.9881
vn 0.6938 0.5422 0.4740
vn 0.3265 -0.0615 0.9432
vn 0.8349 0.3127 0.4530
vn 0.1262 -0.9495 0.2871
vn 0.4827 -0.8184 0.3117
vn 0.1867 -0.3274 0.9262
vn 0.8176 -0.4550 0.3529
vn 0.3196 -0.1883 0.9287
vn 0.9172 -0.1122 0.3823
vn 0.3698 -0.0506 0.9277
vn -0.1271 0.8441 0.5209
vn -0.4771 0.7153 0.5107
vn -0.1852 0.0901 0.9786
vn -0.8046 0.3756 0.4600
vn -0.3158 -0.0376 0.9481
vn -0.9159 0.0297 0.4003
vn -0.3699 -0.1742 0.9126
vn -0.1262 -0.9496 0.2871
vn -0.1868 -0.3274 0.9262
vn -0.0504 -0.3847 0.9217
vn -0.4827 -0.8185 0.3116
vn -0.3196 -0.1883 0.9286
vn -0.8177 -0.4551 0.3526
vn 0.9184 -0.0065 0.3955
vn 0.3790 -0.1160 0.9181
vn 0.3711 -0.1882 0.9093
vn -0.0508 0.1448 0.9882
vn -0.3699 -0.0502 0.9277
vn -0.3741 -0.1140 0.9204
vn -0.9174 -0.1119 0.3820
vn -0.9212 -0.0512 0.3858
vn 0.0504 -0.3847 0.9217
vn 0.0381 0.1755 -0.9837
vn 0.2176 -0.9703 -0.1057
vn 0.2932 -0.9068 0.3029
vn 0.2932 -0.9068 -0.3029
vn 0.5436 0.4274 -0.7223
vn 0.5000 0.5000 -0.7071
vn 0.9938 0.1115 -0.0000
vn 0.9818 0.1898 -0.0000
vn -0.7071 -0.0000 -0.7071
vn -0.0000 -0.0000 1.0000
vn -1.0000 -0.0000 -0.0000
vn -0.9938 -0.1109 -0.0000
vn -0.0000 -1.0000 -0.0000
vn 1.0000 -0.0000 -0.0000
vn 0.6161 -0.7876 -0.0000
vn -0.6916 -0.0663 -0.7192
vn -0.6864 -0.0860 -0.7221
vn -0.0000 -0.7071 0.7071
vn -0.0000 -0.7071 -0.7071
vn 0.5581 0.8288 -0.0398
vn 0.6155 0.7842 -0.0785
vn 0.6480 -0.0293 -0.7611
vn 0.6758 0.0760 -0.7331
vn 0.6762 0.1059 -0.7291
vn -0.0000 0.7071 0.7071
vn -0.0000 0.7071 -0.7071
vn -0.7071 -0.0000 0.7071
vn 0.6474 0.0316 -0.7615
vn 0.6933 -0.0172 -0.7205
vn 0.6729 -0.1435 -0.7256
vn 0.7071 -0.0000 -0.7071
vn 0.7071 -0.0000 0.7071
vn 0.4357 -0.5569 -0.7071
vn 0.4357 -0.5569 0.7071
vn -0.5000 -0.5000 -0.7071
vn -0.5361 -0.4419 -0.7192
vn 0.9818 -0.1898 -0.0000
vn 0.5436 0.4274 0.7223
vn 0.5000 0.5000 0.7071
vn 0.5360 0.4422 0.7191
vn 0.2932 0.9068 -0.3029
vn 0.2176 0.9703 0.1057
vn 0.2176 0.9703 -0.1057
vn 0.6474 0.0316 0.7615
vn 0.6933 -0.0172 0.7205
vn 0.7013 -0.0230 0.7125
vn 0.6480 -0.0293 0.7611
vn 0.6758 0.0760 0.7331
vn 0.6729 0.1435 0.7256
vn -0.7815 -0.6240 -0.0000
vn -0.7071 -0.7071 -0.0000
vn -0.5000 -0.5000 0.7071
vn -0.5361 -0.4419 0.7192
vn -0.5463 -0.4243 0.7221
vn 0.6108 -0.0557 -0.7898
vn 0.9683 -0.0000 -0.2496
vn 0.9905 -0.0000 -0.1374
vn 0.6108 0.0557 -0.7898
vn 0.3566 -0.9242 -0.1367
vn 0.3735 -0.8434 -0.3862
vn 0.6729 0.1435 -0.7256
vn 0.6559 0.3315 -0.6781
vn 0.3565 0.9242 -0.1367
vn 0.6108 0.0557 0.7898
vn 0.9683 -0.0000 0.2496
vn 0.9905 -0.0000 0.1374
vn 0.6108 -0.0557 0.7898
vn 0.3566 0.9242 0.1367
vn 0.2932 0.9068 0.3029
vn 0.3735 0.8434 0.3862
vn 0.6729 -0.1435 0.7256
vn 0.6559 -0.3315 0.6781
vn 0.3566 -0.9242 0.1367
vn 0.2176 -0.9703 0.1057
vn 0.9239 0.3827 -0.0000
vn 0.9239 -0.3827 -0.0000
vn -0.6864 -0.0860 0.7221
vn -0.6270 -0.2594 0.7346
vn -0.6916 -0.0663 0.7192
vn -0.6270 -0.2594 -0.7346
vn -0.5463 -0.4243 -0.7221
vn 0.6762 0.1059 0.7291
vn 0.6227 0.2619 0.7373
vn 0.6227 0.2619 -0.7373
vn 0.6199 0.2717 -0.7361
vn -0.9938 -0.1110 -0.0000
vn -0.9240 -0.3823 -0.0000
vn 0.9236 0.3833 -0.0000
vn 0.7811 0.6244 -0.0000
vn -0.0000 1.0000 -0.0000
vn -0.8389 0.5443 -0.0000
vn -0.0000 -0.9875 -0.1579
vn 0.1102 -0.9939 -0.0000
vn 0.0955 -0.9818 -0.1641
vn 0.1779 -0.0321 -0.9835
vn 0.0327 -0.1966 -0.9799
vn -0.9881 -0.0000 -0.1540
vn -0.9875 0.0001 -0.1578
vn 0.0727 0.0863 -0.9936
vn 0.1102 0.9804 -0.1634
vn -0.0000 0.9880 -0.1542
vn 0.9672 -0.1191 -0.2243
vn 0.9669 -0.2553 -0.0000
vn 0.9924 -0.1233 -0.0000
vn 0.8315 0.5555 -0.0000
vn 0.2658 0.9640 -0.0000
vn 0.1341 0.9910 -0.0000
vn 0.1135 -0.1241 -0.9858
vn 0.1751 -0.1087 -0.9785
vn 0.6904 -0.6948 -0.2017
vn 0.3940 -0.9191 -0.0000
vn 0.6984 -0.7157 -0.0000
vn 0.8711 -0.4647 -0.1586
vn 0.8761 -0.4822 -0.0000
vn 0.0712 -0.1507 -0.9860
vn 0.1077 0.0341 -0.9936
vn 0.3780 -0.9031 -0.2037
vn 0.9481 -0.2730 -0.1629
vn -0.5030 0.0001 -0.8643
vn -0.4946 0.0004 -0.8691
vn -0.4945 0.0004 -0.8692
vn -0.9593 -0.0000 -0.2825
vn -0.9574 0.0002 -0.2888
vn 0.9112 -0.1995 -0.3605
vn 0.3123 0.0332 -0.9494
vn 0.4611 -0.1677 -0.8713
vn 0.7100 0.4742 -0.5207
vn 0.7097 0.4742 -0.5210
vn 0.7101 0.4741 -0.5206
vn 0.1503 0.2750 -0.9496
vn 0.2602 0.9390 -0.2248
vn 0.1642 0.9175 -0.3622
vn 0.2464 0.8845 -0.3962
vn 0.1277 -0.9322 -0.3387
vn 0.1344 -0.3549 -0.9252
vn 0.0221 -0.4703 -0.8822
vn 0.3758 -0.8391 -0.3933
vn 0.8162 -0.4760 -0.3276
vn 0.6332 -0.6684 -0.3902
vn 0.2810 -0.2614 -0.9234
vn -0.0000 0.5035 -0.8640
vn 0.0203 0.4902 -0.8714
vn -0.0000 0.9592 -0.2826
vn -0.0000 -0.4942 -0.8693
vn -0.0000 -0.9574 -0.2888
vn 0.7725 0.6043 0.1954
vn 0.7725 0.6043 -0.1954
vn -0.6161 0.7876 -0.0000
vn -0.1534 -0.1200 0.9809
vn 0.1534 0.1200 0.9809
vn -0.7725 -0.6043 -0.1954
vn -0.7725 -0.6043 0.1954
vn -0.1534 -0.1200 -0.9809
vn -0.3014 -0.2358 -0.9239
vn -0.7277 -0.5692 -0.3827
vn -0.3014 -0.2358 0.9239
vn -0.7277 -0.5692 0.3827
vn 0.7277 0.5692 -0.3827
vn 0.3014 0.2358 -0.9239
vn 0.1534 0.1200 -0.9809
vn 0.3014 0.2358 0.9239
vn 0.7277 0.5692 0.3827
vn 0.7213 0.6656 -0.1916
vn 0.7546 0.6451 -0.1199
vn 0.6119 -0.6119 0.5012
vn 0.4920 -0.1763 0.8526
vn 0.7602 -0.4448 0.4735
vn 0.7213 0.6656 0.1916
vn 0.5000 -0.5000 -0.7071
vn 0.7602 -0.4448 -0.4735
vn 0.4920 -0.1763 -0.8526
vn 0.1864 0.0319 -0.9820
vn -0.0922 0.0922 -0.9915
vn 0.0922 -0.0922 -0.9915
vn -0.5854 0.8034 0.1089
vn -0.7010 0.7011 -0.1306
vn -0.5854 0.8034 -0.1089
vn 0.6119 -0.6119 -0.5012
vn 0.8034 -0.5854 -0.1089
vn 0.8034 -0.5854 0.1089
vn 0.7010 -0.7010 0.1306
vn 0.0922 -0.0922 0.9915
vn 0.1864 0.0319 0.9820
vn -0.6119 0.6119 -0.5012
vn -0.4447 0.7602 -0.4735
vn -0.0922 0.0922 0.9915
vn 0.0319 0.1864 0.9820
vn -0.1763 0.4920 -0.8526
vn 0.0319 0.1864 -0.9820
vn 0.6656 0.7213 0.1916
vn 0.6451 0.7546 0.1199
vn -0.1830 0.1830 0.9659
vn -0.6119 0.6119 0.5012
vn -0.1763 0.4920 0.8526
vn -0.5000 0.5000 0.7071
vn -0.7010 0.7011 0.1306
vn 0.8288 0.5582 0.0398
vn 0.7842 0.6155 0.0785
vn 0.7546 0.6452 0.1199
vn 0.6155 0.7842 0.0785
vn 0.5581 0.8288 0.0398
vn 0.7842 0.6155 -0.0785
vn 0.8288 0.5582 -0.0398
vn 0.6451 0.7546 -0.1199
vn 0.6656 0.7213 -0.1916
vn 0.3495 0.1266 -0.9284
vn 0.7688 0.5537 -0.3199
vn 0.6245 0.5928 -0.5085
vn 0.8469 -0.2380 -0.4754
vn 0.6371 -0.0293 -0.7702
vn 0.8946 -0.4177 -0.1589
vn 0.8883 0.4338 -0.1508
vn 0.8946 -0.4177 0.1589
vn 0.8883 0.4338 0.1508
vn 0.9686 0.2479 0.0217
vn 0.8469 -0.2380 0.4754
vn 0.7688 0.5537 0.3199
vn 0.3495 0.1266 0.9284
vn 0.6371 -0.0293 0.7702
vn -0.4176 0.8946 -0.1589
vn 0.4338 0.8883 -0.1508
vn 0.2476 0.9686 -0.0217
vn -0.2379 0.8470 -0.4754
vn 0.5537 0.7688 -0.3198
vn 0.1266 0.3495 -0.9284
vn -0.0293 0.6371 -0.7702
vn 0.1266 0.3495 0.9284
vn 0.5537 0.7688 0.3199
vn 0.5928 0.6245 0.5085
vn -0.2379 0.8470 0.4754
vn -0.0293 0.6371 0.7702
vn -0.4448 0.7602 0.4735
vn -0.4176 0.8946 0.1589
vn 0.4338 0.8883 0.1508
vn 0.6245 0.5928 0.5085
vn -0.0381 0.1755 -0.9837
vn -0.2932 -0.9068 0.3029
vn -0.2176 -0.9703 -0.1057
vn -0.2932 -0.9068 -0.3029
vn -0.5000 0.5000 -0.7071
vn -0.5436 0.4274 -0.7223
vn -0.9818 0.1898 -0.0000
vn -0.9938 0.1115 -0.0000
vn 0.9938 -0.1110 -0.0000
vn -0.6161 -0.7876 -0.0000
vn 0.6916 -0.0663 -0.7192
vn 0.6864 -0.0860 -0.7221
vn -0.5581 0.8289 -0.0398
vn -0.6155 0.7842 -0.0785
vn -0.6758 0.0760 -0.7332
vn -0.6480 -0.0293 -0.7611
vn -0.6762 0.1059 -0.7291
vn -0.6474 0.0316 -0.7615
vn -0.6933 -0.0172 -0.7205
vn -0.7013 -0.0230 -0.7125
vn -0.4357 -0.5569 -0.7071
vn -0.4357 -0.5569 0.7071
vn 0.5361 -0.4419 -0.7192
vn 0.5463 -0.4243 -0.7221
vn -0.9818 -0.1898 -0.0000
vn -0.5436 0.4274 0.7223
vn -0.2176 0.9703 0.1057
vn -0.2932 0.9068 -0.3029
vn -0.2176 0.9703 -0.1057
vn -0.6933 -0.0172 0.7205
vn -0.6474 0.0316 0.7615
vn -0.7013 -0.0230 0.7125
vn -0.6480 -0.0293 0.7611
vn -0.6758 0.0760 0.7332
vn -0.6762 0.1059 0.7291
vn 0.7071 -0.7071 -0.0000
vn 0.7815 -0.6240 -0.0000
vn 0.5361 -0.4419 0.7192
vn 0.5000 -0.5000 0.7071
vn 0.5463 -0.4243 0.7221
vn -0.6108 -0.0557 -0.7898
vn -0.9905 -0.0000 -0.1373
vn -0.9683 -0.0000 -0.2496
vn -0.6108 0.0557 -0.7898
vn -0.6729 -0.1435 -0.7256
vn -0.3565 -0.9242 -0.1367
vn -0.3735 -0.8434 -0.3862
vn -0.6729 0.1435 -0.7256
vn -0.3565 0.9242 -0.1367
vn -0.3735 0.8434 -0.3862
vn -0.6108 -0.0557 0.7898
vn -0.9905 -0.0000 0.1373
vn -0.9683 -0.0000 0.2496
vn -0.6729 0.1435 0.7256
vn -0.2932 0.9068 0.3029
vn -0.3565 0.9242 0.1367
vn -0.3735 0.8434 0.3862
vn -0.6729 -0.1436 0.7256
vn -0.6108 0.0557 0.7898
vn -0.3565 -0.9242 0.1367
vn -0.3735 -0.8434 0.3862
vn -0.9239 0.3827 -0.0000
vn -0.9239 -0.3827 -0.0000
vn -0.9905 -0.0000 -0.1374
vn 0.6270 -0.2594 0.7346
vn 0.6864 -0.0860 0.7221
vn 0.6916 -0.0663 0.7192
vn 0.6270 -0.2594 -0.7346
vn -0.6227 0.2619 0.7373
vn -0.6199 0.2717 0.7361
vn -0.6227 0.2619 -0.7373
vn -0.6199 0.2717 -0.7361
vn 0.9240 -0.3823 -0.0000
vn -0.9236 0.3833 -0.0000
vn -0.7811 0.6244 -0.0000
vn 0.8389 0.5443 -0.0000
vn -0.1102 -0.9939 -0.0000
vn -0.0955 -0.9818 -0.1641
vn -0.1779 -0.0321 -0.9835
vn -0.1751 -0.1087 -0.9785
vn -0.0327 -0.1967 -0.9799
vn 0.9880 -0.0000 -0.1541
vn 0.9875 0.0001 -0.1578
vn -0.0727 0.0863 -0.9936
vn -0.1102 0.9804 -0.1634
vn -0.9669 -0.2553 -0.0000
vn -0.9672 -0.1191 -0.2244
vn -0.9924 -0.1233 -0.0000
vn -0.8315 0.5555 -0.0000
vn -0.2658 0.9640 -0.0000
vn -0.1341 0.9910 -0.0000
vn -0.1135 -0.1241 -0.9858
vn -0.3940 -0.9191 -0.0000
vn -0.6904 -0.6948 -0.2017
vn -0.6984 -0.7157 -0.0000
vn -0.8711 -0.4647 -0.1587
vn -0.8761 -0.4822 -0.0000
vn -0.0712 -0.1507 -0.9860
vn -0.1077 0.0341 -0.9936
vn -0.3780 -0.9031 -0.2037
vn -0.9481 -0.2730 -0.1628
vn 0.4946 0.0004 -0.8691
vn 0.5030 0.0001 -0.8643
vn 0.4945 0.0004 -0.8692
vn 0.9592 -0.0000 -0.2827
vn 0.9574 0.0002 -0.2888
vn -0.9112 -0.1995 -0.3604
vn -0.3123 0.0332 -0.9494
vn -0.4610 -0.1677 -0.8714
vn -0.7099 0.4742 -0.5208
vn -0.7098 0.4741 -0.5211
vn -0.7099 0.4742 -0.5207
vn -0.1504 0.2750 -0.9496
vn -0.2602 0.9390 -0.2248
vn -0.1642 0.9175 -0.3622
vn -0.0203 0.4902 -0.8714
vn -0.1277 -0.9322 -0.3387
vn -0.1344 -0.3549 -0.9252
vn -0.0221 -0.4703 -0.8822
vn -0.3758 -0.8391 -0.3933
vn -0.2810 -0.2615 -0.9234
vn -0.8162 -0.4760 -0.3276
vn -0.4388 -0.2059 -0.8747
vn -0.0000 -0.4942 -0.8694
vn -0.7725 0.6043 -0.1954
vn -0.7725 0.6042 0.1954
vn -0.7725 0.6042 -0.1954
vn 0.6161 0.7876 -0.0000
vn -0.1534 0.1200 0.9809
vn 0.1534 -0.1200 0.9809
vn 0.7725 -0.6043 0.1954
vn 0.7725 -0.6042 -0.1954
vn 0.7725 -0.6042 0.1954
vn 0.3014 -0.2358 -0.9239
vn 0.1534 -0.1200 -0.9809
vn 0.7277 -0.5692 -0.3827
vn 0.7725 -0.6043 -0.1954
vn 0.7277 -0.5692 -0.3826
vn 0.3014 -0.2358 0.9239
vn 0.7277 -0.5692 0.3827
vn 0.7277 -0.5692 0.3826
vn -0.7277 0.5692 -0.3827
vn -0.3014 0.2358 -0.9239
vn -0.1534 0.1200 -0.9809
vn -0.3014 0.2358 0.9239
vn -0.7277 0.5692 0.3827
vn -0.7725 0.6043 0.1954
vn -0.7213 0.6656 -0.1916
vn -0.7546 0.6451 -0.1199
vn -0.7602 -0.4448 0.4735
vn -0.6119 -0.6119 0.5012
vn -0.7213 0.6656 0.1916
vn -0.7602 -0.4448 -0.4735
vn -0.4920 -0.1762 -0.8526
vn -0.1864 0.0319 -0.9820
vn 0.0922 0.0922 -0.9915
vn -0.0319 0.1864 -0.9820
vn 0.7010 0.7011 -0.1306
vn 0.5854 0.8034 0.1089
vn 0.5854 0.8034 -0.1089
vn -0.7010 -0.7010 -0.1306
vn -0.6119 -0.6119 -0.5012
vn -0.7010 -0.7011 0.1306
vn -0.8034 -0.5854 0.1089
vn -0.8034 -0.5854 -0.1089
vn -0.4920 -0.1762 0.8526
vn -0.0922 -0.0922 0.9915
vn -0.1830 -0.1830 0.9659
vn 0.6119 0.6119 -0.5012
vn 0.0922 0.0922 0.9915
vn -0.1864 0.0319 0.9820
vn -0.0319 0.1864 0.9820
vn 0.1830 0.1830 -0.9659
vn 0.1763 0.4920 -0.8526
vn -0.6656 0.7213 0.1916
vn -0.6451 0.7546 0.1199
vn 0.4448 0.7602 -0.4736
vn 0.1830 0.1830 0.9659
vn 0.1763 0.4920 0.8526
vn 0.6119 0.6119 0.5012
vn 0.4448 0.7602 0.4735
vn 0.7010 0.7011 0.1306
vn -0.8288 0.5582 0.0398
vn -0.7843 0.6155 0.0785
vn -0.7546 0.6451 0.1199
vn -0.6155 0.7842 0.0785
vn -0.5581 0.8288 0.0398
vn -0.6656 0.7213 -0.1916
vn -0.7842 0.6155 -0.0785
vn -0.8288 0.5582 -0.0398
vn -0.6451 0.7546 -0.1199
vn -0.3495 0.1266 -0.9283
vn -0.7689 0.5536 -0.3199
vn -0.6245 0.5928 -0.5086
vn -0.8469 -0.2380 -0.4754
vn -0.8883 0.4337 -0.1509
vn -0.8946 -0.4176 -0.1589
vn -0.9685 0.2479 -0.0217
vn -0.8946 -0.4176 0.1589
vn -0.8883 0.4337 0.1509
vn -0.9686 0.2478 0.0217
vn -0.8470 -0.2380 0.4754
vn -0.7689 0.5536 0.3199
vn -0.3495 0.1266 0.9283
vn -0.6245 0.5928 0.5086
vn 0.4176 0.8946 -0.1589
vn -0.4338 0.8883 -0.1509
vn -0.2476 0.9686 -0.0217
vn 0.2379 0.8470 -0.4755
vn -0.5537 0.7688 -0.3199
vn -0.1266 0.3495 -0.9284
vn -0.5928 0.6245 -0.5085
vn -0.1266 0.3495 0.9284
vn -0.5537 0.7688 0.3199
vn -0.5928 0.6245 0.5085
vn 0.2379 0.8470 0.4755
vn -0.4338 0.8883 0.1508
vn 0.4176 0.8946 0.1589
vn -0.2476 0.9686 0.0217
vn -0.0922 -0.0922 -0.9915
vn 0.9785 -0.0792 -0.1906
vn 0.9784 -0.0404 -0.2025
vn 0.1932 -0.0000 -0.9812
vn -0.0000 -0.1950 -0.9808
vn 0.9785 -0.1459 -0.1455
vn 0.9785 -0.1148 -0.1713
vn 0.9786 -0.1713 -0.1142
vn 0.9786 -0.1901 -0.0786
vn 0.9786 -0.2017 -0.0400
vn 0.9786 -0.2056 -0.0000
vn 0.9786 -0.2017 0.0400
vn 0.9786 -0.1901 0.0786
vn 0.9786 -0.1713 0.1142
vn 0.9785 -0.1459 0.1455
vn 0.9785 -0.1148 0.1713
vn 0.9785 -0.0792 0.1906
vn 0.9784 -0.0404 0.2025
vn 0.9785 0.0404 0.2025
vn 0.9784 -0.0000 0.2065
vn 0.9785 0.0792 0.1906
vn 0.9785 0.1148 0.1713
vn 0.9785 0.1459 0.1455
vn 0.9786 0.1713 0.1142
vn 0.9786 0.1901 0.0786
vn 0.9786 0.2017 0.0400
vn 0.9786 0.2056 -0.0000
vn 0.9786 0.2017 -0.0400
vn 0.9786 0.1901 -0.0786
vn 0.9786 0.1713 -0.1142
vn 0.9785 0.1459 -0.1455
vn 0.9785 0.1148 -0.1713
vn 0.9785 0.0792 -0.1906
vn -0.0000 0.9238 -0.3828
vn 0.0784 0.8287 -0.5541
vn -0.0000 0.8313 -0.5558
vn 0.9784 0.0404 -0.2025
vn 0.1932 -0.1912 -0.9623
vn -0.0000 -0.3825 -0.9239
vn 0.1932 0.1912 -0.9623
vn -0.0000 0.1950 -0.9808
vn 0.1932 -0.3751 -0.9066
vn -0.0000 -0.5554 -0.8316
vn 0.1933 -0.5447 -0.8160
vn -0.0000 -0.7069 -0.7073
vn 0.1934 -0.6934 -0.6941
vn -0.0000 -0.8313 -0.5557
vn 0.1935 -0.8155 -0.5454
vn -0.0000 -0.9238 -0.3828
vn 0.1936 -0.9063 -0.3758
vn -0.0000 -0.9808 -0.1952
vn 0.1937 -0.9622 -0.1916
vn 0.1937 -0.9811 -0.0000
vn -0.0000 -0.9808 0.1952
vn 0.1937 -0.9622 0.1916
vn -0.0000 -0.9238 0.3828
vn 0.1936 -0.9063 0.3758
vn -0.0000 -0.8314 0.5557
vn 0.1935 -0.8155 0.5454
vn -0.0000 -0.7069 0.7073
vn 0.1933 -0.5447 0.8160
vn -0.0000 -0.5554 0.8316
vn -0.0000 -0.3825 0.9239
vn 0.1932 -0.1912 0.9623
vn -0.0000 -0.1950 0.9808
vn 0.1932 -0.0000 0.9812
vn -0.0000 0.1950 0.9808
vn 0.1932 0.1912 0.9623
vn -0.0000 0.3825 0.9239
vn 0.1932 0.3751 0.9066
vn -0.0000 0.5554 0.8316
vn 0.1933 0.5447 0.8160
vn -0.0000 0.7069 0.7073
vn 0.1934 0.6934 0.6941
vn -0.0000 0.8314 0.5557
vn 0.1935 0.8155 0.5454
vn -0.0000 0.9238 0.3828
vn 0.1936 0.9063 0.3758
vn -0.0000 0.9808 0.1952
vn 0.1937 0.9622 0.1916
vn 0.1937 0.9811 -0.0000
vn -0.0000 0.9808 -0.1952
vn 0.1937 0.9622 -0.1916
vn 0.1936 0.9063 -0.3758
vn 0.1936 0.8155 -0.5454
vn -0.0000 0.7069 -0.7073
vn 0.1934 0.6934 -0.6941
vn -0.0000 0.5554 -0.8316
vn 0.1933 0.5447 -0.8160
vn -0.0000 0.3825 -0.9239
vn 0.1932 0.3751 -0.9066
vn 0.0784 -0.3813 -0.9211
vn 0.0784 -0.5536 0.8291
vn 0.0784 -0.3813 0.9211
vn 0.0784 0.7047 -0.7052
vn 0.0784 -0.1944 0.9778
vn 0.9965 0.0319 0.0767
vn 0.9966 -0.0766 0.0316
vn 0.9965 -0.0319 -0.0767
vn 0.0784 0.5536 -0.8291
vn 0.0784 -0.0000 0.9969
vn 0.0784 -0.0000 -0.9969
vn 0.0784 0.3813 -0.9211
vn 0.0784 0.1944 0.9778
vn 0.0784 -0.7047 -0.7052
vn 0.0784 0.1944 -0.9778
vn 0.0784 0.3813 0.9211
vn 0.0784 -0.8287 -0.5541
vn -0.0000 -0.8313 -0.5558
vn 0.0784 0.5536 0.8291
vn 0.0784 -0.9209 -0.3817
vn 0.0784 -0.5536 -0.8291
vn 0.0784 0.7047 0.7052
vn 0.0785 -0.9777 -0.1946
vn 0.0785 0.8287 0.5541
vn 0.0785 -0.9969 -0.0000
vn 0.0784 0.9209 0.3817
vn 0.0785 -0.9777 0.1946
vn 0.0785 0.9777 0.1946
vn 0.0784 -0.9209 0.3817
vn 0.0785 0.9969 -0.0000
vn 0.0784 -0.8287 0.5541
vn 0.0785 0.9777 -0.1946
vn 0.0784 -0.7047 0.7052
vn 0.0785 0.9209 -0.3817
vn 0.0784 -0.1944 -0.9778
vn 0.3070 -0.0000 -0.9517
vn 0.3070 -0.1855 -0.9335
vn 0.5843 -0.0000 -0.8115
vn 0.5843 -0.1582 -0.7959
vn 0.8052 -0.0000 -0.5930
vn 0.8052 -0.1157 -0.5816
vn 0.9484 -0.0000 -0.3171
vn 0.9484 -0.0619 -0.3109
vn 0.9965 -0.0000 -0.0831
vn 0.9965 -0.0162 -0.0815
vn 0.3071 -0.3639 -0.8794
vn 0.5844 -0.3104 -0.7497
vn 0.8053 -0.2269 -0.5478
vn 0.9484 -0.1214 -0.2928
vn 0.3071 -0.5284 -0.7915
vn 0.5845 -0.4506 -0.6747
vn 0.8054 -0.3293 -0.4928
vn 0.9485 -0.1762 -0.2633
vn 0.9966 -0.0462 -0.0689
vn 0.3073 -0.6726 -0.6732
vn 0.5847 -0.5735 -0.5738
vn 0.8055 -0.4190 -0.4190
vn 0.9485 -0.2240 -0.2238
vn 0.9966 -0.0587 -0.0586
vn 0.3074 -0.7910 -0.5290
vn 0.5848 -0.6743 -0.4508
vn 0.8056 -0.4926 -0.3291
vn 0.9486 -0.2633 -0.1757
vn 0.9966 -0.0690 -0.0460
vn 0.3074 -0.8790 -0.3644
vn 0.5849 -0.7493 -0.3105
vn 0.8057 -0.5472 -0.2267
vn 0.9486 -0.2924 -0.1210
vn 0.9966 -0.0766 -0.0316
vn 0.3075 -0.9332 -0.1858
vn 0.5850 -0.7954 -0.1583
vn 0.8058 -0.5808 -0.1155
vn 0.9487 -0.3103 -0.0616
vn 0.9966 -0.0811 -0.0161
vn 0.3075 -0.9515 -0.0000
vn 0.5850 -0.8110 -0.0000
vn 0.8058 -0.5922 -0.0000
vn 0.9487 -0.3163 -0.0000
vn 0.9966 -0.0828 -0.0000
vn 0.3075 -0.9332 0.1858
vn 0.5850 -0.7954 0.1583
vn 0.8058 -0.5808 0.1155
vn 0.9487 -0.3103 0.0616
vn 0.9966 -0.0811 0.0161
vn 0.3074 -0.8790 0.3644
vn 0.5849 -0.7493 0.3105
vn 0.8057 -0.5472 0.2267
vn 0.9486 -0.2924 0.1210
vn 0.3074 -0.7910 0.5290
vn 0.5848 -0.6743 0.4508
vn 0.8056 -0.4926 0.3291
vn 0.9486 -0.2633 0.1757
vn 0.9966 -0.0690 0.0460
vn 0.3073 -0.6726 0.6732
vn 0.5847 -0.5735 0.5738
vn 0.8055 -0.4190 0.4190
vn 0.9485 -0.2241 0.2238
vn 0.9966 -0.0587 0.0586
vn 0.3072 -0.5284 0.7915
vn 0.5845 -0.4506 0.6747
vn 0.8054 -0.3293 0.4929
vn 0.9485 -0.1761 0.2633
vn 0.9966 -0.0461 0.0688
vn 0.3071 -0.3639 0.8794
vn 0.5844 -0.3104 0.7497
vn 0.8053 -0.2269 0.5477
vn 0.9484 -0.1214 0.2928
vn 0.9965 -0.0319 0.0767
vn 0.3070 -0.1855 0.9335
vn 0.5843 -0.1582 0.7959
vn 0.8052 -0.1157 0.5816
vn 0.9484 -0.0619 0.3109
vn 0.9966 -0.0162 0.0813
vn 0.3070 -0.0000 0.9517
vn 0.5843 -0.0000 0.8115
vn 0.8052 -0.0000 0.5930
vn 0.9484 -0.0000 0.3171
vn 0.9965 -0.0000 0.0831
vn 0.3070 0.1855 0.9335
vn 0.5843 0.1582 0.7959
vn 0.8052 0.1157 0.5816
vn 0.9484 0.0619 0.3109
vn 0.9965 0.0162 0.0815
vn 0.3071 0.3639 0.8794
vn 0.5844 0.3104 0.7497
vn 0.8053 0.2269 0.5477
vn 0.9484 0.1214 0.2928
vn 0.3072 0.5284 0.7915
vn 0.5845 0.4506 0.6747
vn 0.8054 0.3293 0.4928
vn 0.9485 0.1762 0.2633
vn 0.9966 0.0462 0.0689
vn 0.3073 0.6726 0.6732
vn 0.5847 0.5735 0.5738
vn 0.8055 0.4190 0.4190
vn 0.9485 0.2240 0.2238
vn 0.9966 0.0587 0.0586
vn 0.3074 0.7910 0.5290
vn 0.5848 0.6744 0.4508
vn 0.8056 0.4926 0.3291
vn 0.9486 0.2633 0.1757
vn 0.9966 0.0690 0.0460
vn 0.3074 0.8790 0.3644
vn 0.5849 0.7493 0.3105
vn 0.8057 0.5472 0.2267
vn 0.9486 0.2924 0.1210
vn 0.9966 0.0766 0.0316
vn 0.3075 0.9332 0.1858
vn 0.5850 0.7954 0.1583
vn 0.8058 0.5809 0.1155
vn 0.9487 0.3102 0.0616
vn 0.9966 0.0814 0.0162
vn 0.3075 0.9515 -0.0000
vn 0.5851 0.8110 -0.0000
vn 0.8058 0.5922 -0.0000
vn 0.9487 0.3163 -0.0000
vn 0.9966 0.0828 -0.0000
vn 0.3075 0.9332 -0.1858
vn 0.5850 0.7954 -0.1583
vn 0.8058 0.5809 -0.1155
vn 0.9487 0.3102 -0.0616
vn 0.9966 0.0814 -0.0161
vn 0.3074 0.8790 -0.3644
vn 0.5849 0.7493 -0.3105
vn 0.8057 0.5472 -0.2267
vn 0.9486 0.2924 -0.1210
vn 0.9966 0.0766 -0.0316
vn 0.3074 0.7910 -0.5290
vn 0.5848 0.6744 -0.4508
vn 0.8056 0.4926 -0.3291
vn 0.9486 0.2633 -0.1757
vn 0.9966 0.0690 -0.0460
vn 0.3073 0.6726 -0.6732
vn 0.5847 0.5735 -0.5738
vn 0.8055 0.4190 -0.4190
vn 0.9485 0.2240 -0.2238
vn 0.9966 0.0587 -0.0586
vn 0.3072 0.5284 -0.7915
vn 0.5845 0.4506 -0.6747
vn 0.8054 0.3293 -0.4928
vn 0.9485 0.1762 -0.2633
vn 0.9965 0.0463 -0.0690
vn 0.3071 0.3639 -0.8794
vn 0.5844 0.3104 -0.7498
vn 0.8053 0.2269 -0.5478
vn 0.9484 0.1214 -0.2928
vn 0.9965 0.0319 -0.0767
vn 0.3070 0.1855 -0.9335
vn 0.5843 0.1582 -0.7959
vn 0.8052 0.1157 -0.5816
vn 0.9484 0.0619 -0.3109
vn 0.9965 0.0163 -0.0816
vn 0.3843 -0.0000 -0.9232
vn 0.3843 -0.1802 -0.9055
vn 0.9245 -0.0741 -0.3738
vn 0.9784 -0.0000 -0.2065
vn 0.3843 -0.3535 -0.8529
vn 0.9245 -0.1455 -0.3523
vn 0.3843 -0.5132 -0.7675
vn 0.9245 -0.2113 -0.3172
vn 0.3843 -0.6531 -0.6526
vn 0.9245 -0.2691 -0.2699
vn 0.3842 -0.7678 -0.5127
vn 0.9245 -0.3166 -0.2122
vn 0.3842 -0.8531 -0.3531
vn 0.9245 -0.3519 -0.1462
vn 0.3843 -0.9055 -0.1800
vn 0.9245 -0.3737 -0.0746
vn 0.3843 -0.9232 -0.0000
vn 0.9245 -0.3811 -0.0000
vn 0.3843 -0.9055 0.1800
vn 0.9245 -0.3737 0.0746
vn 0.3843 -0.8530 0.3531
vn 0.9245 -0.3519 0.1462
vn 0.3842 -0.7678 0.5127
vn 0.9245 -0.3166 0.2122
vn 0.3843 -0.6531 0.6526
vn 0.1934 -0.6934 0.6941
vn 0.9245 -0.2691 0.2699
vn 0.3843 -0.5132 0.7674
vn 0.9245 -0.2113 0.3172
vn 0.3843 -0.3535 0.8529
vn 0.1932 -0.3751 0.9066
vn 0.9245 -0.1455 0.3522
vn 0.3843 -0.1802 0.9055
vn 0.9245 -0.0741 0.3738
vn 0.3843 -0.0000 0.9232
vn 0.9245 -0.0000 0.3811
vn 0.3843 0.1802 0.9055
vn 0.9245 0.0741 0.3738
vn 0.3843 0.3535 0.8529
vn 0.9245 0.1455 0.3523
vn 0.3843 0.5132 0.7675
vn 0.9245 0.2113 0.3172
vn 0.3843 0.6531 0.6526
vn 0.9245 0.2691 0.2699
vn 0.3842 0.7678 0.5127
vn 0.9245 0.3166 0.2122
vn 0.3842 0.8530 0.3531
vn 0.9245 0.3519 0.1462
vn 0.3843 0.9055 0.1800
vn 0.9245 0.3738 0.0746
vn 0.3843 0.9232 -0.0000
vn 0.9245 0.3811 -0.0000
vn 0.3843 0.9055 -0.1800
vn 0.9245 0.3737 -0.0746
vn 0.3842 0.8530 -0.3531
vn 0.9245 0.3519 -0.1462
vn 0.3843 0.7678 -0.5126
vn 0.9245 0.3166 -0.2122
vn 0.3843 0.6531 -0.6526
vn 0.9245 0.2691 -0.2699
vn 0.3843 0.5132 -0.7674
vn 0.9245 0.2113 -0.3172
vn 0.3843 0.3535 -0.8529
vn 0.9245 0.1455 -0.3522
vn 0.3843 0.1802 -0.9055
vn 0.9245 0.0741 -0.3738
vn 0.9245 -0.0000 -0.3811
vn -0.9785 -0.0792 -0.1906
vn -0.1932 -0.0000 -0.9812
vn -0.9785 -0.1459 -0.1455
vn -0.9786 -0.1713 -0.1142
vn -0.9786 -0.1901 -0.0786
vn -0.9786 -0.2017 -0.0400
vn -0.9786 -0.2056 -0.0000
vn -0.9786 -0.2017 0.0400
vn -0.9786 -0.1901 0.0785
vn -0.9786 -0.1713 0.1142
vn -0.9785 -0.1459 0.1455
vn -0.9785 -0.1148 0.1713
vn -0.9785 -0.0792 0.1906
vn -0.9784 -0.0404 0.2025
vn -0.9785 0.0404 0.2025
vn -0.9785 0.0792 0.1906
vn -0.9785 0.1148 0.1713
vn -0.9785 0.1459 0.1455
vn -0.9786 0.1713 0.1142
vn -0.9786 0.1901 0.0786
vn -0.9786 0.2017 0.0400
vn -0.9786 0.2056 -0.0000
vn -0.9786 0.2017 -0.0400
vn -0.9786 0.1901 -0.0786
vn -0.9786 0.1713 -0.1142
vn -0.9785 0.1459 -0.1455
vn -0.9785 0.1148 -0.1713
vn -0.9785 0.0792 -0.1906
vn -0.0784 0.8287 -0.5541
vn -0.9785 0.0404 -0.2025
vn -0.1932 -0.1912 -0.9623
vn -0.1932 0.1912 -0.9623
vn -0.1932 -0.3751 -0.9066
vn -0.1934 -0.6934 -0.6941
vn -0.1933 -0.5447 -0.8160
vn -0.1935 -0.8155 -0.5454
vn -0.1936 -0.9063 -0.3758
vn -0.1937 -0.9622 -0.1916
vn -0.1937 -0.9811 -0.0000
vn -0.1937 -0.9622 0.1916
vn -0.1936 -0.9063 0.3758
vn -0.1935 -0.8155 0.5454
vn -0.1933 -0.5447 0.8160
vn -0.1934 -0.6934 0.6941
vn -0.1932 -0.3751 0.9066
vn -0.1932 -0.1912 0.9623
vn -0.1932 -0.0000 0.9812
vn -0.1932 0.1912 0.9623
vn -0.1932 0.3751 0.9066
vn -0.1933 0.5447 0.8160
vn -0.1934 0.6934 0.6941
vn -0.1935 0.8155 0.5454
vn -0.1936 0.9063 0.3758
vn -0.1937 0.9622 0.1916
vn -0.1937 0.9811 -0.0000
vn -0.1937 0.9622 -0.1916
vn -0.1936 0.9063 -0.3758
vn -0.1936 0.8155 -0.5454
vn -0.1934 0.6934 -0.6941
vn -0.1933 0.5447 -0.8160
vn -0.1932 0.3751 -0.9066
vn -0.9785 -0.1148 -0.1713
vn -0.0784 -0.3813 -0.9211
vn -0.0784 -0.5536 0.8291
vn -0.0784 0.7047 -0.7052
vn -0.0784 -0.1944 0.9778
vn -0.9965 -0.0000 0.0831
vn -0.9966 0.0828 -0.0000
vn -0.9965 -0.0000 -0.0831
vn -0.0784 0.5536 -0.8291
vn -0.0784 -0.0000 0.9969
vn -0.0784 -0.0000 -0.9969
vn -0.0784 0.3813 -0.9211
vn -0.0784 0.1944 0.9778
vn -0.0784 -0.7047 -0.7052
vn -0.0784 0.1944 -0.9778
vn -0.0784 0.3813 0.9211
vn -0.0784 -0.8287 -0.5541
vn -0.0784 0.5536 0.8291
vn -0.0784 -0.9209 -0.3817
vn -0.0784 -0.5536 -0.8291
vn -0.0784 0.7047 0.7052
vn -0.0785 -0.9777 -0.1946
vn -0.0785 0.8287 0.5541
vn -0.0784 0.9209 0.3817
vn -0.0785 -0.9777 0.1946
vn -0.0785 0.9777 0.1946
vn -0.0784 -0.9209 0.3817
vn -0.0785 0.9969 -0.0000
vn -0.0784 -0.8287 0.5541
vn -0.0785 0.9777 -0.1946
vn -0.0784 -0.7047 0.7052
vn -0.0784 0.9209 -0.3817
vn -0.0784 -0.1944 -0.9778
vn -0.3070 -0.0000 -0.9517
vn -0.3070 -0.1855 -0.9335
vn -0.5843 -0.0000 -0.8115
vn -0.5843 -0.1582 -0.7959
vn -0.8052 -0.0000 -0.5930
vn -0.8052 -0.1157 -0.5816
vn -0.9484 -0.0000 -0.3171
vn -0.9484 -0.0619 -0.3109
vn -0.3071 -0.3639 -0.8794
vn -0.5844 -0.3104 -0.7497
vn -0.8053 -0.2269 -0.5477
vn -0.9484 -0.1214 -0.2928
vn -0.9965 -0.0162 -0.0814
vn -0.3071 -0.5284 -0.7915
vn -0.5845 -0.4506 -0.6747
vn -0.8054 -0.3293 -0.4928
vn -0.9485 -0.1762 -0.2633
vn -0.9965 -0.0319 -0.0767
vn -0.3073 -0.6726 -0.6732
vn -0.5847 -0.5735 -0.5738
vn -0.8055 -0.4190 -0.4190
vn -0.9485 -0.2240 -0.2238
vn -0.9965 -0.0462 -0.0689
vn -0.3074 -0.7910 -0.5290
vn -0.5848 -0.6743 -0.4508
vn -0.8056 -0.4926 -0.3291
vn -0.9486 -0.2633 -0.1757
vn -0.9966 -0.0587 -0.0586
vn -0.3074 -0.8790 -0.3644
vn -0.5849 -0.7493 -0.3105
vn -0.8057 -0.5472 -0.2267
vn -0.9486 -0.2924 -0.1210
vn -0.9966 -0.0690 -0.0460
vn -0.3075 -0.9332 -0.1858
vn -0.5850 -0.7954 -0.1583
vn -0.8058 -0.5808 -0.1155
vn -0.9487 -0.3103 -0.0616
vn -0.9966 -0.0766 -0.0316
vn -0.0785 -0.9969 -0.0000
vn -0.3075 -0.9515 -0.0000
vn -0.5850 -0.8110 -0.0000
vn -0.8058 -0.5922 -0.0000
vn -0.9487 -0.3163 -0.0000
vn -0.9966 -0.0811 -0.0161
vn -0.3075 -0.9332 0.1858
vn -0.5850 -0.7954 0.1583
vn -0.8058 -0.5809 0.1155
vn -0.9487 -0.3103 0.0616
vn -0.9966 -0.0811 0.0161
vn -0.3074 -0.8790 0.3644
vn -0.5849 -0.7493 0.3105
vn -0.8057 -0.5472 0.2267
vn -0.9486 -0.2924 0.1210
vn -0.9966 -0.0766 0.0316
vn -0.3074 -0.7910 0.5290
vn -0.5848 -0.6743 0.4508
vn -0.8056 -0.4926 0.3291
vn -0.9486 -0.2633 0.1757
vn -0.9966 -0.0690 0.0460
vn -0.3073 -0.6726 0.6732
vn -0.5847 -0.5735 0.5738
vn -0.8055 -0.4190 0.4190
vn -0.9485 -0.2241 0.2238
vn -0.9966 -0.0587 0.0586
vn -0.3072 -0.5284 0.7915
vn -0.5845 -0.4506 0.6747
vn -0.8054 -0.3293 0.4929
vn -0.9485 -0.1761 0.2633
vn -0.9966 -0.0461 0.0689
vn -0.3071 -0.3639 0.8794
vn -0.0784 -0.3813 0.9211
vn -0.5844 -0.3104 0.7497
vn -0.8053 -0.2269 0.5477
vn -0.9484 -0.1214 0.2928
vn -0.9965 -0.0319 0.0767
vn -0.3070 -0.1855 0.9335
vn -0.5843 -0.1582 0.7959
vn -0.8052 -0.1157 0.5816
vn -0.9484 -0.0619 0.3109
vn -0.9966 -0.0162 0.0813
vn -0.3070 -0.0000 0.9517
vn -0.5843 -0.0000 0.8115
vn -0.8052 -0.0000 0.5930
vn -0.9484 -0.0000 0.3171
vn -0.3070 0.1855 0.9335
vn -0.5843 0.1582 0.7959
vn -0.8052 0.1157 0.5816
vn -0.9484 0.0619 0.3109
vn -0.3071 0.3639 0.8794
vn -0.5844 0.3104 0.7497
vn -0.8053 0.2269 0.5477
vn -0.9484 0.1214 0.2928
vn -0.9965 0.0162 0.0814
vn -0.3072 0.5284 0.7915
vn -0.5845 0.4506 0.6747
vn -0.8054 0.3293 0.4929
vn -0.9485 0.1762 0.2633
vn -0.9965 0.0319 0.0767
vn -0.3073 0.6726 0.6732
vn -0.5847 0.5735 0.5738
vn -0.8055 0.4190 0.4190
vn -0.9485 0.2240 0.2238
vn -0.9965 0.0462 0.0690
vn -0.3074 0.7910 0.5290
vn -0.5848 0.6744 0.4508
vn -0.8056 0.4926 0.3291
vn -0.9486 0.2633 0.1757
vn -0.9966 0.0587 0.0586
vn -0.3074 0.8790 0.3644
vn -0.5849 0.7493 0.3105
vn -0.8057 0.5472 0.2267
vn -0.9486 0.2924 0.1210
vn -0.9966 0.0690 0.0460
vn -0.3075 0.9332 0.1858
vn -0.5850 0.7954 0.1583
vn -0.8058 0.5809 0.1155
vn -0.9487 0.3102 0.0616
vn -0.9966 0.0766 0.0316
vn -0.3075 0.9515 -0.0000
vn -0.5851 0.8110 -0.0000
vn -0.8058 0.5922 -0.0000
vn -0.9487 0.3163 -0.0000
vn -0.9966 0.0814 0.0161
vn -0.3075 0.9332 -0.1858
vn -0.5850 0.7954 -0.1583
vn -0.8058 0.5809 -0.1155
vn -0.9487 0.3102 -0.0617
vn -0.9966 0.0814 -0.0161
vn -0.3074 0.8790 -0.3644
vn -0.5849 0.7493 -0.3105
vn -0.8057 0.5472 -0.2267
vn -0.9486 0.2924 -0.1210
vn -0.9966 0.0766 -0.0316
vn -0.3074 0.7910 -0.5290
vn -0.5848 0.6743 -0.4508
vn -0.8056 0.4926 -0.3291
vn -0.9486 0.2633 -0.1757
vn -0.9966 0.0690 -0.0459
vn -0.3073 0.6726 -0.6732
vn -0.5847 0.5735 -0.5738
vn -0.8055 0.4190 -0.4190
vn -0.9485 0.2240 -0.2238
vn -0.9966 0.0587 -0.0586
vn -0.3072 0.5284 -0.7915
vn -0.5845 0.4506 -0.6747
vn -0.8054 0.3293 -0.4928
vn -0.9485 0.1762 -0.2633
vn -0.9965 0.0463 -0.0690
vn -0.3071 0.3639 -0.8794
vn -0.5844 0.3104 -0.7498
vn -0.8053 0.2269 -0.5478
vn -0.9484 0.1214 -0.2928
vn -0.9965 0.0318 -0.0767
vn -0.3070 0.1855 -0.9335
vn -0.5843 0.1582 -0.7959
vn -0.8052 0.1157 -0.5816
vn -0.9484 0.0619 -0.3109
vn -0.9965 0.0163 -0.0816
vn -0.3843 -0.0000 -0.9232
vn -0.9245 -0.0741 -0.3738
vn -0.9784 -0.0000 -0.2065
vn -0.9245 -0.0000 -0.3811
vn -0.3843 -0.1802 -0.9055
vn -0.9245 -0.1455 -0.3523
vn -0.9784 -0.0404 -0.2025
vn -0.3843 -0.3535 -0.8528
vn -0.9245 -0.2113 -0.3172
vn -0.3843 -0.5132 -0.7675
vn -0.9245 -0.2691 -0.2699
vn -0.3843 -0.6531 -0.6526
vn -0.9245 -0.3166 -0.2122
vn -0.3842 -0.7678 -0.5127
vn -0.9245 -0.3519 -0.1462
vn -0.3842 -0.8531 -0.3531
vn -0.9245 -0.3737 -0.0746
vn -0.3843 -0.9055 -0.1800
vn -0.9245 -0.3811 -0.0000
vn -0.3843 -0.9055 0.1800
vn -0.9245 -0.3738 0.0746
vn -0.3843 -0.8530 0.3531
vn -0.9245 -0.3519 0.1462
vn -0.3842 -0.7678 0.5127
vn -0.9245 -0.3166 0.2122
vn -0.3843 -0.6531 0.6526
vn -0.9245 -0.2691 0.2699
vn -0.3843 -0.5132 0.7675
vn -0.9245 -0.2113 0.3172
vn -0.3843 -0.3535 0.8528
vn -0.9245 -0.1455 0.3523
vn -0.3843 -0.1802 0.9055
vn -0.9245 -0.0741 0.3738
vn -0.3843 -0.0000 0.9232
vn -0.9784 -0.0000 0.2065
vn -0.9245 -0.0000 0.3811
vn -0.9245 0.0741 0.3738
vn -0.3843 0.1802 0.9055
vn -0.9245 0.1455 0.3522
vn -0.3843 0.3535 0.8529
vn -0.9245 0.2113 0.3172
vn -0.3843 0.5132 0.7675
vn -0.9245 0.2691 0.2699
vn -0.3843 0.6531 0.6526
vn -0.9245 0.3166 0.2122
vn -0.3842 0.7678 0.5127
vn -0.9245 0.3519 0.1462
vn -0.3842 0.8530 0.3531
vn -0.9245 0.3738 0.0746
vn -0.3843 0.9055 0.1800
vn -0.9245 0.3811 -0.0000
vn -0.3843 0.9055 -0.1800
vn -0.9245 0.3738 -0.0746
vn -0.3842 0.8531 -0.3531
vn -0.9245 0.3519 -0.1462
vn -0.3843 0.7678 -0.5126
vn -0.9245 0.3166 -0.2122
vn -0.3843 0.6531 -0.6526
vn -0.9245 0.2691 -0.2699
vn -0.3843 0.5132 -0.7675
vn -0.9245 0.2113 -0.3172
vn -0.3843 0.3535 -0.8529
vn -0.9245 0.1455 -0.3523
vn -0.3843 0.1802 -0.9055
vn -0.9245 0.0741 -0.3738
vn -0.0328 -0.1932 0.9806
vn -0.0363 -0.0010 0.9993
vn -0.0327 -0.1963 0.9800
vn 0.9992 0.0229 0.0314
vn 0.9992 0.0147 0.0362
vn 0.9993 0.0233 0.0299
vn 0.9993 0.0053 0.0375
vn 0.9993 -0.0046 0.0359
vn 0.9992 0.0044 0.0387
vn 0.9993 0.0287 0.0238
vn 0.9994 0.0287 0.0209
vn 0.9994 0.0311 0.0146
vn 0.9995 0.0303 0.0105
vn 0.9995 0.0298 0.0051
vn 0.9996 0.0279 0.0003
vn 0.9997 0.0250 -0.0032
vn 0.9997 0.0217 -0.0083
vn 0.9998 0.0150 -0.0111
vn 0.9997 0.0152 -0.0167
vn 0.9998 0.0073 -0.0165
vn 0.9999 0.0034 -0.0105
vn 0.9999 -0.0031 -0.0150
vn 0.9999 -0.0059 -0.0081
vn 0.9999 -0.0122 -0.0095
vn 0.9999 -0.0136 -0.0024
vn 0.9998 -0.0185 -0.0011
vn 0.9998 -0.0184 0.0059
vn 0.9997 -0.0211 0.0092
vn 0.9997 -0.0198 0.0153
vn 0.9996 -0.0195 0.0197
vn 0.9995 -0.0174 0.0246
vn 0.9995 -0.0140 0.0287
vn 0.9994 -0.0117 0.0322
vn 0.9993 -0.0046 0.0358
vn 0.9993 -0.0029 0.0363
vn 0.9993 0.0232 0.0299
vn 0.9994 0.0310 0.0145
vn 0.9995 0.0303 0.0104
vn 0.9995 0.0297 0.0050
vn 0.9996 0.0277 0.0002
vn 0.9997 0.0248 -0.0032
vn 0.9997 0.0215 -0.0083
vn 0.9998 0.0148 -0.0111
vn 0.9997 0.0149 -0.0167
vn 0.9998 0.0070 -0.0165
vn 0.9999 0.0031 -0.0104
vn 0.9999 -0.0034 -0.0148
vn 0.9999 -0.0062 -0.0080
vn 0.9999 -0.0124 -0.0094
vn 0.9999 -0.0138 -0.0022
vn 0.9998 -0.0187 -0.0009
vn 0.9998 -0.0186 0.0060
vn 0.9997 -0.0212 0.0094
vn 0.9997 -0.0199 0.0155
vn 0.9996 -0.0195 0.0198
vn 0.9995 -0.0175 0.0247
vn 0.9995 -0.0140 0.0288
vn 0.9994 -0.0117 0.0323
vn -0.9993 -0.0053 -0.0375
vn -0.9993 0.0046 -0.0358
vn -0.9993 0.0029 -0.0363
vn -0.0152 0.9999 0.0028
vn -0.0218 0.9810 0.1929
vn -0.0220 0.9800 0.1977
vn -0.9994 -0.0311 -0.0146
vn -0.9994 -0.0287 -0.0209
vn -0.9993 -0.0287 -0.0238
vn -0.0278 0.9242 0.3809
vn -0.0279 0.9226 0.3848
vn -0.9995 -0.0298 -0.0051
vn -0.9995 -0.0303 -0.0105
vn -0.0327 0.8318 0.5542
vn -0.0328 0.8299 0.5569
vn -0.0364 0.0012 0.9993
vn -0.0386 0.1944 0.9802
vn -0.9997 -0.0250 0.0032
vn -0.9996 -0.0279 -0.0003
vn -0.0363 0.7072 0.7061
vn -0.0364 0.7056 0.7077
vn -0.0279 -0.3803 0.9244
vn -0.0278 -0.3841 0.9229
vn -0.9998 -0.0150 0.0111
vn -0.9997 -0.0217 0.0083
vn -0.0386 0.5554 0.8307
vn -0.0386 0.5544 0.8313
vn -0.0220 -0.5531 0.8328
vn -0.0218 -0.5572 0.8301
vn -0.9998 -0.0073 0.0165
vn -0.9997 -0.0152 0.0167
vn -0.0393 0.3823 0.9232
vn -0.0393 0.3822 0.9232
vn -0.0152 -0.7049 0.7092
vn -0.0150 -0.7087 0.7054
vn -0.9999 -0.0034 0.0105
vn -0.9999 0.0031 0.0150
vn -0.0386 0.1954 0.9800
vn -0.0078 -0.8297 0.5582
vn -0.0076 -0.8329 0.5534
vn -0.9999 0.0059 0.0081
vn -0.9999 0.0122 0.0095
vn -0.0001 -0.9227 0.3855
vn 0.0001 -0.9249 0.3801
vn -0.9999 0.0136 0.0024
vn -0.9998 0.0185 0.0011
vn -0.9992 -0.0147 -0.0362
vn -0.9992 -0.0044 -0.0387
vn 0.0076 -0.9802 0.1979
vn 0.0078 -0.9813 0.1923
vn -0.9998 0.0184 -0.0059
vn -0.9997 0.0211 -0.0092
vn -0.9994 0.0117 -0.0322
vn -0.9995 0.0140 -0.0287
vn 0.0150 -0.9999 0.0026
vn 0.0152 -0.9999 -0.0028
vn -0.9997 0.0198 -0.0153
vn -0.9996 0.0195 -0.0197
vn -0.9993 -0.0232 -0.0299
vn -0.9992 -0.0229 -0.0314
vn 0.0218 -0.9810 -0.1929
vn 0.0220 -0.9800 -0.1977
vn -0.9995 0.0174 -0.0246
vn -0.9994 -0.0310 -0.0145
vn 0.0278 -0.9242 -0.3809
vn 0.0279 -0.9226 -0.3848
vn -0.9995 -0.0297 -0.0050
vn -0.9995 -0.0303 -0.0104
vn 0.0327 -0.8318 -0.5542
vn 0.0328 -0.8299 -0.5569
vn -0.9997 -0.0248 0.0032
vn -0.9996 -0.0277 -0.0002
vn 0.0363 -0.7072 -0.7061
vn 0.0364 -0.7056 -0.7077
vn -0.9998 -0.0148 0.0111
vn -0.9997 -0.0215 0.0083
vn 0.0386 -0.5554 -0.8307
vn 0.0386 -0.5544 -0.8313
vn -0.9998 -0.0070 0.0165
vn -0.9997 -0.0149 0.0167
vn 0.0393 -0.3823 -0.9232
vn 0.0393 -0.3822 -0.9232
vn -0.9999 -0.0031 0.0104
vn -0.9999 0.0034 0.0148
vn 0.0386 -0.1954 -0.9800
vn 0.0386 -0.1944 -0.9802
vn -0.9999 0.0062 0.0080
vn -0.9999 0.0124 0.0094
vn 0.0364 -0.0012 -0.9993
vn 0.0363 0.0010 -0.9993
vn -0.9999 0.0138 0.0022
vn -0.9998 0.0187 0.0009
vn 0.0328 0.1932 -0.9806
vn 0.0327 0.1963 -0.9800
vn -0.9998 0.0186 -0.0060
vn -0.9997 0.0212 -0.0094
vn 0.0279 0.3803 -0.9244
vn 0.0278 0.3841 -0.9229
vn -0.9997 0.0199 -0.0155
vn -0.9996 0.0195 -0.0198
vn 0.0220 0.5531 -0.8328
vn 0.0218 0.5572 -0.8301
vn -0.9995 0.0175 -0.0247
vn -0.9995 0.0140 -0.0288
vn 0.0152 0.7049 -0.7092
vn 0.0150 0.7087 -0.7054
vn -0.9994 0.0117 -0.0323
vn -0.9993 0.0046 -0.0359
vn 0.0078 0.8297 -0.5582
vn 0.0076 0.8329 -0.5534
vn -0.9993 0.0029 -0.0364
vn 0.0001 0.9227 -0.3855
vn -0.0001 0.9249 -0.3801
vn -0.0076 0.9802 -0.1979
vn -0.0078 0.9813 -0.1923
vn -0.0150 0.9999 -0.0026
vn -0.9993 -0.0233 -0.0299
vn 0.6855 -0.1441 0.7137
vn 0.6830 -0.0024 0.7304
vn 0.6857 -0.1450 0.7133
vn 0.6890 -0.2800 0.6685
vn 0.6892 -0.2807 0.6679
vn 0.6933 -0.4033 0.5973
vn 0.6935 -0.4038 0.5966
vn 0.6981 -0.5090 0.5035
vn 0.6984 -0.5095 0.5026
vn 0.7034 -0.5933 0.3915
vn 0.7037 -0.5937 0.3903
vn 0.7087 -0.6533 0.2662
vn 0.7090 -0.6536 0.2646
vn 0.7141 -0.6873 0.1328
vn 0.7144 -0.6874 0.1308
vn 0.7191 -0.6949 -0.0034
vn 0.7194 -0.6946 -0.0059
vn 0.7238 -0.6762 -0.1374
vn 0.7240 -0.6754 -0.1401
vn 0.7278 -0.6327 -0.2645
vn 0.7280 -0.6314 -0.2671
vn 0.7311 -0.5665 -0.3803
vn 0.7313 -0.5647 -0.3826
vn 0.7335 -0.4800 -0.4812
vn 0.7336 -0.4782 -0.4828
vn 0.7350 -0.3766 -0.5638
vn 0.7351 -0.3750 -0.5648
vn 0.7356 -0.2597 -0.6257
vn 0.7356 -0.2587 -0.6261
vn 0.7350 -0.1332 -0.6648
vn 0.7351 -0.1331 -0.6648
vn 0.7336 -0.0024 -0.6795
vn 0.7335 -0.0015 -0.6797
vn 0.7313 0.1293 -0.6697
vn 0.7311 0.1313 -0.6695
vn 0.7280 0.2576 -0.6353
vn 0.7278 0.2604 -0.6345
vn 0.7240 0.3781 -0.5769
vn 0.7238 0.3813 -0.5751
vn 0.7194 0.4864 -0.4959
vn 0.7191 0.4894 -0.4933
vn 0.7144 0.5779 -0.3946
vn 0.7140 0.5805 -0.3914
vn 0.7090 0.6488 -0.2762
vn 0.7087 0.6506 -0.2729
vn 0.7037 0.6956 -0.1450
vn 0.7033 0.6966 -0.1418
vn 0.6984 0.7157 -0.0058
vn 0.6981 0.7160 -0.0032
vn 0.6935 0.7075 0.1358
vn 0.6933 0.7074 0.1375
vn 0.6892 0.6708 0.2738
vn 0.6890 0.6707 0.2747
vn 0.6856 0.6068 0.4022
vn 0.6856 0.6068 0.4023
vn 0.6830 0.5178 0.5152
vn 0.6829 0.5176 0.5156
vn 0.6813 0.4077 0.6080
vn 0.6813 0.4070 0.6085
vn 0.6807 0.2807 0.6766
vn 0.6807 0.2797 0.6770
vn 0.6813 0.1424 0.7181
vn 0.6813 0.1413 0.7182
vn 0.6829 -0.0013 0.7305
vn -0.7351 0.1332 0.6648
vn -0.7336 0.0024 0.6795
vn -0.7351 0.1331 0.6648
vn -0.7356 0.2587 0.6261
vn -0.7356 0.2597 0.6257
vn -0.7351 0.3750 0.5648
vn -0.7350 0.3766 0.5638
vn -0.7337 0.4782 0.4828
vn -0.7335 0.4800 0.4811
vn -0.7313 0.5647 0.3826
vn -0.7311 0.5665 0.3803
vn -0.7280 0.6314 0.2671
vn -0.7278 0.6327 0.2645
vn -0.7240 0.6754 0.1401
vn -0.7238 0.6762 0.1374
vn -0.7194 0.6945 0.0059
vn -0.7191 0.6949 0.0034
vn -0.7144 0.6874 -0.1308
vn -0.7141 0.6873 -0.1328
vn -0.7091 0.6536 -0.2646
vn -0.7087 0.6533 -0.2662
vn -0.7037 0.5937 -0.3903
vn -0.7034 0.5933 -0.3915
vn -0.6984 0.5095 -0.5026
vn -0.6982 0.5090 -0.5035
vn -0.6936 0.4038 -0.5966
vn -0.6933 0.4033 -0.5973
vn -0.6892 0.2807 -0.6680
vn -0.6890 0.2800 -0.6685
vn -0.6857 0.1450 -0.7133
vn -0.6855 0.1441 -0.7137
vn -0.6830 0.0024 -0.7304
vn -0.6829 0.0013 -0.7305
vn -0.6813 -0.1413 -0.7182
vn -0.6813 -0.1424 -0.7181
vn -0.6807 -0.2797 -0.6770
vn -0.6807 -0.2807 -0.6766
vn -0.6813 -0.4070 -0.6085
vn -0.6813 -0.4077 -0.6079
vn -0.6829 -0.5176 -0.5156
vn -0.6830 -0.5178 -0.5152
vn -0.6856 -0.6068 -0.4022
vn -0.6856 -0.6068 -0.4023
vn -0.6890 -0.6707 -0.2747
vn -0.6892 -0.6708 -0.2738
vn -0.6933 -0.7074 -0.1375
vn -0.6935 -0.7075 -0.1358
vn -0.6981 -0.7160 0.0032
vn -0.6984 -0.7157 0.0058
vn -0.7033 -0.6966 0.1418
vn -0.7037 -0.6956 0.1450
vn -0.7087 -0.6506 0.2729
vn -0.7090 -0.6488 0.2762
vn -0.7140 -0.5805 0.3914
vn -0.7144 -0.5779 0.3946
vn -0.7191 -0.4894 0.4933
vn -0.7194 -0.4864 0.4959
vn -0.7238 -0.3813 0.5752
vn -0.7240 -0.3781 0.5769
vn -0.7278 -0.2604 0.6344
vn -0.7280 -0.2576 0.6353
vn -0.7311 -0.1313 0.6695
vn -0.7313 -0.1293 0.6697
vn -0.7335 0.0015 0.6797
vn 0.9993 -0.0029 0.0364
vn 0.0328 -0.1932 0.9806
vn 0.0363 -0.0010 0.9993
vn 0.0364 0.0012 0.9993
vn -0.9992 0.0229 0.0314
vn -0.9992 0.0147 0.0362
vn -0.9993 0.0053 0.0375
vn -0.9993 -0.0046 0.0359
vn -0.9993 -0.0029 0.0364
vn -0.9993 0.0287 0.0238
vn -0.9993 0.0233 0.0299
vn -0.9994 0.0311 0.0146
vn -0.9994 0.0287 0.0209
vn -0.9995 0.0298 0.0051
vn -0.9995 0.0303 0.0105
vn -0.9997 0.0250 -0.0032
vn -0.9996 0.0279 0.0002
vn -0.9998 0.0150 -0.0111
vn -0.9997 0.0217 -0.0083
vn -0.9998 0.0073 -0.0165
vn -0.9999 0.0034 -0.0105
vn -0.9999 -0.0031 -0.0150
vn -0.9999 -0.0059 -0.0081
vn -0.9999 -0.0122 -0.0095
vn -0.9999 -0.0136 -0.0024
vn -0.9998 -0.0185 -0.0011
vn -0.9998 -0.0184 0.0059
vn -0.9997 -0.0211 0.0092
vn -0.9997 -0.0198 0.0153
vn -0.9996 -0.0195 0.0197
vn -0.9995 -0.0174 0.0246
vn -0.9995 -0.0140 0.0287
vn -0.9994 -0.0117 0.0322
vn -0.9993 -0.0046 0.0358
vn -0.9993 -0.0029 0.0363
vn -0.9992 0.0044 0.0387
vn -0.9993 0.0232 0.0299
vn -0.9994 0.0310 0.0145
vn -0.9995 0.0297 0.0050
vn -0.9995 0.0303 0.0104
vn -0.9997 0.0248 -0.0032
vn -0.9996 0.0277 0.0002
vn -0.9998 0.0148 -0.0111
vn -0.9997 0.0215 -0.0083
vn -0.9998 0.0070 -0.0165
vn -0.9999 0.0031 -0.0104
vn -0.9999 -0.0034 -0.0148
vn -0.9999 -0.0062 -0.0080
vn -0.9999 -0.0124 -0.0094
vn -0.9999 -0.0138 -0.0022
vn -0.9998 -0.0187 -0.0009
vn -0.9998 -0.0186 0.0060
vn -0.9997 -0.0212 0.0094
vn -0.9997 -0.0199 0.0155
vn -0.9996 -0.0195 0.0198
vn -0.9995 -0.0175 0.0247
vn -0.9995 -0.0140 0.0288
vn -0.9994 -0.0117 0.0323
vn 0.9993 0.0046 -0.0358
vn 0.9993 -0.0053 -0.0375
vn 0.9993 0.0029 -0.0363
vn 0.0218 0.9810 0.1929
vn 0.0152 0.9999 0.0028
vn 0.0220 0.9800 0.1977
vn 0.9994 -0.0287 -0.0209
vn 0.9994 -0.0311 -0.0146
vn 0.9993 -0.0287 -0.0238
vn 0.0278 0.9242 0.3809
vn 0.0279 0.9226 0.3848
vn 0.9995 -0.0303 -0.0105
vn 0.9995 -0.0298 -0.0051
vn 0.0327 0.8318 0.5542
vn 0.0328 0.8299 0.5569
vn 0.0386 0.1944 0.9802
vn 0.0386 0.1954 0.9800
vn 0.9996 -0.0279 -0.0003
vn 0.9997 -0.0250 0.0032
vn 0.0363 0.7072 0.7061
vn 0.0364 0.7056 0.7077
vn 0.0279 -0.3803 0.9244
vn 0.0327 -0.1963 0.9800
vn 0.9997 -0.0217 0.0083
vn 0.9998 -0.0150 0.0111
vn 0.0386 0.5554 0.8307
vn 0.0386 0.5544 0.8313
vn 0.0220 -0.5531 0.8328
vn 0.0278 -0.3841 0.9229
vn 0.9998 -0.0073 0.0165
vn 0.9999 -0.0034 0.0105
vn 0.0393 0.3823 0.9232
vn 0.0393 0.3822 0.9232
vn 0.0152 -0.7049 0.7092
vn 0.0218 -0.5572 0.8301
vn 0.9999 0.0031 0.0150
vn 0.9999 0.0059 0.0081
vn 0.0078 -0.8297 0.5582
vn 0.0150 -0.7087 0.7054
vn 0.9999 0.0122 0.0095
vn 0.9999 0.0136 0.0024
vn 0.0001 -0.9227 0.3855
vn 0.0076 -0.8329 0.5534
vn 0.9998 0.0185 0.0011
vn 0.9998 0.0184 -0.0059
vn 0.9992 -0.0044 -0.0387
vn 0.9992 -0.0147 -0.0362
vn -0.0076 -0.9802 0.1979
vn -0.0001 -0.9249 0.3801
vn 0.9997 0.0211 -0.0092
vn 0.9997 0.0198 -0.0153
vn 0.9994 0.0117 -0.0322
vn -0.0150 -0.9999 0.0026
vn -0.0078 -0.9813 0.1923
vn 0.9996 0.0195 -0.0197
vn 0.9995 0.0174 -0.0246
vn 0.9993 -0.0233 -0.0299
vn 0.9992 -0.0229 -0.0314
vn -0.0218 -0.9810 -0.1929
vn -0.0152 -0.9999 -0.0028
vn 0.9995 0.0140 -0.0287
vn 0.9994 -0.0310 -0.0145
vn -0.0278 -0.9242 -0.3809
vn -0.0220 -0.9800 -0.1977
vn 0.9995 -0.0303 -0.0104
vn 0.9995 -0.0297 -0.0050
vn -0.0327 -0.8318 -0.5542
vn -0.0279 -0.9226 -0.3848
vn 0.9996 -0.0277 -0.0002
vn 0.9997 -0.0248 0.0032
vn -0.0363 -0.7072 -0.7061
vn -0.0328 -0.8299 -0.5569
vn 0.9997 -0.0215 0.0083
vn 0.9998 -0.0148 0.0111
vn -0.0386 -0.5554 -0.8307
vn -0.0364 -0.7056 -0.7077
vn 0.9998 -0.0070 0.0165
vn 0.9999 -0.0031 0.0104
vn -0.0393 -0.3823 -0.9232
vn -0.0386 -0.5544 -0.8313
vn 0.9999 0.0034 0.0148
vn 0.9999 0.0062 0.0080
vn -0.0386 -0.1954 -0.9800
vn -0.0386 -0.1944 -0.9802
vn 0.9999 0.0124 0.0094
vn 0.9999 0.0138 0.0022
vn -0.0364 -0.0012 -0.9993
vn -0.0363 0.0010 -0.9993
vn 0.9998 0.0187 0.0009
vn 0.9998 0.0186 -0.0060
vn -0.0328 0.1932 -0.9806
vn -0.0327 0.1963 -0.9800
vn 0.9997 0.0212 -0.0094
vn 0.9997 0.0199 -0.0155
vn -0.0279 0.3803 -0.9244
vn -0.0278 0.3841 -0.9229
vn 0.9996 0.0195 -0.0198
vn 0.9995 0.0175 -0.0247
vn -0.0220 0.5531 -0.8328
vn -0.0218 0.5572 -0.8301
vn 0.9995 0.0140 -0.0288
vn 0.9994 0.0117 -0.0323
vn -0.0152 0.7049 -0.7092
vn -0.0150 0.7087 -0.7054
vn 0.9993 0.0046 -0.0359
vn 0.9993 0.0029 -0.0364
vn -0.0078 0.8297 -0.5582
vn -0.0076 0.8329 -0.5534
vn -0.0001 0.9227 -0.3855
vn 0.0001 0.9249 -0.3801
vn 0.0076 0.9802 -0.1979
vn 0.0078 0.9813 -0.1923
vn 0.0150 0.9999 -0.0026
vn -0.6855 -0.1441 0.7137
vn -0.6830 -0.0024 0.7304
vn -0.6829 -0.0013 0.7305
vn -0.6890 -0.2800 0.6685
vn -0.6857 -0.1450 0.7133
vn -0.6933 -0.4033 0.5973
vn -0.6892 -0.2807 0.6679
vn -0.6981 -0.5090 0.5035
vn -0.6935 -0.4038 0.5966
vn -0.7034 -0.5933 0.3915
vn -0.6984 -0.5095 0.5026
vn -0.7087 -0.6533 0.2662
vn -0.7037 -0.5937 0.3903
vn -0.7141 -0.6873 0.1328
vn -0.7090 -0.6536 0.2646
vn -0.7191 -0.6949 -0.0034
vn -0.7144 -0.6874 0.1308
vn -0.7238 -0.6762 -0.1374
vn -0.7194 -0.6946 -0.0059
vn -0.7278 -0.6327 -0.2645
vn -0.7240 -0.6754 -0.1401
vn -0.7311 -0.5665 -0.3803
vn -0.7280 -0.6314 -0.2671
vn -0.7335 -0.4800 -0.4812
vn -0.7313 -0.5647 -0.3825
vn -0.7351 -0.3766 -0.5638
vn -0.7336 -0.4782 -0.4828
vn -0.7356 -0.2597 -0.6257
vn -0.7351 -0.3750 -0.5648
vn -0.7351 -0.1332 -0.6648
vn -0.7356 -0.2587 -0.6261
vn -0.7336 -0.0024 -0.6795
vn -0.7335 -0.0015 -0.6797
vn -0.7313 0.1293 -0.6697
vn -0.7311 0.1313 -0.6695
vn -0.7280 0.2576 -0.6353
vn -0.7278 0.2604 -0.6344
vn -0.7240 0.3781 -0.5769
vn -0.7238 0.3813 -0.5751
vn -0.7194 0.4864 -0.4959
vn -0.7191 0.4894 -0.4933
vn -0.7144 0.5779 -0.3946
vn -0.7140 0.5805 -0.3914
vn -0.7090 0.6488 -0.2762
vn -0.7087 0.6506 -0.2729
vn -0.7037 0.6956 -0.1450
vn -0.7033 0.6966 -0.1418
vn -0.6984 0.7157 -0.0058
vn -0.6981 0.7160 -0.0032
vn -0.6935 0.7075 0.1358
vn -0.6933 0.7074 0.1375
vn -0.6892 0.6708 0.2738
vn -0.6890 0.6707 0.2747
vn -0.6856 0.6068 0.4022
vn -0.6856 0.6068 0.4023
vn -0.6830 0.5178 0.5152
vn -0.6813 0.4077 0.6080
vn -0.6829 0.5176 0.5156
vn -0.6807 0.2807 0.6766
vn -0.6813 0.4070 0.6085
vn -0.6813 0.1424 0.7181
vn -0.6807 0.2797 0.6770
vn -0.6813 0.1413 0.7182
vn 0.7351 0.1332 0.6648
vn 0.7337 0.0024 0.6795
vn 0.7335 0.0015 0.6796
vn 0.7356 0.2587 0.6261
vn 0.7356 0.2597 0.6257
vn 0.7351 0.3750 0.5648
vn 0.7350 0.3766 0.5638
vn 0.7336 0.4782 0.4828
vn 0.7335 0.4800 0.4812
vn 0.7313 0.5647 0.3825
vn 0.7311 0.5665 0.3803
vn 0.7280 0.6314 0.2671
vn 0.7278 0.6327 0.2645
vn 0.7240 0.6754 0.1401
vn 0.7237 0.6762 0.1374
vn 0.7194 0.6945 0.0059
vn 0.7191 0.6949 0.0034
vn 0.7144 0.6874 -0.1308
vn 0.7141 0.6873 -0.1328
vn 0.7090 0.6536 -0.2646
vn 0.7087 0.6533 -0.2662
vn 0.7037 0.5937 -0.3903
vn 0.7034 0.5933 -0.3915
vn 0.6984 0.5095 -0.5026
vn 0.6982 0.5090 -0.5035
vn 0.6935 0.4038 -0.5966
vn 0.6933 0.4033 -0.5973
vn 0.6892 0.2807 -0.6679
vn 0.6890 0.2800 -0.6685
vn 0.6857 0.1450 -0.7133
vn 0.6855 0.1441 -0.7137
vn 0.6830 0.0024 -0.7304
vn 0.6829 0.0013 -0.7305
vn 0.6813 -0.1413 -0.7182
vn 0.6813 -0.1424 -0.7181
vn 0.6807 -0.2797 -0.6770
vn 0.6807 -0.2807 -0.6766
vn 0.6813 -0.4070 -0.6085
vn 0.6813 -0.4077 -0.6079
vn 0.6829 -0.5176 -0.5156
vn 0.6830 -0.5178 -0.5151
vn 0.6856 -0.6068 -0.4021
vn 0.6856 -0.6067 -0.4023
vn 0.6890 -0.6707 -0.2747
vn 0.6933 -0.7074 -0.1375
vn 0.6892 -0.6708 -0.2738
vn 0.6981 -0.7160 0.0032
vn 0.6935 -0.7075 -0.1358
vn 0.7033 -0.6966 0.1418
vn 0.6984 -0.7157 0.0058
vn 0.7087 -0.6506 0.2729
vn 0.7037 -0.6956 0.1450
vn 0.7140 -0.5805 0.3914
vn 0.7090 -0.6488 0.2762
vn 0.7191 -0.4894 0.4933
vn 0.7144 -0.5779 0.3946
vn 0.7237 -0.3813 0.5752
vn 0.7194 -0.4864 0.4959
vn 0.7278 -0.2604 0.6344
vn 0.7240 -0.3782 0.5769
vn 0.7311 -0.1313 0.6695
vn 0.7280 -0.2576 0.6353
vn 0.7313 -0.1293 0.6697
vn 0.9239 -0.0000 0.3827
vn 0.3827 -0.0000 0.9239
vn -0.9239 -0.0000 0.3827
vn -0.3827 -0.0000 0.9239
vn -0.3827 -0.0000 -0.9239
vn -0.9239 -0.0000 -0.3827
vn 0.3827 -0.0000 -0.9239
vn 0.9239 -0.0000 -0.3827
vn 0.1311 -0.9914 0.0018
vn -0.2588 0.9659 -0.0000
vn -0.9654 -0.2587 -0.0342
vn 0.9781 0.2063 0.0273
vn -0.0005 -0.1238 0.9923
vn -0.0005 0.0001 1.0000
vn 0.0023 -0.0006 1.0000
vn -0.1201 0.9122 0.3916
vn -0.9209 -0.0478 0.3870
vn 0.2562 0.8186 0.5140
vn 0.9214 -0.0455 0.3860
vn 0.5360 0.4422 -0.7191
vn 0.7013 -0.0230 -0.7125
vn 0.6559 -0.3315 -0.6781
vn 0.3735 0.8434 -0.3862
vn 0.6559 0.3315 0.6781
vn 0.3735 -0.8434 0.3862
vn 0.6199 0.2717 0.7361
vn -0.5033 0.0001 -0.8641
vn 0.9117 -0.1112 -0.3956
vn 0.7096 0.4742 -0.5211
vn 0.4388 -0.2060 -0.8747
vn -0.6161 0.7877 -0.0000
vn 0.7011 -0.7010 -0.1306
vn 0.1830 -0.1830 0.9659
vn -0.1830 0.1830 -0.9659
vn 0.9685 0.2479 -0.0217
vn 0.5928 0.6245 -0.5085
vn 0.2476 0.9686 0.0217
vn 0.1830 -0.1830 -0.9659
vn -0.2176 -0.9703 0.1057
vn -0.5360 0.4422 -0.7191
vn -0.5360 0.4422 0.7191
vn -0.6559 -0.3316 -0.6781
vn -0.6559 0.3315 -0.6781
vn -0.6559 0.3316 0.6781
vn -0.6559 -0.3316 0.6781
vn 0.5033 0.0001 -0.8641
vn -0.9116 -0.1112 -0.3958
vn -0.7097 0.4740 -0.5211
vn -0.2464 0.8845 -0.3962
vn -0.6332 -0.6684 -0.3902
vn 0.6161 0.7877 -0.0000
vn -0.7071 0.7072 -0.0000
vn -0.7072 0.7071 -0.0000
vn -0.6372 -0.0292 -0.7702
vn -0.6372 -0.0292 0.7702
vn 0.0293 0.6371 -0.7702
vn 0.0293 0.6371 0.7702
vn -0.1830 -0.1830 -0.9659
vn -0.9966 -0.0828 -0.0000
vn -0.3843 -0.9232 -0.0000
vn -0.3843 0.9232 -0.0000
vn -0.9997 0.0152 -0.0167
vn -0.9997 0.0149 -0.0167
vn 0.9997 -0.0152 0.0167
vn 0.9997 -0.0149 0.0167
vn -0.0393 -0.3822 -0.9232
vn -0.7351 -0.1331 -0.6648
vn 0.7351 0.1331 0.6648
vt 0.210663 0.837772
vt 0.181529 0.841007
vt 0.181689 0.837636
vt 0.265650 0.785118
vt 0.263111 0.813933
vt 0.264095 0.784861
vt 0.304321 0.786378
vt 0.304905 0.815326
vt 0.303343 0.815313
vt 0.317960 0.955368
vt 0.315826 0.953168
vt 0.318135 0.953194
vt 0.616040 0.802409
vt 0.576288 0.798993
vt 0.581806 0.795620
vt 0.317632 0.984243
vt 0.315454 0.986563
vt 0.315323 0.984217
vt 0.791824 0.869412
vt 0.813473 0.898617
vt 0.791896 0.898604
vt 0.612867 0.866649
vt 0.576284 0.864141
vt 0.575434 0.831566
vt 0.190439 0.905305
vt 0.210289 0.902918
vt 0.210663 0.905409
vt 0.396800 0.950774
vt 0.416762 0.922919
vt 0.416764 0.952576
vt 0.189450 0.902819
vt 0.210167 0.899534
vt 0.605252 0.916110
vt 0.575913 0.919487
vt 0.575917 0.916110
vt 0.605249 0.919487
vt 0.575904 0.921960
vt 0.605252 0.886398
vt 0.575916 0.886398
vt 0.396799 0.917727
vt 0.416999 0.919484
vt 0.396803 0.915245
vt 0.417644 0.916879
vt 0.812835 0.901966
vt 0.575913 0.883021
vt 0.605249 0.883021
vt 0.575904 0.880548
vt 0.605239 0.880548
vt 0.791923 0.836827
vt 0.820500 0.840245
vt 0.791751 0.840219
vt 0.304335 0.844496
vt 0.305903 0.844668
vt 0.315651 0.955342
vt 0.986153 0.010142
vt 0.988461 0.007878
vt 0.988460 0.010142
vt 0.323182 0.782324
vt 0.322145 0.811877
vt 0.319864 0.811867
vt 0.986154 0.039093
vt 0.988462 0.039093
vt 0.986154 0.007878
vt 0.988463 0.006499
vt 0.323561 0.840512
vt 0.325843 0.840522
vt 0.744871 0.949149
vt 0.746976 0.946742
vt 0.747169 0.949135
vt 0.744871 0.886528
vt 0.746983 0.888776
vt 0.744685 0.888790
vt 0.744677 0.946756
vt 0.743410 0.917299
vt 0.744828 0.885124
vt 0.747169 0.886514
vt 0.396802 0.954166
vt 0.741112 0.917313
vt 0.181363 0.870202
vt 0.210502 0.841143
vt 0.210334 0.870339
vt 0.323970 0.778588
vt 0.325842 0.780000
vt 0.323560 0.779990
vt 0.325464 0.782334
vt 0.265662 0.843026
vt 0.264674 0.813945
vt 0.302163 0.782158
vt 0.299932 0.779844
vt 0.303018 0.780782
vt 0.820570 0.869437
vt 0.291668 0.116125
vt 0.119326 0.104460
vt 0.135310 0.095232
vt 0.282461 0.405832
vt 0.119956 0.399880
vt 0.116703 0.254686
vt 0.303733 0.783839
vt 0.305889 0.786222
vt 0.299763 0.849127
vt 0.270547 0.849699
vt 0.270782 0.848183
vt 0.268207 0.847414
vt 0.267382 0.848754
vt 0.317763 0.986588
vt 0.315813 0.988118
vt 0.265059 0.846429
vt 0.266447 0.845654
vt 0.302211 0.848544
vt 0.299950 0.850656
vt 0.988463 0.041357
vt 0.986156 0.041357
vt 0.264108 0.843244
vt 0.305171 0.847776
vt 0.303034 0.849922
vt 0.323971 0.842732
vt 0.326252 0.842742
vt 0.268088 0.781048
vt 0.270470 0.778885
vt 0.270623 0.780456
vt 0.303744 0.847004
vt 0.305160 0.783075
vt 0.266408 0.782623
vt 0.267327 0.779619
vt 0.299673 0.781402
vt 0.265035 0.781768
vt 0.300000 0.851116
vt 0.417283 0.952592
vt 0.417000 0.955922
vt 0.305593 0.848010
vt 0.303274 0.850336
vt 0.417514 0.955859
vt 0.417646 0.958283
vt 0.306369 0.844723
vt 0.188984 0.902728
vt 0.188486 0.899441
vt 0.300021 0.779384
vt 0.303286 0.780376
vt 0.575443 0.919387
vt 0.305598 0.782851
vt 0.575434 0.921786
vt 0.306369 0.786180
vt 0.181251 0.837735
vt 0.181094 0.841031
vt 0.270472 0.850154
vt 0.267132 0.849157
vt 0.417512 0.919623
vt 0.264643 0.846664
vt 0.418141 0.917086
vt 0.263644 0.843313
vt 0.813363 0.901862
vt 0.813987 0.898581
vt 0.270437 0.778421
vt 0.575443 0.883121
vt 0.575446 0.886424
vt 0.267113 0.779198
vt 0.821167 0.836950
vt 0.821158 0.834339
vt 0.821639 0.834511
vt 0.263644 0.784789
vt 0.264638 0.781517
vt 0.820672 0.836853
vt 0.305383 0.815334
vt 0.188042 0.899425
vt 0.417281 0.922988
vt 0.262658 0.813933
vt 0.820999 0.840267
vt 0.821072 0.869430
vt 0.318377 0.955346
vt 0.301979 0.848113
vt 0.299720 0.848651
vt 0.323511 0.778421
vt 0.303332 0.846754
vt 0.323077 0.779904
vt 0.985688 0.010116
vt 0.985689 0.007778
vt 0.301921 0.782548
vt 0.323960 0.844216
vt 0.323490 0.842836
vt 0.303320 0.784046
vt 0.323067 0.840543
vt 0.303866 0.786403
vt 0.318048 0.984274
vt 0.318184 0.986692
vt 0.268465 0.846995
vt 0.318121 0.988144
vt 0.318558 0.988319
vt 0.266874 0.845402
vt 0.744447 0.949259
vt 0.744248 0.946797
vt 0.266139 0.842941
vt 0.985690 0.039118
vt 0.268328 0.781454
vt 0.270681 0.780904
vt 0.986158 0.042736
vt 0.985691 0.041457
vt 0.266830 0.782858
vt 0.744447 0.886436
vt 0.322686 0.782315
vt 0.302890 0.815289
vt 0.303881 0.844424
vt 0.270865 0.847711
vt 0.266126 0.785174
vt 0.265152 0.813929
vt 0.744254 0.888773
vt 0.740679 0.917326
vt 0.299609 0.781846
vt 0.413842 0.087175
vt 0.412300 0.231676
vt 0.412300 0.083733
vt 0.326036 0.876280
vt 0.315721 0.938514
vt 0.315721 0.865694
vt 0.487406 0.024247
vt 0.435467 0.093500
vt 0.423305 0.084536
vt 0.366585 0.833723
vt 0.344539 0.885680
vt 0.343431 0.834300
vt 0.543599 0.629292
vt 0.556533 0.667185
vt 0.542373 0.666655
vt 0.383801 0.465173
vt 0.272403 0.444836
vt 0.383801 0.444976
vt 0.137416 0.491353
vt 0.107378 0.477160
vt 0.135605 0.478320
vt 0.527458 0.006739
vt 0.497415 0.020094
vt 0.491537 0.006774
vt 0.631245 0.006638
vt 0.595674 0.018940
vt 0.593862 0.006674
vt 0.540196 0.733024
vt 0.487086 0.772312
vt 0.488429 0.731379
vt 0.383801 0.491663
vt 0.247091 0.477104
vt 0.018870 0.252385
vt 0.033283 0.408691
vt 0.018870 0.414632
vt 0.907807 0.421343
vt 0.960244 0.253745
vt 0.960244 0.421343
vt 0.373983 0.653310
vt 0.364307 0.783180
vt 0.364307 0.653320
vt 0.773891 0.006499
vt 0.637155 0.020176
vt 0.773891 0.031436
vt 0.662472 0.050559
vt 0.277249 0.517551
vt 0.328639 0.635041
vt 0.277249 0.634868
vt 0.127701 0.899353
vt 0.095340 0.846873
vt 0.127701 0.846914
vt 0.097372 0.472746
vt 0.091402 0.487126
vt 0.553178 0.769457
vt 0.538853 0.773957
vt 0.490606 0.665010
vt 0.491832 0.627647
vt 0.548277 0.486721
vt 0.557759 0.629823
vt 0.972691 0.416321
vt 0.907807 0.253745
vt 0.895399 0.416321
vt 0.895399 0.253747
vt 0.424350 0.852730
vt 0.422259 0.853120
vt 0.416572 0.850263
vt 0.525647 0.019008
vt 0.502517 0.035958
vt 0.203807 0.491437
vt 0.396798 0.693659
vt 0.409272 0.845239
vt 0.396798 0.850262
vt 0.474089 0.693659
vt 0.461709 0.845239
vt 0.461709 0.693660
vt 0.240935 0.504374
vt 0.383554 0.504554
vt 0.481435 0.010709
vt 0.408889 0.078940
vt 0.631280 0.035832
vt 0.595709 0.035867
vt 0.773926 0.066101
vt 0.656597 0.066215
vt 0.262658 0.523617
vt 0.262658 0.635025
vt 0.240935 0.465781
vt 0.266247 0.433513
vt 0.496510 0.485076
vt 0.548988 0.864622
vt 0.553498 0.779602
vt 0.562437 0.852950
vt 0.707440 0.857250
vt 0.743513 0.806093
vt 0.743005 0.857482
vt 0.045160 0.404481
vt 0.102154 0.461444
vt 0.203560 0.504327
vt 0.241182 0.491484
vt 0.956637 0.666198
vt 0.966952 0.603965
vt 0.966952 0.655613
vt 0.707522 0.872113
vt 0.748976 0.872113
vt 0.137169 0.504244
vt 0.342882 0.819448
vt 0.960373 0.501011
vt 0.205618 0.478408
vt 0.006499 0.420418
vt 0.086139 0.500016
vt 0.526929 0.020134
vt 0.248384 0.674092
vt 0.181452 0.675788
vt 0.180928 0.674319
vt 0.594395 0.020068
vt 0.327317 0.876001
vt 0.315323 0.864113
vt 0.525682 0.035935
vt 0.526963 0.035475
vt 0.968233 0.655891
vt 0.204325 0.477489
vt 0.180928 0.748784
vt 0.247847 0.746929
vt 0.248384 0.748557
vt 0.341636 0.820312
vt 0.968233 0.603683
vt 0.956637 0.593380
vt 0.956239 0.591796
vt 0.706233 0.871271
vt 0.706169 0.857234
vt 0.327317 0.928209
vt 0.326036 0.927928
vt 0.343244 0.885493
vt 0.342141 0.834340
vt 0.706674 0.806072
vt 0.707948 0.805861
vt 0.247847 0.675565
vt 0.181452 0.747153
vt 0.096222 0.504192
vt 0.096090 0.490080
vt 0.101502 0.491308
vt 0.553191 0.774881
vt 0.538866 0.779372
vt 0.539173 0.784086
vt 0.371125 0.818968
vt 0.371984 0.833831
vt 0.381223 0.819593
vt 0.376715 0.834300
vt 0.497141 0.037111
vt 0.492068 0.021403
vt 0.102033 0.475768
vt 0.487099 0.777727
vt 0.487406 0.782441
vt 0.486124 0.007929
vt 0.373092 0.885211
vt 0.367693 0.885103
vt 0.377823 0.885680
vt 0.416526 0.838160
vt 0.409272 0.693660
vt 0.416526 0.693660
vt 0.454455 0.838160
vt 0.655243 0.623298
vt 0.693172 0.761519
vt 0.655243 0.761519
vt 0.602968 0.934957
vt 0.612603 0.973413
vt 0.602968 0.972421
vt 0.351310 0.661761
vt 0.341636 0.523805
vt 0.351310 0.517551
vt 0.408889 0.231679
vt 0.419894 0.086680
vt 0.423305 0.231665
vt 0.419894 0.231669
vt 0.693034 0.926165
vt 0.690399 0.776096
vt 0.693033 0.776096
vt 0.415099 0.086388
vt 0.899839 0.524184
vt 0.903234 0.526008
vt 0.903416 0.667760
vt 0.418362 0.088911
vt 0.418363 0.230232
vt 0.657845 0.778910
vt 0.655243 0.774657
vt 0.657844 0.774654
vt 0.414014 0.086609
vt 0.906631 0.871849
vt 0.903998 0.720018
vt 0.906632 0.720018
vt 0.366918 0.802784
vt 0.364307 0.803239
vt 0.364346 0.802562
vt 0.367025 0.802288
vt 0.364453 0.802067
vt 0.903998 0.872509
vt 0.903997 0.871849
vt 0.417734 0.087573
vt 0.417107 0.087161
vt 0.693034 0.774541
vt 0.690399 0.775285
vt 0.690400 0.774541
vt 0.366879 0.804994
vt 0.364347 0.805449
vt 0.364307 0.804772
vt 0.418193 0.088214
vt 0.414475 0.086320
vt 0.693033 0.775285
vt 0.366879 0.803461
vt 0.658058 0.779046
vt 0.657986 0.774614
vt 0.658058 0.774517
vt 0.657987 0.778950
vt 0.367005 0.803405
vt 0.414598 0.086486
vt 0.415261 0.086561
vt 0.414649 0.086593
vt 0.414111 0.086791
vt 0.906632 0.872509
vt 0.906768 0.871938
vt 0.906769 0.872581
vt 0.693170 0.776034
vt 0.418087 0.088330
vt 0.418265 0.089072
vt 0.693171 0.775243
vt 0.366919 0.805671
vt 0.367005 0.805076
vt 0.367044 0.805738
vt 0.417601 0.087648
vt 0.413834 0.230233
vt 0.413932 0.087396
vt 0.413930 0.230163
vt 0.906769 0.719978
vt 0.693172 0.926205
vt 0.693160 0.982274
vt 0.690723 0.940422
vt 0.693160 0.940788
vt 0.514088 0.877698
vt 0.515112 0.923247
vt 0.487086 0.921830
vt 0.985701 0.105267
vt 0.988753 0.137647
vt 0.985701 0.137652
vt 0.508392 0.938467
vt 0.510809 0.979987
vt 0.508392 0.980278
vt 0.985808 0.199958
vt 0.988668 0.199033
vt 0.988788 0.200138
vt 0.510480 0.936793
vt 0.508063 0.937085
vt 0.988753 0.105263
vt 0.985688 0.103936
vt 0.988740 0.103932
vt 0.508063 0.981527
vt 0.510480 0.981235
vt 0.692835 0.939569
vt 0.988668 0.232763
vt 0.985808 0.231187
vt 0.988788 0.231367
vt 0.985688 0.138915
vt 0.692835 0.983665
vt 0.690723 0.981908
vt 0.454449 0.850263
vt 0.454633 0.897223
vt 0.409496 0.902247
vt 0.416756 0.897223
vt 0.461933 0.902247
vt 0.450618 0.858071
vt 0.446258 0.896610
vt 0.420571 0.893497
vt 0.420310 0.891862
vt 0.420881 0.893306
vt 0.122845 0.970046
vt 0.125217 0.968491
vt 0.125314 0.970051
vt 0.451037 0.891862
vt 0.970851 0.869512
vt 0.968856 0.871595
vt 0.968456 0.869643
vt 0.968321 0.867365
vt 0.971085 0.818605
vt 0.970717 0.867234
vt 0.446102 0.853209
vt 0.424931 0.854958
vt 0.424938 0.853209
vt 0.985112 0.800877
vt 0.986483 0.798649
vt 0.986860 0.800911
vt 0.906407 0.902357
vt 0.906569 0.905242
vt 0.905098 0.904285
vt 0.985112 0.777454
vt 0.986860 0.777488
vt 0.122712 0.966305
vt 0.125181 0.966310
vt 0.247415 0.979187
vt 0.245267 0.977259
vt 0.246989 0.976895
vt 0.122712 0.916230
vt 0.125181 0.916235
vt 0.968856 0.816741
vt 0.968689 0.818736
vt 0.450895 0.855624
vt 0.450324 0.854180
vt 0.247415 0.974797
vt 0.122748 0.914012
vt 0.122845 0.912350
vt 0.125217 0.914016
vt 0.448352 0.855375
vt 0.446095 0.854958
vt 0.446855 0.894756
vt 0.448946 0.894366
vt 0.450478 0.893306
vt 0.448784 0.853120
vt 0.446690 0.852730
vt 0.422421 0.894366
vt 0.424515 0.894756
vt 0.420727 0.854180
vt 0.420168 0.855624
vt 0.968017 0.867525
vt 0.924423 0.885955
vt 0.925616 0.886417
vt 0.925724 0.886842
vt 0.968542 0.871667
vt 0.968150 0.869756
vt 0.922702 0.885745
vt 0.924381 0.885579
vt 0.922780 0.886383
vt 0.920895 0.887320
vt 0.922655 0.886130
vt 0.921032 0.886871
vt 0.906082 0.902317
vt 0.904801 0.904206
vt 0.905646 0.902448
vt 0.904628 0.906409
vt 0.904342 0.906286
vt 0.904434 0.904239
vt 0.125468 0.966481
vt 0.125503 0.968616
vt 0.904454 0.907841
vt 0.903997 0.906215
vt 0.422684 0.853626
vt 0.424766 0.852948
vt 0.422560 0.853357
vt 0.421038 0.854765
vt 0.420947 0.854473
vt 0.968388 0.818570
vt 0.968552 0.816617
vt 0.125468 0.916070
vt 0.450105 0.854473
vt 0.450704 0.855996
vt 0.450014 0.854765
vt 0.448484 0.853357
vt 0.448359 0.853626
vt 0.446275 0.852948
vt 0.968226 0.818137
vt 0.967850 0.867881
vt 0.904826 0.908000
vt 0.925689 0.938774
vt 0.413842 0.376174
vt 0.412300 0.379619
vt 0.947132 0.794379
vt 0.936817 0.732145
vt 0.947132 0.721560
vt 0.058399 0.718816
vt 0.081478 0.667275
vt 0.071458 0.730963
vt 0.067961 0.628995
vt 0.016168 0.652214
vt 0.016168 0.629049
vt 0.593862 0.456324
vt 0.631280 0.471938
vt 0.593898 0.471974
vt 0.383801 0.040515
vt 0.272403 0.060573
vt 0.247091 0.028240
vt 0.137416 0.013715
vt 0.107378 0.027833
vt 0.101502 0.013670
vt 0.497415 0.443092
vt 0.527458 0.456389
vt 0.491537 0.456424
vt 0.595674 0.444055
vt 0.631245 0.456287
vt 0.590855 0.495093
vt 0.642245 0.536216
vt 0.590855 0.536043
vt 0.383801 0.014025
vt 0.241182 0.013846
vt 0.033283 0.096115
vt 0.018870 0.090138
vt 0.907807 0.086148
vt 0.960244 0.086148
vt 0.364307 0.523459
vt 0.373983 0.517551
vt 0.637155 0.442738
vt 0.773891 0.456148
vt 0.662472 0.412305
vt 0.773891 0.431210
vt 0.314451 0.648039
vt 0.262658 0.765423
vt 0.262658 0.648092
vt 0.673531 0.795620
vt 0.641163 0.848100
vt 0.641163 0.795661
vt 0.091402 0.017827
vt 0.527494 0.472039
vt 0.486539 0.472079
vt 0.590855 0.602440
vt 0.642245 0.639992
vt 0.590855 0.639818
vt 0.773926 0.471799
vt 0.972691 0.091173
vt 0.895399 0.091173
vt 0.424350 0.534590
vt 0.416572 0.537057
vt 0.422259 0.534200
vt 0.067961 0.652161
vt 0.082343 0.629070
vt 0.082167 0.657295
vt 0.203807 0.013799
vt 0.135604 0.026744
vt 0.409272 0.542080
vt 0.396798 0.537057
vt 0.461709 0.542080
vt 0.474089 0.537056
vt 0.576265 0.782606
vt 0.590855 0.782450
vt 0.423305 0.378795
vt 0.481435 0.452508
vt 0.408889 0.384419
vt 0.082343 0.559041
vt 0.067961 0.523396
vt 0.082131 0.517551
vt 0.328621 0.759525
vt 0.328621 0.648104
vt 0.383554 0.073603
vt 0.383801 0.060713
vt 0.661404 0.860477
vt 0.629037 0.860518
vt 0.240935 0.041124
vt 0.642245 0.782623
vt 0.396798 0.393407
vt 0.476454 0.468170
vt 0.016168 0.559021
vt 0.016168 0.523450
vt 0.097372 0.032221
vt 0.045160 0.101931
vt 0.576265 0.639975
vt 0.940002 0.897748
vt 0.950318 0.959981
vt 0.940002 0.949396
vt 0.205618 0.026832
vt 0.576265 0.536199
vt 0.112197 0.040961
vt 0.960373 0.006499
vt 0.642245 0.602613
vt 0.006499 0.085897
vt 0.086139 0.006499
vt 0.081546 0.627783
vt 0.079921 0.627252
vt 0.081546 0.560317
vt 0.067961 0.558967
vt 0.935536 0.731866
vt 0.947530 0.719978
vt 0.938721 0.949673
vt 0.950716 0.961561
vt 0.136872 0.027746
vt 0.007999 0.560921
vt 0.006499 0.627861
vt 0.006499 0.560394
vt 0.135358 0.040991
vt 0.950318 0.887163
vt 0.938721 0.897466
vt 0.950716 0.885579
vt 0.205372 0.041079
vt 0.204325 0.027831
vt 0.935536 0.784074
vt 0.947530 0.795962
vt 0.016365 0.627771
vt 0.067929 0.560251
vt 0.007999 0.627326
vt 0.079921 0.560846
vt 0.576021 0.494889
vt 0.576265 0.500282
vt 0.590026 0.485076
vt 0.590612 0.489709
vt 0.486124 0.455279
vt 0.481136 0.470936
vt 0.106823 0.042174
vt 0.102033 0.029211
vt 0.067770 0.657528
vt 0.081950 0.662632
vt 0.096090 0.014884
vt 0.642245 0.495266
vt 0.642002 0.489883
vt 0.492068 0.441793
vt 0.067309 0.662179
vt 0.015977 0.657582
vt 0.416526 0.549160
vt 0.454455 0.549160
vt 0.454455 0.693660
vt 0.693172 0.485076
vt 0.655243 0.485076
vt 0.877215 0.970155
vt 0.886996 0.934198
vt 0.886996 0.971371
vt 0.341636 0.799692
vt 0.351310 0.805970
vt 0.419894 0.376657
vt 0.919766 0.870088
vt 0.922401 0.720019
vt 0.922400 0.870088
vt 0.415099 0.376959
vt 0.417107 0.376182
vt 0.768969 0.486906
vt 0.772363 0.485076
vt 0.773042 0.486008
vt 0.418362 0.374429
vt 0.418363 0.233108
vt 0.671055 0.778802
vt 0.673636 0.774555
vt 0.673637 0.778811
vt 0.414014 0.376739
vt 0.916414 0.676747
vt 0.919047 0.524916
vt 0.919048 0.676747
vt 0.382784 0.803387
vt 0.380198 0.802606
vt 0.382798 0.802707
vt 0.380270 0.802113
vt 0.382870 0.802214
vt 0.916414 0.524256
vt 0.916413 0.524916
vt 0.417734 0.375768
vt 0.919766 0.870898
vt 0.922401 0.871643
vt 0.919767 0.871643
vt 0.382870 0.805617
vt 0.380222 0.804831
vt 0.382822 0.804932
vt 0.418193 0.375126
vt 0.414475 0.377028
vt 0.922401 0.870898
vt 0.380184 0.803286
vt 0.418266 0.233220
vt 0.413834 0.233116
vt 0.673763 0.774517
vt 0.673763 0.778852
vt 0.380041 0.803212
vt 0.414598 0.376901
vt 0.415261 0.376824
vt 0.380055 0.802549
vt 0.414111 0.376596
vt 0.919048 0.524256
vt 0.919184 0.524827
vt 0.413932 0.375992
vt 0.922538 0.870150
vt 0.418087 0.375050
vt 0.418265 0.374307
vt 0.922538 0.870941
vt 0.417601 0.375733
vt 0.380270 0.805516
vt 0.380082 0.804896
vt 0.416937 0.376172
vt 0.919185 0.676787
vt 0.922539 0.719978
vt 0.163932 0.940788
vt 0.161540 0.982303
vt 0.161540 0.940492
vt 0.876269 0.919907
vt 0.849265 0.875775
vt 0.877293 0.874357
vt 0.988736 0.057233
vt 0.985688 0.089650
vt 0.985688 0.057226
vt 0.987446 0.721367
vt 0.985074 0.763235
vt 0.985074 0.721749
vt 0.985688 0.152093
vt 0.988787 0.153308
vt 0.985810 0.153489
vt 0.984735 0.764457
vt 0.987446 0.762853
vt 0.987108 0.764075
vt 0.988767 0.090934
vt 0.988737 0.089657
vt 0.984735 0.720361
vt 0.987108 0.719978
vt 0.161874 0.939110
vt 0.985688 0.185856
vt 0.988787 0.184567
vt 0.988665 0.185675
vt 0.985718 0.055907
vt 0.161874 0.983552
vt 0.163932 0.982600
vt 0.164267 0.983849
vt 0.985810 0.184748
vt 0.454449 0.537057
vt 0.409496 0.485076
vt 0.454633 0.490100
vt 0.416756 0.490100
vt 0.461933 0.485076
vt 0.450158 0.492269
vt 0.448352 0.531945
vt 0.421031 0.530805
vt 0.420310 0.495460
vt 0.420881 0.494017
vt 0.376979 0.956305
vt 0.379401 0.954595
vt 0.379452 0.956301
vt 0.451037 0.495460
vt 0.342741 0.917510
vt 0.343705 0.920641
vt 0.342266 0.919591
vt 0.986777 0.869568
vt 0.984249 0.820842
vt 0.986646 0.820985
vt 0.424931 0.532361
vt 0.446102 0.534111
vt 0.424938 0.534111
vt 0.345505 0.916642
vt 0.344180 0.918560
vt 0.987814 0.269213
vt 0.985688 0.266922
vt 0.987437 0.266950
vt 0.987814 0.245789
vt 0.376928 0.954600
vt 0.379382 0.952362
vt 0.422677 0.531944
vt 0.379382 0.902351
vt 0.376909 0.952367
vt 0.376909 0.902355
vt 0.984392 0.818564
vt 0.986789 0.818707
vt 0.450895 0.531696
vt 0.450324 0.533140
vt 0.987193 0.816753
vt 0.984796 0.816610
vt 0.379401 0.900189
vt 0.376928 0.900193
vt 0.379452 0.898677
vt 0.376979 0.898682
vt 0.080324 0.971652
vt 0.082135 0.974007
vt 0.080324 0.973983
vt 0.446855 0.492567
vt 0.448946 0.492957
vt 0.450478 0.494017
vt 0.448784 0.534200
vt 0.446690 0.534590
vt 0.420168 0.531696
vt 0.422421 0.492957
vt 0.424515 0.492567
vt 0.420727 0.533140
vt 0.987041 0.869767
vt 0.986932 0.871559
vt 0.342098 0.920963
vt 0.341982 0.919461
vt 0.342472 0.921113
vt 0.342447 0.917422
vt 0.342078 0.917458
vt 0.343743 0.915545
vt 0.344066 0.915592
vt 0.343304 0.915677
vt 0.358732 0.900489
vt 0.360633 0.899538
vt 0.358814 0.900778
vt 0.358873 0.900039
vt 0.360513 0.899276
vt 0.376683 0.956387
vt 0.360562 0.898892
vt 0.362302 0.899051
vt 0.376615 0.952531
vt 0.363511 0.899455
vt 0.363618 0.899873
vt 0.424766 0.534372
vt 0.422684 0.533694
vt 0.422560 0.533963
vt 0.421038 0.532554
vt 0.420947 0.532847
vt 0.986909 0.820858
vt 0.420360 0.531323
vt 0.376615 0.902183
vt 0.450105 0.532847
vt 0.450704 0.531324
vt 0.450014 0.532554
vt 0.448484 0.533963
vt 0.448359 0.533694
vt 0.446275 0.534372
vt 0.363618 0.950084
vt 0.363584 0.950400
vt 0.450844 0.495662
vt 0.984380 0.869425
vt 0.789127 0.655693
vt 0.780433 0.652031
vt 0.785404 0.648689
vt 0.814036 0.723939
vt 0.820176 0.772155
vt 0.814036 0.772373
vt 0.782311 0.661320
vt 0.772883 0.661283
vt 0.776205 0.656283
vt 0.779850 0.665025
vt 0.770595 0.666838
vt 0.778154 0.669141
vt 0.769429 0.672735
vt 0.777290 0.673511
vt 0.769429 0.678747
vt 0.777290 0.677966
vt 0.770595 0.684643
vt 0.779849 0.686450
vt 0.778154 0.682335
vt 0.782311 0.690153
vt 0.772883 0.690196
vt 0.785443 0.693302
vt 0.776204 0.695194
vt 0.789127 0.695776
vt 0.780432 0.699444
vt 0.793220 0.697479
vt 0.785403 0.702782
vt 0.797565 0.698346
vt 0.790927 0.705081
vt 0.801995 0.698345
vt 0.796790 0.706251
vt 0.806340 0.697474
vt 0.802769 0.706249
vt 0.814156 0.702772
vt 0.808633 0.705074
vt 0.810433 0.695768
vt 0.819127 0.699430
vt 0.814116 0.693292
vt 0.823355 0.695178
vt 0.817249 0.690141
vt 0.826677 0.690178
vt 0.819710 0.686436
vt 0.828965 0.684623
vt 0.821406 0.682319
vt 0.830131 0.678726
vt 0.822270 0.677950
vt 0.830131 0.672714
vt 0.822270 0.673495
vt 0.828965 0.666818
vt 0.819711 0.665011
vt 0.821406 0.669126
vt 0.817249 0.661308
vt 0.826677 0.661264
vt 0.814117 0.658159
vt 0.823355 0.656267
vt 0.810433 0.655685
vt 0.819128 0.652017
vt 0.806340 0.653982
vt 0.814157 0.648679
vt 0.801995 0.653114
vt 0.808633 0.646380
vt 0.797565 0.653116
vt 0.802770 0.645209
vt 0.223660 0.954824
vt 0.234245 0.958543
vt 0.223660 0.958543
vt 0.793220 0.653986
vt 0.796791 0.645211
vt 0.820176 0.723721
vt 0.826075 0.771520
vt 0.807894 0.723733
vt 0.807894 0.772167
vt 0.826075 0.723087
vt 0.831509 0.770494
vt 0.831509 0.722060
vt 0.836268 0.769115
vt 0.710172 0.485752
vt 0.715054 0.537303
vt 0.710172 0.537304
vt 0.715054 0.485751
vt 0.720626 0.537303
vt 0.720626 0.485751
vt 0.726674 0.537303
vt 0.726674 0.485751
vt 0.732966 0.537303
vt 0.732966 0.485751
vt 0.739260 0.537303
vt 0.739260 0.485751
vt 0.745314 0.537303
vt 0.745314 0.485751
vt 0.750895 0.537303
vt 0.750895 0.485751
vt 0.755790 0.537304
vt 0.831431 0.576374
vt 0.826582 0.628071
vt 0.826582 0.576622
vt 0.821082 0.576804
vt 0.815142 0.628362
vt 0.815142 0.576913
vt 0.808989 0.576945
vt 0.808989 0.628393
vt 0.802862 0.576898
vt 0.802862 0.628346
vt 0.796995 0.576774
vt 0.796995 0.628222
vt 0.791613 0.576578
vt 0.791613 0.628026
vt 0.786923 0.576318
vt 0.755778 0.706307
vt 0.750875 0.654755
vt 0.755778 0.654755
vt 0.750875 0.706306
vt 0.745287 0.654754
vt 0.745287 0.706306
vt 0.739229 0.654754
vt 0.739229 0.706306
vt 0.732934 0.654754
vt 0.732934 0.706306
vt 0.726643 0.654754
vt 0.726643 0.706306
vt 0.720599 0.654754
vt 0.720599 0.706306
vt 0.715034 0.654755
vt 0.715034 0.706306
vt 0.710161 0.654755
vt 0.791752 0.720725
vt 0.796533 0.770528
vt 0.791752 0.769158
vt 0.796533 0.722094
vt 0.801984 0.771544
vt 0.801983 0.723110
vt 0.785444 0.658169
vt 0.793678 0.655504
vt 0.789870 0.657091
vt 0.786444 0.659394
vt 0.783530 0.662325
vt 0.781240 0.665772
vt 0.779663 0.669601
vt 0.778859 0.673666
vt 0.778859 0.677810
vt 0.781240 0.685702
vt 0.779663 0.681874
vt 0.783529 0.689147
vt 0.786443 0.692076
vt 0.789870 0.694377
vt 0.793677 0.695961
vt 0.797719 0.696768
vt 0.801840 0.696767
vt 0.805882 0.695957
vt 0.809690 0.694370
vt 0.813116 0.692067
vt 0.816030 0.689135
vt 0.818320 0.685689
vt 0.819897 0.681860
vt 0.820701 0.677795
vt 0.820701 0.673651
vt 0.818320 0.665759
vt 0.819897 0.669587
vt 0.816030 0.662314
vt 0.813116 0.659385
vt 0.809690 0.657084
vt 0.805883 0.655499
vt 0.801841 0.654692
vt 0.797720 0.654694
vt 0.284546 0.937694
vt 0.294910 0.941647
vt 0.284966 0.941637
vt 0.885349 0.692589
vt 0.874912 0.696278
vt 0.874785 0.692602
vt 0.234245 0.961800
vt 0.223660 0.961800
vt 0.874708 0.688632
vt 0.885271 0.688619
vt 0.657962 0.904727
vt 0.635460 0.902499
vt 0.637684 0.879871
vt 0.286566 0.918699
vt 0.295592 0.921904
vt 0.285648 0.921894
vt 0.874681 0.684521
vt 0.885245 0.684507
vt 0.284546 0.929486
vt 0.294348 0.933601
vt 0.284404 0.933591
vt 0.294910 0.925546
vt 0.284966 0.925536
vt 0.874708 0.680425
vt 0.885271 0.680412
vt 0.285648 0.945270
vt 0.296511 0.948460
vt 0.286566 0.948451
vt 0.294490 0.929495
vt 0.874785 0.676504
vt 0.885349 0.676490
vt 0.656674 0.925755
vt 0.667259 0.929018
vt 0.656674 0.929018
vt 0.874912 0.672907
vt 0.885475 0.672893
vt 0.667259 0.932742
vt 0.656675 0.932742
vt 0.295592 0.945279
vt 0.875082 0.669772
vt 0.885645 0.669759
vt 0.667259 0.936784
vt 0.656675 0.936784
vt 0.223660 0.931313
vt 0.234245 0.934590
vt 0.223660 0.934590
vt 0.656675 0.940989
vt 0.667259 0.940989
vt 0.234245 0.938324
vt 0.223660 0.938324
vt 0.667259 0.945195
vt 0.656675 0.945195
vt 0.234245 0.942373
vt 0.223660 0.942373
vt 0.667259 0.949242
vt 0.656675 0.949242
vt 0.234244 0.946581
vt 0.223660 0.946581
vt 0.667259 0.952972
vt 0.656674 0.952972
vt 0.223660 0.950785
vt 0.234245 0.950785
vt 0.667259 0.956243
vt 0.656674 0.956243
vt 0.234245 0.954824
vt 0.885645 0.699505
vt 0.885475 0.696265
vt 0.294490 0.937704
vt 0.295890 0.933601
vt 0.296030 0.937656
vt 0.297454 0.933601
vt 0.297589 0.937516
vt 0.298887 0.933599
vt 0.299015 0.937297
vt 0.638968 0.875674
vt 0.642754 0.875462
vt 0.639576 0.876786
vt 0.643187 0.876914
vt 0.640291 0.878120
vt 0.296445 0.941554
vt 0.297990 0.941279
vt 0.299394 0.940851
vt 0.635879 0.877749
vt 0.636716 0.878707
vt 0.297120 0.945143
vt 0.298641 0.944745
vt 0.300009 0.944125
vt 0.633251 0.880390
vt 0.634283 0.881153
vt 0.635467 0.882100
vt 0.298027 0.948287
vt 0.299518 0.947781
vt 0.300836 0.946992
vt 0.631187 0.883495
vt 0.632372 0.884028
vt 0.633725 0.884720
vt 0.668808 0.925934
vt 0.668808 0.929159
vt 0.670205 0.926453
vt 0.670205 0.929567
vt 0.300585 0.950270
vt 0.301845 0.949343
vt 0.629764 0.886946
vt 0.631054 0.887224
vt 0.632524 0.887632
vt 0.668808 0.932839
vt 0.670205 0.933120
vt 0.671314 0.930203
vt 0.671314 0.933559
vt 0.629038 0.890609
vt 0.630382 0.890615
vt 0.631912 0.890723
vt 0.668808 0.936834
vt 0.670206 0.936978
vt 0.671315 0.937202
vt 0.629037 0.894344
vt 0.630381 0.894074
vt 0.631911 0.893875
vt 0.668808 0.940989
vt 0.670206 0.940991
vt 0.671315 0.940992
vt 0.629760 0.898007
vt 0.631051 0.897466
vt 0.632521 0.896966
vt 0.668808 0.945147
vt 0.670206 0.945005
vt 0.671315 0.944784
vt 0.632366 0.900661
vt 0.631180 0.901458
vt 0.633720 0.899878
vt 0.668808 0.949145
vt 0.670206 0.948866
vt 0.630280 0.902192
vt 0.633243 0.904564
vt 0.632463 0.905480
vt 0.634275 0.903536
vt 0.668808 0.952832
vt 0.670205 0.952425
vt 0.635868 0.907205
vt 0.635243 0.908276
vt 0.636706 0.905982
vt 0.637676 0.904727
vt 0.668808 0.956064
vt 0.670205 0.955547
vt 0.638956 0.909280
vt 0.638512 0.910473
vt 0.639565 0.907903
vt 0.640281 0.906478
vt 0.875082 0.699518
vt 0.873379 0.696147
vt 0.873547 0.699350
vt 0.872023 0.695764
vt 0.642387 0.910709
vt 0.642145 0.911986
vt 0.642742 0.909227
vt 0.643176 0.907684
vt 0.873254 0.692514
vt 0.871903 0.692256
vt 0.646030 0.911438
vt 0.646002 0.912758
vt 0.646115 0.909901
vt 0.646250 0.908299
vt 0.873177 0.688591
vt 0.871828 0.688467
vt 0.649744 0.911438
vt 0.649934 0.912758
vt 0.649554 0.909901
vt 0.649384 0.908299
vt 0.873151 0.684528
vt 0.871803 0.684544
vt 0.653387 0.910709
vt 0.653791 0.911986
vt 0.652928 0.909227
vt 0.652459 0.907684
vt 0.873177 0.680480
vt 0.871828 0.680636
vt 0.657425 0.910473
vt 0.656819 0.909280
vt 0.656106 0.907903
vt 0.655355 0.906478
vt 0.873254 0.676605
vt 0.871903 0.676894
vt 0.660696 0.908276
vt 0.659908 0.907205
vt 0.658966 0.905982
vt 0.873379 0.673050
vt 0.872023 0.673461
vt 0.663478 0.905480
vt 0.662536 0.904564
vt 0.661399 0.903536
vt 0.660179 0.902499
vt 0.873547 0.669952
vt 0.872185 0.670470
vt 0.665664 0.902192
vt 0.664600 0.901458
vt 0.663311 0.900661
vt 0.661921 0.899878
vt 0.235794 0.931491
vt 0.235794 0.934729
vt 0.237191 0.932007
vt 0.237191 0.935134
vt 0.667170 0.898538
vt 0.666023 0.898007
vt 0.664628 0.897466
vt 0.663121 0.896966
vt 0.235794 0.938420
vt 0.237191 0.938698
vt 0.667939 0.894660
vt 0.666749 0.894344
vt 0.665300 0.894074
vt 0.663734 0.893875
vt 0.235794 0.942422
vt 0.237191 0.942562
vt 0.667940 0.890705
vt 0.666750 0.890609
vt 0.665301 0.890615
vt 0.663735 0.890723
vt 0.235794 0.946580
vt 0.237191 0.946577
vt 0.667174 0.886827
vt 0.666027 0.886946
vt 0.664631 0.887223
vt 0.663125 0.887632
vt 0.235794 0.950734
vt 0.237191 0.950589
vt 0.238300 0.950361
vt 0.663317 0.884028
vt 0.664607 0.883495
vt 0.661926 0.884720
vt 0.235794 0.954726
vt 0.237191 0.954443
vt 0.238300 0.954002
vt 0.661407 0.881153
vt 0.662544 0.880390
vt 0.660186 0.882099
vt 0.235794 0.958402
vt 0.237191 0.957993
vt 0.663487 0.879885
vt 0.659919 0.877749
vt 0.660707 0.877089
vt 0.658976 0.878707
vt 0.657971 0.879871
vt 0.235794 0.961621
vt 0.237191 0.961100
vt 0.300586 0.916886
vt 0.300836 0.920177
vt 0.299518 0.919390
vt 0.656117 0.876786
vt 0.656831 0.875674
vt 0.655365 0.878120
vt 0.296511 0.918709
vt 0.297120 0.922041
vt 0.298027 0.918884
vt 0.298641 0.922439
vt 0.300009 0.923056
vt 0.652940 0.875462
vt 0.653400 0.874244
vt 0.652470 0.876914
vt 0.296445 0.925641
vt 0.297990 0.925914
vt 0.299394 0.926339
vt 0.649567 0.874788
vt 0.649757 0.873516
vt 0.649396 0.876299
vt 0.296030 0.929544
vt 0.297589 0.929683
vt 0.299015 0.929899
vt 0.646128 0.874788
vt 0.646043 0.873516
vt 0.646261 0.876299
vt 0.642400 0.874244
vt 0.814036 0.723207
vt 0.820120 0.722991
vt 0.785105 0.648140
vt 0.790927 0.646386
vt 0.825967 0.722362
vt 0.780024 0.651556
vt 0.831352 0.721345
vt 0.775702 0.655903
vt 0.836268 0.720682
vt 0.836069 0.719978
vt 0.772307 0.661014
vt 0.710376 0.485077
vt 0.715214 0.485077
vt 0.769968 0.666692
vt 0.720737 0.485077
vt 0.768776 0.672720
vt 0.726731 0.485076
vt 0.768776 0.678866
vt 0.732967 0.485076
vt 0.769968 0.684893
vt 0.739204 0.485076
vt 0.772306 0.690569
vt 0.745204 0.485076
vt 0.775702 0.695678
vt 0.750736 0.485077
vt 0.780023 0.700022
vt 0.755587 0.485077
vt 0.755790 0.485752
vt 0.785104 0.703434
vt 0.831431 0.627822
vt 0.826431 0.628728
vt 0.790751 0.705784
vt 0.820980 0.628909
vt 0.821082 0.628253
vt 0.796744 0.706981
vt 0.815092 0.629017
vt 0.802856 0.706979
vt 0.808995 0.629048
vt 0.808850 0.705778
vt 0.802922 0.629001
vt 0.814496 0.703424
vt 0.797107 0.628879
vt 0.819578 0.700008
vt 0.791773 0.628685
vt 0.823899 0.695661
vt 0.786923 0.627766
vt 0.787126 0.628427
vt 0.827294 0.690550
vt 0.755576 0.706981
vt 0.750716 0.706981
vt 0.829633 0.684872
vt 0.745178 0.706981
vt 0.830826 0.678844
vt 0.739174 0.706981
vt 0.830826 0.672699
vt 0.732935 0.706981
vt 0.829633 0.666672
vt 0.726700 0.706981
vt 0.827295 0.660995
vt 0.720710 0.706981
vt 0.823900 0.655886
vt 0.715195 0.706981
vt 0.819578 0.651542
vt 0.710365 0.706981
vt 0.710161 0.706307
vt 0.814497 0.648130
vt 0.796688 0.721379
vt 0.808851 0.645780
vt 0.802090 0.722385
vt 0.802857 0.644583
vt 0.807948 0.723003
vt 0.796745 0.644585
vt 0.790751 0.645786
vt 0.218534 0.771341
vt 0.226356 0.765991
vt 0.222630 0.773052
vt 0.814036 0.820806
vt 0.226316 0.775540
vt 0.235561 0.773625
vt 0.229450 0.778709
vt 0.238885 0.778656
vt 0.231913 0.782437
vt 0.241174 0.784248
vt 0.233610 0.786580
vt 0.242341 0.790185
vt 0.234475 0.790980
vt 0.242341 0.796241
vt 0.234475 0.795467
vt 0.233610 0.799869
vt 0.241174 0.802182
vt 0.231913 0.804017
vt 0.238884 0.807779
vt 0.229450 0.807751
vt 0.235560 0.812819
vt 0.226315 0.810928
vt 0.231330 0.817106
vt 0.222629 0.813426
vt 0.226355 0.820477
vt 0.218533 0.815149
vt 0.220828 0.822802
vt 0.214185 0.816030
vt 0.214960 0.823991
vt 0.209752 0.816036
vt 0.203109 0.822825
vt 0.205404 0.815166
vt 0.197582 0.820515
vt 0.201308 0.813455
vt 0.192607 0.817158
vt 0.197622 0.810967
vt 0.188377 0.812881
vt 0.194487 0.807798
vt 0.185053 0.807851
vt 0.192024 0.804070
vt 0.182764 0.802259
vt 0.190328 0.799927
vt 0.181597 0.796322
vt 0.189463 0.795527
vt 0.181597 0.790266
vt 0.189463 0.791040
vt 0.190328 0.786638
vt 0.182764 0.784325
vt 0.192025 0.782490
vt 0.185053 0.778728
vt 0.194488 0.778756
vt 0.188377 0.773688
vt 0.197622 0.775578
vt 0.192608 0.769401
vt 0.201309 0.773081
vt 0.197582 0.766030
vt 0.205404 0.771358
vt 0.203110 0.763705
vt 0.209753 0.770477
vt 0.633092 0.952986
vt 0.643677 0.949267
vt 0.643677 0.952986
vt 0.208978 0.762516
vt 0.214186 0.770471
vt 0.820176 0.820588
vt 0.807894 0.820600
vt 0.826075 0.819954
vt 0.836268 0.817549
vt 0.831509 0.818927
vt 0.710172 0.588856
vt 0.715054 0.588855
vt 0.720626 0.588855
vt 0.726674 0.588854
vt 0.732966 0.588854
vt 0.739260 0.588854
vt 0.745314 0.588855
vt 0.750895 0.588855
vt 0.826582 0.525174
vt 0.831431 0.524926
vt 0.821082 0.525356
vt 0.815142 0.525465
vt 0.808990 0.525497
vt 0.802862 0.525450
vt 0.796995 0.525326
vt 0.791613 0.525130
vt 0.755778 0.603203
vt 0.750875 0.603203
vt 0.745287 0.603203
vt 0.739229 0.603202
vt 0.732934 0.603202
vt 0.726643 0.603202
vt 0.720599 0.603203
vt 0.715034 0.603203
vt 0.791751 0.817592
vt 0.796533 0.818961
vt 0.801983 0.819977
vt 0.231330 0.769349
vt 0.214031 0.772061
vt 0.218076 0.772869
vt 0.221886 0.774462
vt 0.225315 0.776776
vt 0.228231 0.779724
vt 0.230522 0.783191
vt 0.232100 0.787046
vt 0.232904 0.791139
vt 0.232904 0.795313
vt 0.232100 0.799408
vt 0.230522 0.803266
vt 0.228230 0.806740
vt 0.225314 0.809695
vt 0.221885 0.812019
vt 0.218075 0.813621
vt 0.214030 0.814441
vt 0.209907 0.814446
vt 0.205862 0.813637
vt 0.202052 0.812045
vt 0.198623 0.809731
vt 0.195707 0.806783
vt 0.193416 0.803315
vt 0.191838 0.799461
vt 0.191033 0.795368
vt 0.191033 0.791194
vt 0.191838 0.787099
vt 0.193416 0.783241
vt 0.195707 0.779767
vt 0.198623 0.776812
vt 0.202052 0.774488
vt 0.205862 0.772886
vt 0.209907 0.772066
vt 0.578427 0.957895
vt 0.587951 0.953962
vt 0.588371 0.957905
vt 0.849369 0.955826
vt 0.860058 0.959488
vt 0.849495 0.959501
vt 0.633092 0.956243
vt 0.643677 0.956243
vt 0.859854 0.951842
vt 0.849291 0.951855
vt 0.299176 0.887392
vt 0.280185 0.899966
vt 0.267395 0.881147
vt 0.579109 0.938152
vt 0.589971 0.934967
vt 0.589053 0.938162
vt 0.859828 0.947731
vt 0.849265 0.947744
vt 0.577864 0.949849
vt 0.587951 0.945753
vt 0.587809 0.949858
vt 0.578427 0.941794
vt 0.588371 0.941804
vt 0.859854 0.943635
vt 0.849291 0.943649
vt 0.580027 0.964709
vt 0.589053 0.961537
vt 0.589971 0.964718
vt 0.578006 0.945744
vt 0.859932 0.939714
vt 0.849369 0.939727
vt 0.061885 0.931429
vt 0.072469 0.928166
vt 0.072470 0.931429
vt 0.860058 0.936117
vt 0.849495 0.936130
vt 0.061885 0.935153
vt 0.072470 0.935153
vt 0.579109 0.961528
vt 0.860228 0.932983
vt 0.849665 0.932996
vt 0.061886 0.939195
vt 0.072470 0.939195
vt 0.633092 0.929032
vt 0.643677 0.925755
vt 0.643677 0.929032
vt 0.072470 0.943400
vt 0.633092 0.932767
vt 0.643677 0.932767
vt 0.061886 0.947607
vt 0.072470 0.947607
vt 0.633092 0.936816
vt 0.643677 0.936816
vt 0.061886 0.951653
vt 0.072470 0.951653
vt 0.633092 0.941023
vt 0.643677 0.941023
vt 0.061886 0.955383
vt 0.072470 0.955383
vt 0.633092 0.945227
vt 0.643677 0.945227
vt 0.061885 0.958654
vt 0.072470 0.958654
vt 0.633092 0.949267
vt 0.849665 0.962742
vt 0.578006 0.953952
vt 0.576496 0.949847
vt 0.576636 0.953902
vt 0.575434 0.949844
vt 0.264176 0.876509
vt 0.264309 0.880534
vt 0.263034 0.880276
vt 0.265388 0.876976
vt 0.265812 0.880834
vt 0.266811 0.877540
vt 0.577051 0.957799
vt 0.575569 0.953759
vt 0.266040 0.873038
vt 0.267149 0.873697
vt 0.268442 0.874504
vt 0.268306 0.878145
vt 0.267829 0.869437
vt 0.265225 0.872589
vt 0.268556 0.869995
vt 0.269524 0.870824
vt 0.270641 0.871843
vt 0.269792 0.875378
vt 0.577725 0.961389
vt 0.060336 0.928346
vt 0.058938 0.926311
vt 0.060335 0.925701
vt 0.271625 0.867497
vt 0.272423 0.868465
vt 0.273325 0.869659
vt 0.271796 0.872953
vt 0.061885 0.928167
vt 0.060336 0.931570
vt 0.058938 0.928865
vt 0.275130 0.865642
vt 0.275734 0.866712
vt 0.276390 0.868036
vt 0.274242 0.870962
vt 0.060336 0.935250
vt 0.058939 0.931978
vt 0.278936 0.864499
vt 0.279329 0.865633
vt 0.279719 0.867037
vt 0.277036 0.869483
vt 0.060337 0.939245
vt 0.058939 0.935532
vt 0.282898 0.864113
vt 0.283071 0.865269
vt 0.283184 0.866699
vt 0.280070 0.868573
vt 0.061886 0.943400
vt 0.060337 0.943401
vt 0.058939 0.939389
vt 0.286862 0.864499
vt 0.286815 0.865633
vt 0.286651 0.867037
vt 0.283227 0.868265
vt 0.060337 0.947558
vt 0.058939 0.947416
vt 0.057830 0.947195
vt 0.058939 0.943402
vt 0.289987 0.868036
vt 0.290418 0.866712
vt 0.289427 0.869483
vt 0.060337 0.951557
vt 0.058939 0.951277
vt 0.057830 0.950842
vt 0.293064 0.869659
vt 0.293741 0.868465
vt 0.292231 0.870962
vt 0.060336 0.955243
vt 0.058939 0.954837
vt 0.296657 0.870824
vt 0.294196 0.867497
vt 0.297283 0.869995
vt 0.295764 0.871843
vt 0.294692 0.872953
vt 0.060336 0.958476
vt 0.058939 0.957958
vt 0.299054 0.873698
vt 0.299820 0.873038
vt 0.297984 0.874504
vt 0.296714 0.875378
vt 0.861618 0.959353
vt 0.860228 0.962728
vt 0.863051 0.958966
vt 0.861786 0.962556
vt 0.300839 0.876976
vt 0.301710 0.876509
vt 0.299636 0.877540
vt 0.298221 0.878145
vt 0.861493 0.955721
vt 0.859932 0.955812
vt 0.862930 0.955458
vt 0.864104 0.955052
vt 0.300659 0.880834
vt 0.301944 0.880534
vt 0.299153 0.881147
vt 0.861416 0.951797
vt 0.862856 0.951670
vt 0.864034 0.951473
vt 0.301013 0.884260
vt 0.302326 0.884234
vt 0.299476 0.884269
vt 0.861390 0.947734
vt 0.862831 0.947746
vt 0.864010 0.947768
vt 0.300685 0.887686
vt 0.301971 0.887934
vt 0.861416 0.943686
vt 0.862856 0.943838
vt 0.300892 0.891492
vt 0.299686 0.890981
vt 0.861493 0.939811
vt 0.862930 0.940096
vt 0.864034 0.944077
vt 0.299131 0.894771
vt 0.298055 0.894017
vt 0.298266 0.890394
vt 0.861618 0.936256
vt 0.863051 0.936664
vt 0.864104 0.940542
vt 0.296756 0.897645
vt 0.295856 0.896678
vt 0.296780 0.893161
vt 0.861786 0.933158
vt 0.294318 0.900890
vt 0.297387 0.898393
vt 0.293857 0.900004
vt 0.293172 0.898862
vt 0.294775 0.895586
vt 0.631543 0.925933
vt 0.633092 0.925755
vt 0.631543 0.929172
vt 0.630146 0.926450
vt 0.290813 0.902745
vt 0.290546 0.901756
vt 0.290106 0.900485
vt 0.292329 0.897576
vt 0.631543 0.932863
vt 0.630146 0.929577
vt 0.287007 0.903888
vt 0.286951 0.902835
vt 0.286777 0.901484
vt 0.289536 0.899055
vt 0.631543 0.936864
vt 0.630146 0.933141
vt 0.630146 0.937004
vt 0.629037 0.933574
vt 0.283210 0.903200
vt 0.283313 0.901821
vt 0.286502 0.899966
vt 0.631543 0.941022
vt 0.630146 0.941019
vt 0.629037 0.937223
vt 0.279465 0.902835
vt 0.279846 0.901484
vt 0.283344 0.900274
vt 0.631543 0.945177
vt 0.630146 0.945031
vt 0.275862 0.901756
vt 0.279081 0.903888
vt 0.275266 0.902745
vt 0.276510 0.900485
vt 0.277144 0.899055
vt 0.631543 0.949169
vt 0.630146 0.948886
vt 0.272539 0.900004
vt 0.271747 0.900890
vt 0.273432 0.898862
vt 0.274340 0.897576
vt 0.631543 0.952845
vt 0.630146 0.952435
vt 0.269623 0.897645
vt 0.268660 0.898393
vt 0.270732 0.896678
vt 0.271879 0.895586
vt 0.631543 0.956063
vt 0.630146 0.955543
vt 0.267226 0.894771
vt 0.266122 0.895350
vt 0.268513 0.894017
vt 0.269857 0.893161
vt 0.577725 0.938287
vt 0.580027 0.934957
vt 0.630146 0.958089
vt 0.631543 0.958700
vt 0.265441 0.891492
vt 0.264232 0.891878
vt 0.266860 0.890981
vt 0.268351 0.890394
vt 0.577051 0.941886
vt 0.575970 0.942157
vt 0.264336 0.887934
vt 0.263063 0.888111
vt 0.265837 0.887686
vt 0.267418 0.887392
vt 0.576636 0.945790
vt 0.575569 0.945926
vt 0.263954 0.884234
vt 0.262658 0.884194
vt 0.265483 0.884260
vt 0.267096 0.884269
vt 0.814036 0.821342
vt 0.221031 0.762981
vt 0.214961 0.762508
vt 0.215033 0.761782
vt 0.820120 0.821125
vt 0.226681 0.765343
vt 0.220828 0.763681
vt 0.825967 0.820496
vt 0.231766 0.768775
vt 0.706408 0.589531
vt 0.706169 0.588856
vt 0.236091 0.773146
vt 0.710376 0.589530
vt 0.239488 0.778289
vt 0.715214 0.589530
vt 0.241829 0.784004
vt 0.720737 0.589529
vt 0.243022 0.790074
vt 0.726731 0.589529
vt 0.243022 0.796264
vt 0.739204 0.589529
vt 0.241828 0.802337
vt 0.745204 0.589529
vt 0.239488 0.808059
vt 0.750736 0.589530
vt 0.236090 0.813210
vt 0.755587 0.589530
vt 0.755790 0.588856
vt 0.231766 0.817593
vt 0.826431 0.524486
vt 0.226681 0.821038
vt 0.820980 0.524666
vt 0.221030 0.823415
vt 0.815092 0.524774
vt 0.215032 0.824630
vt 0.808995 0.524805
vt 0.208977 0.823999
vt 0.208917 0.824638
vt 0.202918 0.823439
vt 0.802922 0.524759
vt 0.197268 0.821078
vt 0.797107 0.524636
vt 0.192183 0.817645
vt 0.786923 0.524870
vt 0.791773 0.524442
vt 0.187859 0.813274
vt 0.755576 0.602528
vt 0.184461 0.808132
vt 0.750716 0.602528
vt 0.182121 0.802416
vt 0.745178 0.602528
vt 0.180928 0.796346
vt 0.739174 0.602528
vt 0.180928 0.790156
vt 0.726700 0.602528
vt 0.182121 0.784084
vt 0.720710 0.602528
vt 0.184462 0.778362
vt 0.715195 0.602528
vt 0.187860 0.773210
vt 0.710365 0.602528
vt 0.710161 0.603203
vt 0.192184 0.768828
vt 0.706408 0.602529
vt 0.706169 0.603203
vt 0.197269 0.765382
vt 0.802090 0.820520
vt 0.202919 0.763005
vt 0.807948 0.821137
vt 0.208918 0.761790
vt 0.965894 0.557163
vt 0.973298 0.550152
vt 0.973295 0.557344
vt 0.759832 0.787876
vt 0.751366 0.784213
vt 0.756712 0.781970
vt 0.746343 0.792039
vt 0.739904 0.785399
vt 0.745690 0.785371
vt 0.765720 0.783906
vt 0.761523 0.778728
vt 0.770728 0.778864
vt 0.765612 0.774612
vt 0.774663 0.772945
vt 0.768823 0.769782
vt 0.777373 0.766375
vt 0.771033 0.764424
vt 0.778754 0.759408
vt 0.772157 0.758744
vt 0.772152 0.752961
vt 0.778754 0.752311
vt 0.771020 0.747296
vt 0.777373 0.745356
vt 0.768805 0.741968
vt 0.774663 0.738812
vt 0.765591 0.737180
vt 0.770729 0.732929
vt 0.761503 0.733115
vt 0.765722 0.727933
vt 0.756697 0.729931
vt 0.759834 0.724017
vt 0.751357 0.727747
vt 0.753292 0.721331
vt 0.745689 0.726650
vt 0.746346 0.719978
vt 0.739265 0.720011
vt 0.739910 0.726680
vt 0.732319 0.721427
vt 0.734242 0.727838
vt 0.725777 0.724173
vt 0.728903 0.730077
vt 0.719889 0.728142
vt 0.724098 0.733312
vt 0.714881 0.733184
vt 0.720011 0.737420
vt 0.710946 0.739103
vt 0.716799 0.742242
vt 0.708236 0.745672
vt 0.714586 0.747592
vt 0.706854 0.752639
vt 0.713456 0.753267
vt 0.713452 0.759048
vt 0.706854 0.759736
vt 0.714576 0.764713
vt 0.708234 0.766690
vt 0.716784 0.770046
vt 0.710944 0.773235
vt 0.719993 0.774840
vt 0.714878 0.779118
vt 0.724079 0.778913
vt 0.719885 0.784114
vt 0.728886 0.782106
vt 0.725773 0.788031
vt 0.734229 0.784296
vt 0.732315 0.790717
vt 0.039598 0.817388
vt 0.046021 0.810700
vt 0.046680 0.817414
vt 0.203193 0.945345
vt 0.210593 0.952384
vt 0.203195 0.952704
vt 0.071061 0.758014
vt 0.061857 0.758148
vt 0.066053 0.752935
vt 0.210598 0.959465
vt 0.203200 0.959785
vt 0.074995 0.763979
vt 0.065946 0.762295
vt 0.210607 0.965997
vt 0.203209 0.966317
vt 0.965897 0.549971
vt 0.973401 0.542990
vt 0.077705 0.770601
vt 0.069157 0.767164
vt 0.210618 0.971729
vt 0.203220 0.972049
vt 0.965991 0.564108
vt 0.973392 0.564289
vt 0.079087 0.777625
vt 0.071366 0.772566
vt 0.966853 0.524184
vt 0.973889 0.529844
vt 0.966488 0.529663
vt 0.966186 0.570539
vt 0.973586 0.570720
vt 0.072485 0.784129
vt 0.072490 0.778295
vt 0.973601 0.536133
vt 0.966200 0.535952
vt 0.966469 0.576210
vt 0.973870 0.576391
vt 0.079087 0.784781
vt 0.071353 0.789844
vt 0.966000 0.542809
vt 0.270746 0.964812
vt 0.263356 0.970209
vt 0.263348 0.964488
vt 0.077706 0.791795
vt 0.069137 0.795222
vt 0.753289 0.790622
vt 0.270741 0.958288
vt 0.263343 0.957963
vt 0.074996 0.798396
vt 0.065923 0.800056
vt 0.032653 0.815966
vt 0.040242 0.810676
vt 0.270739 0.951211
vt 0.263342 0.950887
vt 0.071062 0.804332
vt 0.061834 0.804161
vt 0.053625 0.816043
vt 0.051689 0.809587
vt 0.270741 0.943854
vt 0.263344 0.943530
vt 0.066055 0.809374
vt 0.057028 0.807379
vt 0.020222 0.809207
vt 0.029235 0.807262
vt 0.026110 0.813204
vt 0.270747 0.936499
vt 0.263349 0.936175
vt 0.060167 0.813328
vt 0.015215 0.804129
vt 0.024430 0.804003
vt 0.270756 0.929430
vt 0.263358 0.929105
vt 0.011280 0.798164
vt 0.020343 0.799864
vt 0.270767 0.922916
vt 0.263370 0.922592
vt 0.034574 0.809515
vt 0.008570 0.791543
vt 0.017132 0.795004
vt 0.270782 0.917210
vt 0.263384 0.916886
vt 0.007188 0.784519
vt 0.014919 0.789608
vt 0.801017 0.966036
vt 0.795604 0.971721
vt 0.793970 0.966161
vt 0.013786 0.778053
vt 0.013789 0.783885
vt 0.799802 0.959687
vt 0.792755 0.959811
vt 0.007188 0.777363
vt 0.014910 0.772337
vt 0.792006 0.952916
vt 0.799052 0.952792
vt 0.008568 0.770350
vt 0.017119 0.766955
vt 0.791751 0.945740
vt 0.798798 0.945615
vt 0.011278 0.763748
vt 0.020327 0.762115
vt 0.792001 0.938559
vt 0.799048 0.938434
vt 0.015211 0.757812
vt 0.024414 0.758002
vt 0.792746 0.931649
vt 0.799793 0.931525
vt 0.020218 0.752769
vt 0.029221 0.754776
vt 0.793958 0.925276
vt 0.801004 0.925151
vt 0.026106 0.748815
vt 0.034564 0.752561
vt 0.795588 0.919684
vt 0.802635 0.919559
vt 0.032649 0.746099
vt 0.040239 0.751442
vt 0.203221 0.918726
vt 0.210607 0.924102
vt 0.203209 0.924422
vt 0.046676 0.744754
vt 0.039594 0.744728
vt 0.210598 0.930607
vt 0.203200 0.930927
vt 0.053622 0.746175
vt 0.046025 0.751464
vt 0.210593 0.937672
vt 0.203195 0.937992
vt 0.060165 0.748938
vt 0.051701 0.752626
vt 0.210591 0.945025
vt 0.057047 0.754883
vt 0.739186 0.792864
vt 0.732110 0.791485
vt 0.725444 0.788747
vt 0.719446 0.784757
vt 0.714344 0.779666
vt 0.710336 0.773671
vt 0.707576 0.767002
vt 0.706169 0.759916
vt 0.706169 0.752684
vt 0.271407 0.936664
vt 0.707577 0.745585
vt 0.710338 0.738891
vt 0.714347 0.732860
vt 0.803438 0.971103
vt 0.804642 0.976152
vt 0.802651 0.971596
vt 0.801832 0.965646
vt 0.800639 0.959414
vt 0.799904 0.952646
vt 0.799656 0.945602
vt 0.799904 0.938554
vt 0.800639 0.931772
vt 0.801832 0.925516
vt 0.803438 0.920027
vt 0.804623 0.914963
vt 0.805394 0.915516
vt 0.778014 0.745267
vt 0.202526 0.931223
vt 0.202515 0.938158
vt 0.202507 0.945375
vt 0.202504 0.952598
vt 0.775252 0.773378
vt 0.771243 0.779409
vt 0.766141 0.784546
vt 0.760142 0.788591
vt 0.753476 0.791388
vt 0.746400 0.792831
vt 0.739261 0.792071
vt 0.974092 0.543152
vt 0.974288 0.536422
vt 0.025777 0.813732
vt 0.019778 0.809660
vt 0.014677 0.804485
vt 0.010668 0.798408
vt 0.007907 0.791661
vt 0.006499 0.784505
vt 0.006499 0.777213
vt 0.007906 0.770066
vt 0.010666 0.763340
vt 0.014674 0.757291
vt 0.019775 0.752154
vt 0.025774 0.748124
vt 0.032439 0.745358
vt 0.039515 0.743960
vt 0.046729 0.743986
vt 0.053805 0.745434
vt 0.060471 0.748249
vt 0.066470 0.752321
vt 0.071571 0.757496
vt 0.075580 0.763573
vt 0.078341 0.770320
vt 0.262658 0.943503
vt 0.262662 0.950724
vt 0.262669 0.957670
vt 0.078342 0.791915
vt 0.075582 0.798641
vt 0.071574 0.804690
vt 0.066473 0.809827
vt 0.974092 0.564058
vt 0.973993 0.557241
vt 0.973993 0.550182
vt 0.188381 0.951398
vt 0.180930 0.944396
vt 0.188296 0.944207
vt 0.108370 0.739652
vt 0.117375 0.737747
vt 0.114258 0.743625
vt 0.120800 0.746358
vt 0.128396 0.741106
vt 0.127744 0.747743
vt 0.103364 0.734589
vt 0.112564 0.734499
vt 0.099430 0.728632
vt 0.108475 0.730358
vt 0.096721 0.722010
vt 0.105264 0.725485
vt 0.095340 0.714978
vt 0.103055 0.720068
vt 0.095340 0.707804
vt 0.101933 0.714316
vt 0.103072 0.702695
vt 0.096722 0.700767
vt 0.105290 0.697273
vt 0.099432 0.694134
vt 0.108505 0.692391
vt 0.103366 0.688163
vt 0.112595 0.688236
vt 0.108373 0.683081
vt 0.117402 0.684968
vt 0.114260 0.679084
vt 0.122742 0.682712
vt 0.120801 0.676326
vt 0.128410 0.681554
vt 0.127746 0.674913
vt 0.134189 0.681539
vt 0.134826 0.674899
vt 0.141770 0.676285
vt 0.148311 0.679017
vt 0.139856 0.682668
vt 0.154198 0.682990
vt 0.145194 0.684896
vt 0.159205 0.688053
vt 0.149998 0.688140
vt 0.163138 0.694009
vt 0.154083 0.692273
vt 0.165848 0.700630
vt 0.157293 0.697138
vt 0.167229 0.707663
vt 0.159505 0.702547
vt 0.167229 0.714836
vt 0.160633 0.708293
vt 0.159508 0.719909
vt 0.165848 0.721873
vt 0.157299 0.725333
vt 0.163138 0.728506
vt 0.154089 0.730221
vt 0.159205 0.734478
vt 0.150003 0.734383
vt 0.154198 0.739560
vt 0.145197 0.737659
vt 0.148311 0.743557
vt 0.139855 0.739923
vt 0.141770 0.746316
vt 0.134181 0.741087
vt 0.134825 0.747729
vt 0.129126 0.768149
vt 0.121560 0.762960
vt 0.128504 0.761571
vt 0.460985 0.934922
vt 0.453573 0.941948
vt 0.453587 0.934589
vt 0.154764 0.816589
vt 0.163804 0.814846
vt 0.159863 0.820767
vt 0.461002 0.927840
vt 0.453604 0.927508
vt 0.157981 0.811744
vt 0.166523 0.808266
vt 0.461022 0.921308
vt 0.453624 0.920976
vt 0.180928 0.937233
vt 0.188294 0.937044
vt 0.160197 0.806360
vt 0.167914 0.801281
vt 0.461043 0.915577
vt 0.453645 0.915245
vt 0.188547 0.958340
vt 0.181015 0.951587
vt 0.161327 0.800645
vt 0.167924 0.794160
vt 0.181172 0.924080
vt 0.188774 0.918406
vt 0.188538 0.923891
vt 0.188786 0.964768
vt 0.181181 0.958530
vt 0.160204 0.789105
vt 0.166554 0.787175
vt 0.181010 0.930374
vt 0.188376 0.930184
vt 0.189089 0.970433
vt 0.181420 0.964957
vt 0.157995 0.783724
vt 0.163855 0.780596
vt 0.439207 0.920966
vt 0.431812 0.915577
vt 0.439209 0.915245
vt 0.154787 0.778881
vt 0.159932 0.774675
vt 0.122721 0.739978
vt 0.439209 0.927490
vt 0.431809 0.921299
vt 0.150704 0.774762
vt 0.154935 0.769640
vt 0.123459 0.769280
vt 0.115017 0.765685
vt 0.439215 0.934566
vt 0.431811 0.927823
vt 0.145903 0.771525
vt 0.149056 0.765684
vt 0.135581 0.761570
vt 0.439225 0.941923
vt 0.431817 0.934899
vt 0.140568 0.769294
vt 0.142521 0.762959
vt 0.113313 0.774733
vt 0.104114 0.774678
vt 0.109126 0.769642
vt 0.439239 0.949278
vt 0.431828 0.942256
vt 0.134903 0.768154
vt 0.109223 0.778845
vt 0.100172 0.780599
vt 0.439257 0.956348
vt 0.431842 0.949611
vt 0.106007 0.783682
vt 0.097454 0.787178
vt 0.439277 0.962861
vt 0.431859 0.956681
vt 0.118120 0.771503
vt 0.103789 0.789059
vt 0.096062 0.794162
vt 0.439299 0.968567
vt 0.431879 0.963194
vt 0.102653 0.794767
vt 0.096051 0.801284
vt 0.820526 0.965880
vt 0.828961 0.971586
vt 0.822104 0.971448
vt 0.103761 0.806302
vt 0.097421 0.808268
vt 0.819354 0.959524
vt 0.827383 0.966017
vt 0.105962 0.811686
vt 0.100120 0.814847
vt 0.825491 0.952762
vt 0.818633 0.952624
vt 0.109164 0.816534
vt 0.104043 0.820768
vt 0.825249 0.945585
vt 0.818391 0.945447
vt 0.113242 0.820660
vt 0.109040 0.825804
vt 0.825495 0.938405
vt 0.818638 0.938267
vt 0.118043 0.823906
vt 0.114918 0.829761
vt 0.826220 0.931499
vt 0.819363 0.931361
vt 0.123381 0.826145
vt 0.121453 0.832486
vt 0.827396 0.925132
vt 0.820538 0.924994
vt 0.129050 0.827291
vt 0.128393 0.833875
vt 0.828977 0.919549
vt 0.822120 0.919411
vt 0.134834 0.827299
vt 0.135471 0.833875
vt 0.460952 0.963204
vt 0.453557 0.968567
vt 0.453555 0.962871
vt 0.142416 0.832486
vt 0.460954 0.956698
vt 0.453557 0.956366
vt 0.140510 0.826169
vt 0.148959 0.829760
vt 0.460960 0.949633
vt 0.453563 0.949301
vt 0.145857 0.823944
vt 0.154851 0.825804
vt 0.460970 0.942280
vt 0.150670 0.820709
vt 0.189118 0.951262
vt 0.189037 0.944203
vt 0.189277 0.958077
vt 0.189507 0.964385
vt 0.148657 0.744033
vt 0.154655 0.739962
vt 0.159756 0.734785
vt 0.439886 0.934673
vt 0.439886 0.927726
vt 0.166524 0.721946
vt 0.167931 0.714777
vt 0.167931 0.707470
vt 0.166524 0.700306
vt 0.163763 0.693560
vt 0.159756 0.687492
vt 0.154655 0.682335
vt 0.148657 0.678287
vt 0.134918 0.674092
vt 0.127705 0.674106
vt 0.120630 0.675545
vt 0.113966 0.678354
vt 0.107968 0.682425
vt 0.102867 0.687601
vt 0.098860 0.693684
vt 0.096099 0.700441
vt 0.452883 0.949134
vt 0.452887 0.941917
vt 0.452896 0.934694
vt 0.452908 0.927743
vt 0.452924 0.921331
vt 0.098860 0.728826
vt 0.189277 0.924261
vt 0.189507 0.918878
vt 0.189118 0.930438
vt 0.189037 0.937172
vt 0.128403 0.760741
vt 0.114663 0.764934
vt 0.108661 0.768965
vt 0.103554 0.774095
vt 0.099539 0.780127
vt 0.096769 0.786829
vt 0.095351 0.793944
vt 0.095340 0.801198
vt 0.096736 0.808313
vt 0.461631 0.949523
vt 0.461631 0.956458
vt 0.103482 0.821046
vt 0.831665 0.915539
vt 0.829780 0.920039
vt 0.828233 0.925519
vt 0.827084 0.931769
vt 0.826376 0.938548
vt 0.826136 0.945595
vt 0.826376 0.952641
vt 0.826212 0.959661
vt 0.827083 0.959413
vt 0.828233 0.965652
vt 0.829780 0.971118
vt 0.830884 0.976153
vt 0.831665 0.975601
vt 0.431163 0.956443
vt 0.431179 0.962836
vt 0.431151 0.949503
vt 0.431142 0.942284
vt 0.431138 0.935062
vt 0.167167 0.786821
vt 0.164418 0.780120
vt 0.160422 0.774089
vt 0.155331 0.768960
vt 0.149341 0.764930
vt 0.142684 0.762155
vt 0.135614 0.760741
vt 0.882402 0.511187
vt 0.786923 0.425433
vt 0.882402 0.425433
vt 0.803608 0.413909
vt 0.873017 0.416860
vt 0.794904 0.418230
vt 0.786923 0.258843
vt 0.794904 0.266045
vt 0.882402 0.258843
vt 0.874421 0.266045
vt 0.874421 0.418230
vt 0.776329 0.966460
vt 0.761973 0.905096
vt 0.776329 0.905111
vt 0.891000 0.850199
vt 0.876644 0.723194
vt 0.891000 0.723180
vt 0.095340 0.521724
vt 0.164750 0.518773
vt 0.161726 0.661094
vt 0.963713 0.888347
vt 0.978067 0.949171
vt 0.963713 0.949219
vt 0.849290 0.722844
vt 0.863643 0.857787
vt 0.849290 0.857769
vt 0.865718 0.270366
vt 0.796308 0.267416
vt 0.869994 0.409736
vt 0.873017 0.267416
vt 0.799332 0.409736
vt 0.800584 0.412687
vt 0.796308 0.416860
vt 0.803608 0.270366
vt 0.800584 0.271588
vt 0.799332 0.274539
vt 0.869994 0.274539
vt 0.868741 0.271588
vt 0.865718 0.413909
vt 0.868741 0.412687
vt 0.963733 0.952425
vt 0.863618 0.719997
vt 0.849265 0.719978
vt 0.761981 0.969241
vt 0.761973 0.966445
vt 0.849265 0.860793
vt 0.863618 0.860811
vt 0.876640 0.852556
vt 0.876644 0.850213
vt 0.776337 0.901933
vt 0.761981 0.901918
vt 0.890996 0.719978
vt 0.978088 0.885579
vt 0.963733 0.885627
vt 0.786923 0.092253
vt 0.882402 0.006499
vt 0.882402 0.092253
vt 0.794904 0.099455
vt 0.873017 0.100826
vt 0.803608 0.103776
vt 0.794904 0.251640
vt 0.874421 0.251640
vt 0.874421 0.099455
vt 0.095361 0.976477
vt 0.109715 0.915557
vt 0.109715 0.976429
vt 0.871807 0.654419
vt 0.886163 0.527385
vt 0.886163 0.654405
vt 0.178999 0.656922
vt 0.245385 0.517551
vt 0.248409 0.659872
vt 0.020863 0.913590
vt 0.006507 0.974925
vt 0.006507 0.913575
vt 0.858806 0.527068
vt 0.844453 0.661975
vt 0.844453 0.527049
vt 0.796308 0.250270
vt 0.865718 0.247319
vt 0.873017 0.250270
vt 0.869994 0.107949
vt 0.799332 0.107949
vt 0.796308 0.100826
vt 0.800584 0.104998
vt 0.803608 0.247319
vt 0.800584 0.246097
vt 0.799332 0.243146
vt 0.869994 0.243146
vt 0.868741 0.246097
vt 0.865718 0.103776
vt 0.868741 0.104998
vt 0.006499 0.910780
vt 0.858781 0.665017
vt 0.844428 0.664999
vt 0.095340 0.912399
vt 0.095361 0.915605
vt 0.844428 0.524184
vt 0.858781 0.524202
vt 0.871803 0.524198
vt 0.871807 0.527399
vt 0.109694 0.979149
vt 0.095340 0.979197
vt 0.886160 0.656748
vt 0.020854 0.978117
vt 0.006499 0.978102
vt 0.609668 0.795648
vt 0.612854 0.796556
vt 0.615186 0.799030
vt 0.616040 0.831605
vt 0.575434 0.802369
vt 0.578620 0.796522
vt 0.616040 0.860802
vt 0.615189 0.864179
vt 0.609693 0.867551
vt 0.581780 0.867524
vt 0.578607 0.866615
vt 0.575434 0.860762
vt 0.396798 0.921118
vt 0.605239 0.921960
vt 0.792085 0.901966
vt 0.986156 0.006499
vt 0.747127 0.885110
vt 0.326252 0.778598
vt 0.269915 0.094820
vt 0.280848 0.097750
vt 0.288101 0.104786
vt 0.291275 0.254826
vt 0.117062 0.115356
vt 0.125176 0.098091
vt 0.291668 0.388823
vt 0.288871 0.399384
vt 0.271917 0.408690
vt 0.136965 0.409086
vt 0.126404 0.406290
vt 0.117098 0.389336
vt 0.418141 0.958142
vt 0.575446 0.916084
vt 0.180928 0.870206
vt 0.318558 0.953094
vt 0.324417 0.844042
vt 0.985693 0.042910
vt 0.319366 0.811878
vt 0.492471 0.039887
vt 0.033283 0.252403
vt 0.373983 0.789069
vt 0.773891 0.050450
vt 0.328639 0.517724
vt 0.095340 0.899312
vt 0.554356 0.733555
vt 0.562437 0.487251
vt 0.972691 0.253747
vt 0.474089 0.850262
vt 0.907935 0.501011
vt 0.594429 0.035409
vt 0.956239 0.667778
vt 0.136872 0.477404
vt 0.315323 0.940096
vt 0.090820 0.502966
vt 0.376499 0.819110
vt 0.693172 0.623298
vt 0.612603 0.935948
vt 0.341636 0.661748
vt 0.690400 0.926165
vt 0.899160 0.667764
vt 0.899160 0.525117
vt 0.899342 0.524497
vt 0.900519 0.524263
vt 0.902057 0.524860
vt 0.902736 0.525309
vt 0.903416 0.526769
vt 0.655243 0.778913
vt 0.367044 0.802745
vt 0.414152 0.086906
vt 0.693172 0.774517
vt 0.416937 0.087210
vt 0.418266 0.230160
vt 0.487086 0.879498
vt 0.487510 0.878168
vt 0.488533 0.877620
vt 0.515112 0.878253
vt 0.515536 0.879586
vt 0.515536 0.921917
vt 0.514088 0.923796
vt 0.488533 0.923717
vt 0.487510 0.923163
vt 0.510809 0.938175
vt 0.985688 0.198853
vt 0.690399 0.939203
vt 0.985688 0.232583
vt 0.988740 0.138910
vt 0.690399 0.983299
vt 0.420432 0.858071
vt 0.421031 0.856515
vt 0.422677 0.855375
vt 0.450007 0.856515
vt 0.450757 0.893497
vt 0.450158 0.895054
vt 0.448512 0.896193
vt 0.425094 0.896610
vt 0.422837 0.896193
vt 0.421182 0.895054
vt 0.122748 0.968487
vt 0.971252 0.871463
vt 0.984735 0.798615
vt 0.907878 0.903313
vt 0.245693 0.979550
vt 0.971252 0.816610
vt 0.245693 0.975160
vt 0.125314 0.912355
vt 0.920982 0.887600
vt 0.420360 0.855996
vt 0.125503 0.913898
vt 0.925724 0.938442
vt 0.936817 0.783793
vt 0.525647 0.444123
vt 0.773891 0.412197
vt 0.314451 0.765370
vt 0.673531 0.848060
vt 0.487406 0.438958
vt 0.266247 0.073456
vt 0.102153 0.045112
vt 0.576265 0.602596
vt 0.907935 0.006499
vt 0.067929 0.627718
vt 0.136636 0.040470
vt 0.204089 0.040555
vt 0.016365 0.560305
vt 0.575434 0.490249
vt 0.641416 0.485249
vt 0.015516 0.662233
vt 0.877215 0.932983
vt 0.919767 0.720019
vt 0.773042 0.628655
vt 0.768787 0.628659
vt 0.768787 0.487668
vt 0.769466 0.486207
vt 0.770145 0.485756
vt 0.771684 0.485156
vt 0.772860 0.485388
vt 0.671055 0.774547
vt 0.413930 0.233225
vt 0.380125 0.802067
vt 0.919185 0.524184
vt 0.922539 0.871667
vt 0.380128 0.805565
vt 0.877716 0.875688
vt 0.877716 0.918019
vt 0.877293 0.919352
vt 0.850712 0.919985
vt 0.849689 0.919437
vt 0.849265 0.918106
vt 0.849689 0.874442
vt 0.850712 0.873887
vt 0.876269 0.873809
vt 0.988665 0.151912
vt 0.985718 0.090928
vt 0.164267 0.939407
vt 0.988767 0.055913
vt 0.420432 0.529249
vt 0.420571 0.493825
vt 0.421182 0.492269
vt 0.422837 0.491129
vt 0.425094 0.490712
vt 0.446258 0.490712
vt 0.448512 0.491129
vt 0.450757 0.493825
vt 0.450618 0.529249
vt 0.450007 0.530805
vt 0.446095 0.532361
vt 0.986065 0.269185
vt 0.986064 0.245761
vt 0.082135 0.971675
vt 0.987193 0.871715
vt 0.341636 0.919395
vt 0.376633 0.954716
vt 0.362261 0.898677
vt 0.987050 0.818628
vt 0.376633 0.900067
vt 0.984536 0.871416
vt 0.667259 0.925755
vt 0.234245 0.931313
vt 0.872185 0.698856
vt 0.238300 0.946572
vt 0.301845 0.917812
vt 0.831236 0.628482
vt 0.791949 0.720021
vt 0.286387 0.868573
vt 0.575970 0.957522
vt 0.578633 0.964532
vt 0.057830 0.943404
vt 0.863213 0.962058
vt 0.864218 0.958365
vt 0.864218 0.937300
vt 0.863213 0.933673
vt 0.629037 0.941015
vt 0.578633 0.935130
vt 0.576621 0.938682
vt 0.831352 0.819479
vt 0.732967 0.589529
vt 0.831236 0.524240
vt 0.787126 0.524184
vt 0.732935 0.602528
vt 0.796688 0.819513
vt 0.974255 0.524365
vt 0.270754 0.970533
vt 0.210618 0.918406
vt 0.271407 0.943883
vt 0.805394 0.975575
vt 0.775253 0.738598
vt 0.778013 0.766685
vt 0.032443 0.816547
vt 0.262658 0.936284
vt 0.974288 0.570370
vt 0.101938 0.708450
vt 0.160634 0.714155
vt 0.161330 0.794819
vt 0.181408 0.918596
vt 0.181723 0.970622
vt 0.431901 0.968900
vt 0.102643 0.800590
vt 0.460955 0.968899
vt 0.163763 0.728702
vt 0.141993 0.675504
vt 0.102867 0.734894
vt 0.121329 0.762157
vt 0.099485 0.815015
vt 0.830903 0.914963
vt 0.786923 0.511187
vt 0.099616 0.661094
vt 0.096592 0.659872
vt 0.095340 0.656922
vt 0.096592 0.518773
vt 0.099616 0.517551
vt 0.161726 0.517551
vt 0.166002 0.521724
vt 0.166002 0.656922
vt 0.164750 0.659872
vt 0.978067 0.888299
vt 0.863643 0.722862
vt 0.978088 0.952377
vt 0.776337 0.969256
vt 0.890996 0.852542
vt 0.876640 0.719992
vt 0.786923 0.006499
vt 0.245385 0.661094
vt 0.183275 0.661094
vt 0.180251 0.659872
vt 0.178999 0.521724
vt 0.180251 0.518773
vt 0.183275 0.517551
vt 0.248409 0.518773
vt 0.249661 0.521724
vt 0.249661 0.656922
vt 0.020863 0.974940
vt 0.858806 0.661993
vt 0.020854 0.910795
vt 0.109694 0.912350
vt 0.886160 0.524184
vt 0.871803 0.656762
s 1
g off
g Cube.003_Material.005
usemtl Material.005
f 9/1/1 112/2/2 109/3/3
s 2
f 80/4/4 41/5/5 136/6/6
f 58/7/7 37/8/8 140/9/9
s 3
f 47/10/10 22/11/11 52/12/12
s 4
f 4/13/13 13/14/13 12/15/13
s 3
f 67/16/14 29/17/15 30/18/16
s 1
f 2/19/17 124/20/18 11/21/19
s 4
f 10/22/13 18/23/13 2/24/13
s 1
f 95/25/20 6/26/21 5/27/22
f 3/28/23 119/29/24 91/30/25
f 98/31/26 4/32/27 6/26/28
f 8/33/29 103/34/30 107/35/31
f 10/36/32 109/37/3 103/34/30
f 15/38/33 107/35/31 127/39/34
f 119/29/24 14/40/35 115/41/36
f 115/41/36 13/42/37 121/43/38
f 121/44/38 11/21/19 124/20/18
f 15/38/33 131/45/39 17/46/40
f 17/46/41 134/47/42 18/48/43
f 18/49/43 137/50/44 16/51/45
s 2
f 44/52/46 37/8/8 100/53/47
s 3
f 67/16/14 21/54/48 47/10/10
f 55/55/49 25/56/50 26/57/51
f 43/58/52 20/59/53 139/60/54
f 83/61/55 26/57/51 33/62/56
f 62/63/57 27/64/58 25/56/50
f 59/65/59 20/59/53 28/66/60
f 77/67/61 32/68/62 31/69/63
f 85/70/64 36/71/65 79/72/66
f 71/73/67 19/74/68 32/68/62
f 88/75/69 35/76/70 85/70/64
s 1
f 91/30/25 5/77/71 3/28/23
s 3
f 79/72/66 19/74/68 143/78/72
s 1
f 38/79/73 7/80/74 1/81/75
s 3
f 52/82/76 23/83/77 49/84/78
f 49/84/78 24/85/79 43/58/52
s 2
f 70/86/80 41/5/5 142/87/81
f 61/88/82 106/89/83 104/90/84
s 1
f 16/51/45 40/91/85 2/19/17
s 5
f 32/92/86 23/93/86 21/94/86
f 34/95/87 27/96/88 20/97/89
s 2
f 64/98/90 113/99/91 58/7/7
f 46/100/92 118/101/93 68/102/94
f 73/103/95 118/101/93 116/104/96
s 3
f 74/105/97 31/106/63 29/17/15
s 2
f 73/103/95 122/107/98 76/108/99
f 53/109/100 92/110/101 46/100/92
s 3
f 83/61/55 34/111/102 88/112/69
s 2
f 76/108/99 125/113/103 70/86/80
f 53/109/100 97/114/104 94/115/105
s 3
f 65/116/106 28/66/60 27/117/107
s 2
f 89/118/108 128/119/109 82/120/110
f 50/121/111 100/53/47 97/114/104
f 64/98/90 104/90/84 110/122/112
f 86/123/113 130/124/114 89/118/108
f 56/125/115 128/119/109 106/89/83
f 86/123/113 136/6/6 133/126/116
f 94/115/105 93/127/117 92/110/101
s 1
f 93/128/118 95/129/20 91/30/25
s 2
f 94/115/105 99/130/119 96/131/120
s 1
f 96/132/121 98/133/26 95/129/20
s 2
f 97/114/104 102/134/122 99/130/119
s 1
f 99/135/123 101/136/124 98/31/26
s 2
f 104/90/84 108/137/125 105/138/126
s 1
f 105/139/127 107/35/31 103/34/30
s 2
f 104/90/84 111/140/128 110/122/112
s 1
f 111/141/129 103/34/30 109/37/3
s 2
f 110/122/112 114/142/130 113/99/91
s 1
f 111/143/129 112/2/2 114/144/131
s 2
f 116/104/96 120/145/132 117/146/133
s 1
f 117/147/134 119/29/24 115/41/36
s 2
f 116/104/96 123/148/135 122/107/98
s 1
f 117/147/134 121/43/38 123/149/136
s 2
f 122/107/98 126/150/137 125/113/103
s 1
f 123/151/136 124/20/18 126/152/138
s 2
f 130/124/114 129/153/139 128/119/109
s 1
f 132/154/140 127/39/34 129/155/141
s 2
f 133/126/116 132/156/142 130/124/114
s 1
f 135/157/143 131/158/39 132/159/140
s 2
f 133/126/116 138/160/144 135/161/145
s 1
f 135/157/143 137/50/44 134/162/42
s 2
f 100/53/47 39/163/146 102/134/122
s 1
f 102/164/147 38/79/73 101/136/124
s 2
f 118/101/93 93/127/117 120/145/132
s 1
f 120/165/148 91/30/25 119/29/24
f 40/91/85 126/152/138 124/20/18
s 2
f 42/166/149 125/113/103 126/150/137
s 1
f 40/91/85 138/167/150 42/168/151
s 2
f 42/166/149 136/6/6 41/5/5
s 1
f 107/35/31 129/155/141 127/39/34
s 2
f 108/137/125 128/119/109 129/153/139
s 1
f 38/79/73 114/144/131 112/2/2
s 2
f 39/163/146 113/99/91 114/142/130
s 3
f 52/12/12 48/169/152 47/10/10
s 2
f 54/170/153 46/100/92 48/171/154
s 3
f 49/84/78 54/172/155 52/82/76
s 2
f 51/173/156 53/109/100 54/170/153
s 3
f 43/58/52 51/174/157 49/84/78
s 2
f 51/173/156 44/52/46 50/121/111
s 3
f 62/63/57 57/175/158 63/176/159
s 2
f 63/177/160 56/125/115 61/88/82
s 3
f 65/116/106 63/178/159 66/179/161
s 2
f 66/180/162 61/88/82 64/98/90
s 3
f 59/65/59 66/179/161 60/181/163
s 2
f 66/180/162 58/7/7 60/182/164
s 3
f 74/105/97 69/183/165 75/184/166
s 2
f 75/185/167 68/102/94 73/103/95
s 3
f 77/186/61 75/184/166 78/187/168
s 2
f 78/188/169 73/103/95 76/108/99
s 3
f 71/73/67 78/189/168 72/190/170
s 2
f 78/188/169 70/86/80 72/191/171
s 3
f 88/112/69 84/192/172 83/61/55
s 2
f 90/193/173 82/120/110 84/194/174
s 3
f 85/195/64 90/196/175 88/112/69
s 2
f 87/197/176 89/118/108 90/193/173
s 3
f 79/72/66 87/198/177 85/70/64
s 2
f 87/197/176 80/4/4 86/123/113
s 3
f 139/60/54 45/199/178 43/58/52
s 2
f 141/200/179 44/52/46 45/201/180
s 3
f 47/10/10 69/183/165 67/16/14
s 2
f 48/171/154 68/102/94 69/202/181
f 142/87/81 72/191/171 70/86/80
s 3
f 72/190/170 143/78/72 71/73/67
s 2
f 142/87/81 81/203/182 144/204/183
s 3
f 81/205/184 143/78/72 144/206/185
s 2
f 82/120/110 57/207/186 84/194/174
s 3
f 84/192/172 55/55/49 83/61/55
s 2
f 140/9/9 60/182/164 58/7/7
s 3
f 60/181/163 139/60/54 59/65/59
s 1
f 101/136/124 1/81/75 4/32/27
s 6
f 253/208/187 376/209/13 231/210/13
s 7
f 200/211/188 181/212/189 197/213/190
s 8
f 222/214/191 297/215/192 230/216/192
s 9
f 217/217/193 203/218/194 187/219/194
s 10
f 160/220/195 179/221/195 178/222/195
s 11
f 146/223/196 171/224/196 167/225/196
f 175/226/196 219/227/196 184/228/196
s 6
f 180/229/13 223/230/13 214/231/13
f 159/232/13 196/233/13 179/234/13
s 12
f 177/235/197 208/236/198 174/237/197
s 11
f 148/238/196 162/239/196 146/223/196
f 377/240/196 154/241/196 152/242/196
s 13
f 153/243/199 378/244/199 151/245/199
s 14
f 385/246/13 228/247/13 462/248/13
s 6
f 149/249/13 163/250/13 159/232/13
f 145/251/13 169/252/13 163/250/13
s 15
f 172/253/200 165/254/200 168/255/200
s 16
f 164/256/201 172/257/201 161/258/201
s 11
f 152/242/196 220/259/196 205/260/196
s 10
f 177/235/195 214/261/202 212/262/203
s 12
f 160/220/197 173/263/197 158/264/197
s 10
f 150/265/195 159/266/195 160/220/195
s 17
f 378/244/204 152/267/204 151/245/204
s 18
f 375/268/205 229/269/205 466/270/205
s 9
f 345/271/206 352/272/207 302/273/41
s 8
f 194/274/208 225/275/209 223/230/210
s 11
f 184/228/196 176/276/196 175/226/196
s 19
f 383/277/211 298/278/211 154/279/211
s 20
f 467/280/212 297/281/212 460/282/212
s 21
f 158/283/213 148/238/213 147/284/213
s 6
f 215/285/13 230/216/13 229/286/13
s 8
f 196/233/214 164/287/215 199/288/216
s 22
f 169/252/217 165/289/217 170/290/217
s 23
f 171/291/218 168/255/218 167/292/218
s 24
f 169/252/219 164/287/219 163/250/219
s 25
f 171/224/220 161/293/220 172/294/220
s 12
f 150/265/197 158/264/197 147/295/197
s 6
f 196/233/13 180/229/13 179/234/13
s 10
f 153/296/221 215/297/222 229/298/221
s 26
f 191/299/223 164/300/200 161/301/200
s 27
f 220/259/224 298/302/225 299/303/226
s 21
f 173/304/213 157/305/213 158/283/213
s 28
f 193/306/227 188/307/228 202/308/229
s 10
f 179/221/195 177/235/195 178/222/195
s 27
f 182/309/230 161/301/231 162/310/232
s 21
f 175/226/213 173/304/213 174/311/213
s 27
f 184/312/233 217/217/234 187/219/235
s 12
f 209/313/236 153/243/237 151/245/237
s 11
f 157/305/196 182/314/196 162/239/196
s 12
f 174/237/197 178/222/197 177/235/197
s 21
f 151/315/238 205/260/239 209/316/240
s 8
f 196/233/214 195/317/241 194/274/208
s 29
f 198/318/242 193/319/243 195/320/242
s 8
f 199/288/216 198/321/244 196/233/214
s 7
f 201/322/245 197/213/190 198/323/246
s 8
f 203/324/247 195/317/241 204/325/248
s 28
f 204/326/249 193/306/227 202/308/229
s 27
f 184/228/233 183/327/250 182/314/230
s 29
f 186/328/251 181/329/252 183/330/251
s 27
f 187/219/235 186/331/253 184/312/233
s 28
f 189/332/254 185/333/255 186/334/256
s 27
f 191/299/257 183/335/250 192/336/258
s 7
f 192/337/259 181/212/189 190/338/260
s 9
f 187/219/194 204/339/261 189/340/261
s 28
f 204/326/249 188/307/228 189/332/254
s 26
f 191/299/223 201/341/262 199/342/223
s 7
f 192/337/259 200/211/188 201/322/245
s 29
f 197/343/243 185/344/252 193/319/243
s 21
f 208/345/263 207/346/264 206/347/265
f 207/346/264 209/316/240 205/260/239
s 10
f 212/262/203 216/348/266 213/349/266
f 216/348/266 211/350/267 213/349/266
s 27
f 219/351/268 218/352/269 217/217/234
f 218/352/269 220/353/224 299/354/226
s 8
f 223/230/210 226/355/270 224/356/271
f 226/355/270 222/214/191 224/356/271
s 11
f 206/347/196 221/357/196 219/227/196
f 221/357/196 205/260/196 220/259/196
s 12
f 212/262/272 210/358/273 208/236/198
f 213/349/273 209/359/236 210/358/273
s 6
f 214/231/13 224/356/13 216/360/13
f 224/356/13 215/285/13 216/360/13
s 9
f 217/217/193 226/361/274 225/362/193
f 218/352/274 300/363/275 226/361/274
s 21
f 174/311/213 206/347/265 175/226/213
s 30
f 155/364/276 459/365/276 382/366/276
f 156/367/276 460/282/276 297/281/276
f 156/367/276 298/278/276 155/364/276
s 31
f 461/368/276 228/369/276 227/370/276
s 32
f 155/371/277 228/372/277 156/373/277
s 33
f 382/374/196 227/375/196 155/376/196
s 6
f 231/210/13 466/377/13 229/286/13
f 232/378/13 467/379/13 384/380/13
f 231/210/13 230/216/13 232/378/13
s 34
f 243/381/278 240/382/279 262/383/280
s 6
f 232/378/13 249/384/281 231/210/13
s 35
f 238/385/13 242/386/13 233/387/13
s 6
f 261/388/282 384/380/13 244/389/13
s 36
f 247/390/283 233/391/197 243/392/284
s 6
f 259/393/285 253/208/187 231/210/13
s 37
f 252/394/286 234/395/276 247/396/287
s 34
f 255/397/288 236/398/289 238/399/290
s 38
f 258/400/291 238/399/291 237/401/291
s 37
f 252/394/286 237/402/292 235/403/293
s 6
f 271/404/294 265/405/295 232/378/13
s 34
f 270/406/296 242/407/297 241/408/298
f 264/409/299 241/410/298 239/411/300
s 6
f 268/412/301 271/404/294 232/378/13
f 261/388/282 268/412/301 232/378/13
f 256/413/302 259/393/285 231/210/13
s 34
f 267/414/303 240/382/279 242/407/297
f 264/409/299 236/398/289 250/415/304
s 6
f 249/384/281 256/413/302 231/210/13
s 39
f 246/416/305 245/417/306 244/418/307
s 36
f 248/419/308 243/392/284 245/417/309
s 34
f 255/397/288 251/420/310 250/415/304
s 6
f 257/421/311 249/384/281 251/422/312
s 40
f 255/423/313 260/424/314 257/421/315
s 6
f 260/424/316 256/413/302 257/421/311
s 37
f 258/425/317 254/426/318 260/427/319
s 6
f 260/424/316 253/208/187 259/393/285
s 34
f 267/414/303 263/428/320 262/383/280
s 6
f 269/429/321 261/388/282 263/430/322
s 34
f 270/406/296 269/431/323 267/414/303
s 6
f 269/429/321 271/404/294 268/412/301
s 34
f 270/432/296 266/433/324 272/434/325
s 6
f 272/435/326 265/405/295 271/404/294
f 246/436/327 254/437/328 248/438/327
s 37
f 248/439/329 252/394/286 247/396/287
s 6
f 265/405/295 251/422/312 249/384/281
s 34
f 266/433/324 250/415/304 251/420/310
s 6
f 244/389/330 263/430/322 261/388/282
s 34
f 245/440/331 262/383/280 263/428/320
s 6
f 244/389/13 376/209/13 246/436/13
s 41
f 277/441/332 292/442/333 273/443/333
s 42
f 282/444/334 281/445/334 277/446/334
s 43
f 280/447/335 289/448/336 276/449/336
s 44
f 283/450/337 286/451/338 279/452/338
s 45
f 295/453/339 284/454/340 282/455/339
s 44
f 296/456/341 283/450/337 284/457/341
s 43
f 285/458/335 281/459/342 287/460/342
s 44
f 281/461/343 286/451/338 287/462/343
s 41
f 292/442/333 275/463/344 273/443/333
s 45
f 275/464/345 291/465/346 274/466/346
s 43
f 289/448/336 278/467/347 276/449/336
s 41
f 278/468/348 288/469/332 277/441/332
s 45
f 274/466/346 295/453/339 282/455/339
s 9
f 302/273/41 297/281/41 301/470/41
f 304/471/41 299/472/275 303/473/41
f 303/473/41 298/278/41 302/273/41
f 301/470/41 300/474/275 304/471/41
f 321/478/349 328/479/350 303/473/41
s 47
f 320/480/351 342/481/352 339/482/353
s 9
f 337/483/354 301/470/41 304/471/41
s 47
f 316/484/355 330/485/356 327/486/357
f 322/487/358 309/488/359 314/489/360
f 360/490/361 310/491/362 346/492/363
f 315/493/364 324/494/365 330/495/356
f 334/496/366 320/497/351 339/498/353
f 324/494/365 318/499/367 334/500/366
f 342/481/352 317/501/368 336/502/369
f 346/503/363 312/504/370 351/505/371
f 336/502/369 306/506/372 358/507/373
f 354/508/374 309/488/359 348/509/375
s 9
f 357/510/376 364/511/377 301/470/41
s 47
f 312/504/370 354/512/374 351/505/371
f 308/513/378 358/507/373 306/506/372
f 307/514/379 363/515/380 308/513/381
f 360/490/361 307/516/379 305/517/382
s 9
f 333/518/383 340/519/384 304/471/41
f 340/519/384 343/520/385 304/471/41
f 343/520/385 337/483/354 304/471/41
f 364/511/377 367/521/386 301/470/41
f 367/521/386 361/522/387 301/470/41
f 302/273/41 321/478/349 303/473/41
f 328/479/350 331/523/388 303/473/41
f 331/523/388 325/524/389 303/473/41
f 361/522/387 302/273/41 301/470/41
f 352/272/207 355/525/390 302/273/41
f 355/525/390 349/526/391 302/273/41
f 325/524/389 304/471/41 303/473/41
s 47
f 327/486/357 323/527/392 322/487/358
s 9
f 329/528/393 321/529/349 323/530/394
s 47
f 327/486/357 332/531/395 329/532/396
s 9
f 329/528/393 331/533/388 328/534/350
s 47
f 330/535/356 326/536/397 332/537/395
s 9
f 332/537/398 325/538/389 331/533/388
s 47
f 339/498/353 335/539/399 334/496/366
s 9
f 341/540/400 333/541/383 335/539/401
s 47
f 342/542/352 341/540/402 339/498/353
s 9
f 344/543/403 340/544/384 341/540/400
s 47
f 342/481/352 338/545/404 344/546/405
s 9
f 344/543/403 337/547/354 343/548/385
s 47
f 351/549/371 347/550/406 346/492/363
s 9
f 353/551/407 345/271/206 347/550/408
s 47
f 354/552/374 353/551/409 351/549/371
s 9
f 356/553/410 352/272/207 353/551/407
s 47
f 354/508/374 350/554/411 356/555/412
s 9
f 356/553/410 349/526/391 355/525/390
s 47
f 363/515/380 359/556/413 358/507/373
s 9
f 365/557/414 357/510/376 359/558/415
s 47
f 363/559/380 368/560/416 365/557/417
s 9
f 365/557/414 367/521/386 364/511/377
s 47
f 366/561/418 362/562/419 368/560/416
s 9
f 368/560/420 361/522/387 367/521/386
f 325/538/389 335/539/401 333/541/383
s 47
f 326/536/397 334/496/366 335/539/399
s 9
f 349/563/391 323/527/394 321/564/349
s 47
f 350/554/411 322/487/358 323/527/392
f 358/507/373 338/545/404 336/502/369
s 9
f 338/565/421 357/566/376 337/547/354
f 361/522/387 347/550/408 345/271/206
s 47
f 362/562/419 346/492/363 347/550/406
f 314/489/360 327/486/357 322/487/358
s 6
f 376/209/13 491/567/422 469/568/13
s 48
f 413/569/423 432/570/424 429/571/425
s 49
f 535/572/426 454/573/427 468/574/426
s 50
f 435/575/428 449/576/429 419/577/428
s 51
f 411/578/217 392/579/217 410/580/217
s 11
f 370/581/196 403/582/196 394/583/196
f 407/584/196 451/585/196 438/586/196
s 6
f 455/587/13 412/588/13 446/589/13
f 428/590/13 391/591/13 411/578/13
s 52
f 440/592/430 409/593/200 406/594/200
s 11
f 372/595/196 394/583/196 389/596/196
f 386/597/196 377/240/196 380/598/196
s 13
f 378/244/199 381/599/199 379/600/199
s 14
f 385/246/13 464/601/13 388/602/13
s 6
f 395/603/13 373/604/13 391/591/13
f 401/605/13 369/606/13 395/603/13
s 53
f 397/607/197 404/608/197 400/609/197
s 54
f 404/610/431 396/611/431 393/612/431
s 11
f 437/613/196 386/597/196 380/598/196
s 51
f 446/589/432 409/614/217 444/615/433
s 52
f 405/616/200 392/617/200 390/618/200
s 51
f 391/591/217 374/619/217 392/579/217
s 17
f 380/620/204 378/244/204 379/600/204
s 18
f 375/268/205 465/621/205 381/599/205
s 50
f 583/622/434 540/623/32 590/624/435
s 49
f 457/625/436 426/626/437 455/627/438
s 11
f 408/628/196 416/629/196 407/584/196
s 19
f 536/630/211 383/277/211 386/631/211
s 20
f 467/280/212 535/632/212 468/633/212
s 55
f 372/634/218 390/618/218 371/635/218
s 6
f 468/636/13 447/637/13 465/638/13
s 49
f 428/639/439 396/640/440 395/641/441
s 56
f 401/642/195 397/607/195 398/643/195
s 57
f 400/644/213 403/582/213 399/645/213
s 58
f 396/611/442 401/646/442 395/647/442
s 59
f 403/582/443 393/648/443 394/583/443
s 52
f 390/618/200 374/649/200 371/635/200
s 6
f 412/588/13 428/590/13 411/578/13
s 51
f 381/650/355 447/637/444 443/651/445
s 60
f 396/640/197 423/652/446 393/653/197
s 61
f 452/654/447 536/655/381 386/597/381
s 55
f 389/656/218 405/616/218 390/618/218
s 62
f 420/657/448 425/658/449 434/659/450
s 51
f 409/614/217 411/578/217 410/580/217
s 61
f 393/648/451 414/660/452 394/583/453
s 55
f 405/616/218 407/661/218 406/594/218
s 61
f 416/629/454 449/662/455 451/585/456
s 52
f 381/599/457 441/663/458 379/600/457
s 11
f 389/596/196 414/660/196 408/628/196
s 52
f 410/664/200 406/594/200 409/593/200
s 55
f 437/613/459 379/665/460 441/666/461
s 49
f 427/667/462 428/639/439 426/626/437
s 63
f 425/668/463 430/669/464 427/667/464
s 49
f 430/669/465 431/670/466 428/639/439
s 48
f 429/571/425 433/671/467 430/672/468
s 49
f 435/575/469 427/667/462 426/626/437
s 62
f 436/673/470 425/658/449 427/674/471
s 61
f 414/660/452 418/675/472 416/629/454
s 63
f 413/676/473 418/677/474 415/678/474
s 61
f 418/675/472 419/679/475 416/629/454
s 62
f 417/680/476 421/681/477 418/682/478
s 61
f 423/683/479 415/684/480 414/660/452
s 48
f 424/685/481 413/569/423 415/686/482
s 50
f 421/687/483 435/575/428 419/577/428
s 62
f 420/657/448 436/673/470 421/681/477
s 60
f 433/688/484 423/652/446 431/670/446
s 48
f 432/570/424 424/685/481 433/671/467
s 63
f 417/689/473 429/690/485 425/668/463
s 55
f 439/691/486 440/592/487 438/692/488
f 439/691/486 441/693/461 442/694/486
s 51
f 444/615/433 448/695/489 446/589/432
f 443/651/445 448/695/489 445/696/489
s 61
f 450/697/490 451/585/456 449/662/455
f 450/697/490 452/654/447 453/698/491
s 49
f 455/627/438 458/699/492 457/625/436
f 454/573/427 458/699/492 456/700/493
s 11
f 453/698/196 438/586/196 451/585/196
f 453/698/196 437/613/196 439/701/196
s 52
f 442/694/494 444/702/430 440/592/430
f 441/693/458 445/703/494 442/694/494
s 6
f 446/589/13 456/704/13 455/587/13
f 447/637/13 456/704/13 448/695/13
s 50
f 458/699/495 449/576/429 457/625/429
f 538/705/496 450/706/495 458/699/495
s 55
f 406/594/218 438/692/488 440/592/487
s 30
f 459/365/276 387/707/276 382/366/276
f 388/708/276 460/282/276 385/709/276
f 536/630/276 388/708/276 387/707/276
s 31
f 464/710/276 461/368/276 463/711/276
s 64
f 464/712/497 387/713/497 388/714/497
s 33
f 463/715/196 382/374/196 387/716/196
s 6
f 469/568/13 466/377/13 376/209/13
f 467/379/13 470/717/13 384/380/13
f 468/636/13 469/568/13 470/717/13
s 65
f 478/718/498 481/719/278 500/720/499
s 6
f 470/717/13 487/721/500 503/722/501
s 66
f 480/723/13 476/724/13 473/725/13
s 6
f 384/380/13 499/726/502 482/727/13
s 67
f 471/728/200 485/729/503 481/730/504
s 6
f 497/731/505 469/568/13 491/567/422
s 68
f 472/732/276 490/733/506 485/734/287
s 65
f 474/735/507 493/736/508 476/737/509
s 69
f 476/737/510 496/738/510 475/739/510
s 68
f 475/740/511 490/733/506 473/741/512
s 6
f 509/742/513 470/717/13 503/722/501
s 65
f 480/743/514 508/744/515 479/745/516
f 479/746/516 502/747/517 477/748/518
s 6
f 506/749/519 470/717/13 509/742/513
f 499/726/502 470/717/13 506/749/519
f 494/750/520 469/568/13 497/731/505
s 65
f 478/718/498 505/751/521 480/743/514
f 474/735/507 502/747/517 488/752/522
s 6
f 487/721/500 469/568/13 494/750/520
s 70
f 483/753/523 484/754/524 482/727/525
s 67
f 481/730/504 486/755/526 483/756/527
s 65
f 489/757/528 493/736/508 488/752/522
s 6
f 487/721/500 495/758/529 489/759/530
s 71
f 495/760/531 496/738/532 493/736/533
s 6
f 494/750/520 498/761/534 495/758/529
s 68
f 496/762/535 492/763/536 490/733/506
s 6
f 498/761/534 491/567/422 492/764/537
s 65
f 501/765/538 505/751/521 500/720/499
s 6
f 499/726/502 507/766/539 501/767/540
s 65
f 507/768/541 508/744/515 505/751/521
s 6
f 507/766/539 509/742/513 510/769/542
s 65
f 508/770/515 504/771/543 502/747/517
s 6
f 510/769/542 503/722/501 504/772/544
f 484/754/327 492/764/537 491/567/422
s 68
f 486/773/329 490/733/506 492/763/536
s 6
f 489/759/530 503/722/501 487/721/500
s 65
f 488/752/522 504/771/543 489/757/528
s 6
f 501/767/540 482/727/545 499/726/502
s 65
f 500/720/499 483/774/331 501/765/538
s 6
f 376/209/13 482/727/13 484/754/13
s 72
f 530/775/546 515/776/547 511/777/548
s 73
f 514/778/549 521/779/549 513/780/549
s 74
f 527/781/550 518/782/551 514/783/550
s 75
f 524/784/552 521/785/553 517/786/554
s 76
f 522/787/555 533/788/556 520/789/556
s 75
f 522/790/557 532/791/558 534/792/559
s 74
f 525/793/560 518/782/551 523/794/551
s 75
f 524/784/552 519/795/561 525/796/562
s 72
f 513/797/563 530/775/546 511/777/548
s 76
f 513/798/564 529/799/565 531/800/564
s 74
f 516/801/566 527/781/550 514/783/550
s 72
f 516/802/567 526/803/568 528/804/567
s 76
f 520/789/556 529/799/565 512/805/565
s 50
f 535/632/32 540/623/32 539/806/32
f 537/807/496 542/808/32 541/809/32
f 536/630/32 541/809/32 540/623/32
f 538/810/496 539/806/32 542/808/32
f 559/814/569 541/809/32 566/815/570
s 78
f 577/816/571 557/817/238 558/818/572
s 50
f 539/806/32 575/819/573 542/808/32
s 78
f 568/820/574 554/821/221 565/822/575
f 560/823/576 547/824/577 586/825/578
f 548/826/579 598/827/580 584/828/581
f 568/820/574 551/829/582 553/830/583
f 577/831/571 556/832/584 572/833/585
f 556/832/584 562/834/586 572/833/585
f 580/835/587 555/836/588 557/817/589
f 584/828/581 550/837/590 548/826/579
f 544/838/591 574/839/592 596/840/593
f 586/825/578 549/841/594 592/842/595
s 50
f 595/843/596 539/806/32 602/844/597
s 78
f 589/845/598 549/841/192 550/846/590
f 546/847/599 596/840/593 601/848/600
f 545/849/601 601/848/600 604/850/602
f 545/851/601 598/852/580 543/853/603
s 50
f 571/854/604 542/808/32 578/855/605
f 578/855/605 542/808/32 581/856/606
f 581/856/606 542/808/32 575/819/573
f 602/844/597 539/806/32 605/857/607
f 605/857/607 539/806/32 599/858/608
f 540/623/32 559/814/569 587/859/609
f 566/815/570 541/809/32 569/860/610
f 569/860/610 541/809/32 563/861/611
f 540/623/32 599/858/608 539/806/32
f 590/624/435 540/623/32 593/862/612
f 593/862/612 540/623/32 587/859/609
f 542/808/32 563/861/611 541/809/32
s 78
f 561/863/613 565/864/575 560/823/576
s 50
f 559/865/569 567/866/614 561/867/615
s 78
f 565/822/575 570/868/616 568/820/574
s 50
f 567/866/614 569/869/610 570/868/617
s 78
f 568/820/574 564/870/618 562/871/586
s 50
f 570/868/617 563/872/611 564/870/619
s 78
f 573/873/620 577/874/571 572/875/585
s 50
f 571/876/604 579/877/621 573/873/622
s 78
f 579/878/623 580/835/587 577/816/571
s 50
f 578/879/605 582/880/624 579/877/621
s 78
f 580/835/587 576/881/625 574/839/592
s 50
f 582/880/624 575/882/573 576/883/626
s 78
f 585/884/627 589/885/598 584/828/581
s 50
f 583/622/434 591/886/628 585/884/629
s 78
f 591/886/630 592/887/595 589/885/598
s 50
f 590/624/435 594/888/631 591/886/628
s 78
f 592/842/595 588/889/632 586/825/578
s 50
f 594/888/631 587/859/609 588/890/633
s 78
f 597/891/634 601/848/600 596/840/593
s 50
f 595/843/596 603/892/635 597/893/636
s 78
f 601/894/600 606/895/637 604/896/602
s 50
f 603/892/635 605/857/607 606/895/638
s 78
f 604/896/602 600/897/639 598/827/580
s 50
f 606/895/638 599/858/608 600/897/640
f 573/873/622 563/872/611 571/876/604
s 78
f 572/875/585 564/870/618 573/873/620
s 50
f 559/865/569 588/898/633 587/899/609
s 78
f 561/863/613 586/825/578 588/889/632
f 576/881/625 596/840/593 574/839/592
s 50
f 575/819/573 597/893/636 576/900/626
f 585/884/629 599/858/608 583/622/434
s 78
f 584/828/581 600/897/639 585/884/627
f 565/864/575 552/901/641 560/823/576
s 79
f 639/902/200 869/903/642 863/904/643
s 80
f 866/905/644 992/906/645 991/907/13
s 79
f 642/908/200 875/909/646 872/910/647
f 643/911/200 878/912/648 875/909/646
f 644/913/200 881/914/649 878/912/648
f 645/915/200 884/916/650 881/914/649
f 646/917/200 887/918/651 884/916/650
f 648/919/200 887/918/651 647/920/200
f 649/921/200 890/922/652 648/919/200
f 650/923/200 893/924/653 649/921/200
f 651/925/200 896/926/654 650/923/200
f 652/927/200 899/928/655 651/925/200
f 653/929/200 902/930/656 652/927/200
f 654/931/200 905/932/657 653/929/200
f 655/933/200 908/934/658 654/931/200
f 655/933/200 914/935/659 911/936/660
f 656/937/200 917/938/661 914/935/659
f 657/939/200 920/940/662 917/938/661
f 658/941/200 923/942/663 920/940/662
f 659/943/200 926/944/664 923/942/663
f 660/945/200 929/946/665 926/944/664
f 661/947/200 932/948/666 929/946/665
f 662/949/200 935/950/667 932/948/666
f 664/951/200 935/950/667 663/952/200
f 665/953/200 938/954/668 664/951/200
f 666/955/200 941/956/669 665/953/200
f 667/957/200 944/958/670 666/955/200
f 668/959/200 947/960/671 667/957/200
f 669/961/200 950/962/672 668/959/200
f 670/963/200 953/964/673 669/961/200
s 81
f 633/965/674 834/966/675 634/967/676
s 79
f 640/968/200 956/969/677 670/963/200
s 80
f 864/970/678 993/971/679 992/906/645
f 957/972/680 991/907/13 1022/973/681
f 870/974/682 994/975/683 993/971/679
f 873/976/684 995/977/685 994/975/683
f 876/978/686 996/979/687 995/980/685
f 879/981/688 997/982/689 996/979/687
f 882/983/690 998/984/691 997/982/689
f 885/985/692 999/986/199 998/984/691
f 888/987/693 1000/988/694 999/986/199
f 891/989/695 1001/990/696 1000/988/694
f 894/991/697 1002/992/698 1001/990/696
f 897/993/699 1003/994/700 1002/992/698
f 1003/995/700 903/996/701 1004/997/702
f 903/996/701 1005/998/703 1004/997/702
f 1005/998/703 909/999/704 1006/1000/705
f 909/999/704 1007/1001/196 1006/1000/705
f 912/1002/706 1008/1003/707 1007/1001/196
f 915/1004/708 1009/1005/709 1008/1003/707
f 918/1006/710 1010/1007/711 1009/1005/709
f 921/1008/712 1011/1009/713 1010/1007/711
f 924/1010/714 1012/1011/715 1011/1012/713
f 927/1013/716 1013/1014/717 1012/1011/715
f 930/1015/718 1014/1016/719 1013/1014/717
f 933/1017/720 1015/1018/276 1014/1016/719
f 936/1019/721 1016/1020/722 1015/1018/276
f 939/1021/723 1017/1022/674 1016/1020/722
f 942/1023/724 1018/1024/676 1017/1022/674
f 945/1025/725 1019/1026/726 1018/1024/676
f 948/1027/727 1020/1028/728 1019/1029/726
f 951/1030/729 1021/1031/730 1020/1028/728
f 954/1032/731 1022/973/681 1021/1031/730
s 79
f 641/1033/200 872/910/647 869/903/642
f 607/1034/200 639/902/200 640/968/200
f 608/1035/200 641/1033/200 639/902/200
f 609/1036/200 642/908/200 641/1033/200
f 610/1037/200 643/911/200 642/908/200
f 611/1038/200 644/913/200 643/911/200
f 612/1039/200 645/915/200 644/913/200
f 613/1040/200 646/917/200 645/915/200
f 614/1041/200 647/920/200 646/917/200
f 616/1042/200 647/920/200 615/1043/200
f 617/1044/200 648/919/200 616/1042/200
f 618/1045/200 649/921/200 617/1044/200
f 619/1046/200 650/923/200 618/1045/200
f 620/1047/200 651/925/200 619/1046/200
f 621/1048/200 652/927/200 620/1047/200
f 622/1049/200 653/929/200 621/1048/200
f 623/1050/200 654/931/200 622/1049/200
f 623/1050/200 656/937/200 655/933/200
f 624/1051/200 657/939/200 656/937/200
f 625/1052/200 658/941/200 657/939/200
f 626/1053/200 659/943/200 658/941/200
f 627/1054/200 660/945/200 659/943/200
f 628/1055/200 661/947/200 660/945/200
f 629/1056/200 662/949/200 661/947/200
f 630/1057/200 663/952/200 662/949/200
f 632/1058/200 663/952/200 631/1059/200
f 633/1060/200 664/951/200 632/1058/200
f 634/1061/200 665/953/200 633/1060/200
f 635/1062/200 666/955/200 634/1061/200
f 636/1063/200 667/957/200 635/1062/200
f 637/1064/200 668/959/200 636/1063/200
f 638/1065/200 669/961/200 637/1064/200
f 607/1034/200 670/963/200 638/1065/200
s 81
f 608/1066/645 684/1067/732 609/1068/679
f 621/1069/703 750/1070/733 756/1071/734
f 634/967/676 840/1072/735 635/1073/726
f 621/1069/703 762/1074/736 622/1075/705
f 779/1076/737 731/1077/738 683/1078/739
f 635/1079/726 846/1080/740 636/1081/728
f 622/1075/705 768/1082/741 623/1083/196
f 638/1084/681 677/1085/742 607/1086/13
f 636/1081/728 852/1087/743 637/1088/730
f 623/1083/196 774/1089/744 624/1090/707
f 610/1091/683 696/1092/745 611/1093/685
f 638/1084/681 852/1087/743 858/1094/746
f 624/1090/707 780/1095/747 625/1096/709
f 611/1097/685 702/1098/748 612/1099/749
f 625/1096/709 786/1100/750 626/1101/711
f 612/1099/749 708/1102/751 613/1103/689
f 609/1068/679 690/1104/752 610/1091/683
f 626/1101/711 792/1105/753 627/1106/713
f 613/1103/689 714/1107/754 614/1108/691
f 627/1109/713 798/1110/755 628/1111/715
f 615/1112/199 714/1107/754 720/1113/756
f 628/1111/715 804/1114/757 629/1115/717
f 615/1112/199 726/1116/758 616/1117/694
f 629/1115/717 810/1118/759 630/1119/719
f 616/1117/694 732/1120/760 617/1121/696
f 630/1119/719 816/1122/761 631/1123/276
f 617/1121/696 738/1124/762 618/1125/698
f 632/1126/722 816/1122/761 822/1127/763
f 618/1125/698 744/1128/764 619/1129/700
f 632/1126/722 828/1130/765 633/965/674
f 619/1131/700 750/1070/733 620/1132/702
f 672/1133/766 679/1134/767 676/1135/768
f 676/1135/768 680/1136/769 675/1137/770
f 675/1137/770 681/1138/771 674/1139/772
f 674/1140/772 682/1141/773 673/1142/774
f 673/1142/774 678/1143/775 671/1144/776
f 684/1067/732 676/1135/768 688/1145/777
f 688/1145/777 675/1137/770 687/1146/778
f 687/1146/778 674/1139/772 686/1147/779
f 686/1148/779 673/1142/774 685/1149/780
f 685/1149/780 671/1144/776 683/1078/739
f 690/1104/752 688/1145/777 694/1150/781
f 694/1150/781 687/1146/778 693/1151/782
f 693/1151/782 686/1147/779 692/1152/783
f 692/1153/783 685/1149/780 691/1154/784
f 691/1154/784 683/1078/739 689/1155/785
f 696/1092/745 694/1150/781 700/1156/786
f 700/1156/786 693/1151/782 699/1157/787
f 699/1157/787 692/1152/783 698/1158/788
f 698/1159/788 691/1154/784 697/1160/789
f 697/1160/789 689/1155/785 695/1161/790
f 702/1098/748 700/1162/786 706/1163/791
f 706/1163/791 699/1164/787 705/1165/792
f 705/1166/792 698/1158/788 704/1167/793
f 704/1168/793 697/1160/789 703/1169/794
f 703/1169/794 695/1161/790 701/1170/795
f 708/1102/751 706/1163/791 712/1171/796
f 712/1171/796 705/1165/792 711/1172/797
f 711/1172/797 704/1173/793 710/1174/798
f 710/1175/798 703/1169/794 709/1176/799
f 709/1176/799 701/1170/795 707/1177/800
f 714/1107/754 712/1171/796 718/1178/801
f 718/1178/801 711/1172/797 717/1179/802
f 717/1179/802 710/1174/798 716/1180/803
f 716/1181/803 709/1176/799 715/1182/804
f 715/1182/804 707/1177/800 713/1183/805
f 720/1113/756 718/1178/801 724/1184/806
f 724/1184/806 717/1179/802 723/1185/807
f 723/1185/807 716/1180/803 722/1186/808
f 722/1187/808 715/1182/804 721/1188/809
f 721/1188/809 713/1183/805 719/1189/810
f 720/1113/756 730/1190/811 726/1116/758
f 724/1184/806 729/1191/812 730/1190/811
f 723/1185/807 728/1192/813 729/1191/812
f 722/1187/808 727/1193/814 728/1194/813
f 721/1188/809 725/1195/815 727/1193/814
f 726/1116/758 736/1196/816 732/1120/760
f 730/1190/811 735/1197/817 736/1196/816
f 729/1198/812 734/1199/818 735/1200/817
f 728/1194/813 733/1201/819 734/1199/818
f 727/1193/814 731/1077/738 733/1201/819
f 732/1120/760 742/1202/820 738/1124/762
f 736/1196/816 741/1203/821 742/1202/820
f 735/1200/817 740/1204/822 741/1205/821
f 734/1199/818 739/1206/823 740/1204/822
f 733/1201/819 737/1207/824 739/1206/823
f 738/1124/762 748/1208/825 744/1128/764
f 742/1202/820 747/1209/826 748/1208/825
f 741/1205/821 746/1210/827 747/1211/826
f 740/1204/822 745/1212/828 746/1210/827
f 739/1206/823 743/1213/829 745/1212/828
f 744/1214/764 754/1215/830 750/1070/733
f 748/1216/825 753/1217/831 754/1215/830
f 747/1211/826 752/1218/832 753/1219/831
f 746/1210/827 751/1220/833 752/1218/832
f 745/1212/828 749/1221/834 751/1220/833
f 750/1070/733 760/1222/835 756/1071/734
f 754/1215/830 759/1223/836 760/1222/835
f 753/1219/831 758/1224/837 759/1225/836
f 752/1218/832 757/1226/838 758/1224/837
f 751/1220/833 755/1227/839 757/1226/838
f 756/1071/734 766/1228/840 762/1074/736
f 760/1222/835 765/1229/841 766/1228/840
f 759/1225/836 764/1230/842 765/1231/841
f 758/1224/837 763/1232/843 764/1230/842
f 757/1226/838 761/1233/844 763/1232/843
f 762/1074/736 772/1234/845 768/1082/741
f 766/1228/840 771/1235/846 772/1234/845
f 765/1231/841 770/1236/847 771/1237/846
f 764/1230/842 769/1238/848 770/1236/847
f 763/1232/843 767/1239/849 769/1238/848
f 774/1089/744 772/1234/845 778/1240/850
f 778/1240/850 771/1235/846 777/1241/851
f 777/1242/851 770/1236/847 776/1243/852
f 776/1243/852 769/1238/848 775/1244/853
f 775/1244/853 767/1239/849 773/1245/854
f 780/1095/747 778/1240/850 784/1246/855
f 784/1246/855 777/1241/851 783/1247/856
f 783/1248/856 776/1243/852 782/1249/857
f 782/1249/857 775/1244/853 781/1250/858
f 781/1250/858 773/1245/854 779/1076/737
f 786/1100/750 784/1246/855 790/1251/859
f 790/1251/859 783/1247/856 789/1252/860
f 789/1253/860 782/1249/857 788/1254/861
f 788/1254/861 781/1250/858 787/1255/862
f 787/1255/862 779/1076/737 785/1256/863
f 792/1105/753 790/1251/859 796/1257/864
f 796/1257/864 789/1252/860 795/1258/865
f 795/1259/865 788/1254/861 794/1260/866
f 794/1260/866 787/1255/862 793/1261/867
f 793/1261/867 785/1256/863 791/1262/868
f 798/1110/755 796/1263/864 802/1264/869
f 802/1264/869 795/1265/865 801/1266/870
f 801/1267/870 794/1260/866 800/1268/871
f 800/1268/871 793/1261/867 799/1269/872
f 799/1269/872 791/1262/868 797/1270/873
f 804/1114/757 802/1264/869 808/1271/874
f 808/1271/874 801/1266/870 807/1272/875
f 807/1273/875 800/1268/871 806/1274/876
f 806/1274/876 799/1269/872 805/1275/877
f 805/1275/877 797/1270/873 803/1276/878
f 810/1118/759 808/1271/874 814/1277/879
f 814/1277/879 807/1272/875 813/1278/880
f 813/1279/880 806/1274/876 812/1280/881
f 812/1280/881 805/1275/877 811/1281/882
f 811/1281/882 803/1276/878 809/1282/883
f 816/1122/761 814/1277/879 820/1283/884
f 820/1283/884 813/1278/880 819/1284/885
f 819/1285/885 812/1280/881 818/1286/886
f 818/1286/886 811/1281/882 817/1287/887
f 817/1287/887 809/1282/883 815/1288/888
f 816/1122/761 826/1289/889 822/1127/763
f 820/1283/884 825/1290/890 826/1289/889
f 819/1284/885 824/1291/891 825/1290/890
f 818/1286/886 823/1292/892 824/1293/891
f 817/1287/887 821/1294/893 823/1292/892
f 822/1127/763 832/1295/894 828/1130/765
f 826/1289/889 831/1296/895 832/1295/894
f 825/1290/890 830/1297/896 831/1296/895
f 824/1293/891 829/1298/897 830/1299/896
f 823/1292/892 827/1300/898 829/1298/897
f 828/1130/765 838/1301/899 834/966/675
f 832/1295/894 837/1302/900 838/1301/899
f 831/1303/895 836/1304/901 837/1305/900
f 830/1299/896 835/1306/902 836/1304/901
f 829/1298/897 833/1307/903 835/1306/902
f 834/966/675 844/1308/904 840/1072/735
f 838/1301/899 843/1309/905 844/1308/904
f 837/1310/900 842/1311/906 843/1312/905
f 836/1304/901 841/1313/907 842/1314/906
f 835/1306/902 839/1315/908 841/1313/907
f 840/1316/735 850/1317/909 846/1080/740
f 844/1318/904 849/1319/910 850/1317/909
f 843/1312/905 848/1320/911 849/1319/910
f 842/1314/906 847/1321/912 848/1322/911
f 841/1313/907 845/1323/913 847/1321/912
f 846/1080/740 856/1324/914 852/1087/743
f 850/1317/909 855/1325/915 856/1324/914
f 849/1319/910 854/1326/916 855/1325/915
f 848/1322/911 853/1327/917 854/1328/916
f 847/1321/912 851/1329/918 853/1327/917
f 852/1087/743 862/1330/919 858/1094/746
f 856/1324/914 861/1331/920 862/1330/919
f 855/1325/915 860/1332/921 861/1331/920
f 854/1328/916 859/1333/922 860/1334/921
f 853/1327/917 857/1335/923 859/1333/922
f 858/1094/746 679/1134/767 677/1085/742
f 862/1330/919 680/1136/769 679/1134/767
f 861/1331/920 681/1138/771 680/1136/769
f 860/1334/921 682/1141/773 681/1336/771
f 859/1333/922 678/1143/775 682/1141/773
f 607/1086/13 672/1133/766 608/1066/645
s 80
f 864/970/678 868/1337/924 865/1338/925
s 79
f 865/1339/926 867/1340/927 863/904/643
s 80
f 870/974/682 865/1338/925 871/1341/928
s 79
f 871/1342/929 863/904/643 869/903/642
s 80
f 873/976/684 871/1341/928 874/1343/930
s 79
f 874/1344/931 869/903/642 872/910/647
s 80
f 876/1345/686 874/1343/930 877/1346/932
s 79
f 877/1347/933 872/910/647 875/909/646
s 80
f 879/981/688 877/1348/932 880/1349/934
s 79
f 880/1350/935 875/909/646 878/912/648
s 80
f 882/983/690 880/1349/934 883/1351/936
s 79
f 883/1352/937 878/912/648 881/914/649
s 80
f 885/985/692 883/1351/936 886/1353/938
s 79
f 886/1354/939 881/914/649 884/916/650
s 80
f 888/987/693 886/1353/938 889/1355/940
s 79
f 889/1356/941 884/916/650 887/918/651
s 80
f 888/987/693 892/1357/942 891/989/695
s 79
f 889/1356/941 890/922/652 892/1358/943
s 80
f 891/989/695 895/1359/944 894/991/697
s 79
f 892/1358/943 893/924/653 895/1360/945
s 80
f 894/991/697 898/1361/946 897/993/699
s 79
f 895/1360/945 896/926/654 898/1362/947
s 80
f 897/993/699 901/1363/948 900/1364/949
s 79
f 898/1362/947 899/928/655 901/1365/950
s 80
f 900/1366/949 904/1367/951 903/996/701
s 79
f 901/1365/950 902/930/656 904/1368/952
s 80
f 903/996/701 907/1369/953 906/1370/954
s 79
f 904/1368/952 905/932/657 907/1371/955
s 80
f 906/1370/954 910/1372/956 909/999/704
s 79
f 907/1371/955 908/934/658 910/1373/957
s 80
f 909/999/704 913/1374/958 912/1002/706
s 79
f 910/1373/957 911/936/660 913/1375/959
s 80
f 915/1004/708 913/1374/958 916/1376/960
s 79
f 916/1377/961 911/936/660 914/935/659
s 80
f 918/1006/710 916/1376/960 919/1378/962
s 79
f 919/1379/963 914/935/659 917/938/661
s 80
f 921/1008/712 919/1378/962 922/1380/964
s 79
f 922/1381/965 917/938/661 920/940/662
s 80
f 924/1382/714 922/1380/964 925/1383/966
s 79
f 925/1384/967 920/940/662 923/942/663
s 80
f 927/1013/716 925/1385/966 928/1386/968
s 79
f 928/1387/969 923/942/663 926/944/664
s 80
f 930/1015/718 928/1386/968 931/1388/970
s 79
f 931/1389/971 926/944/664 929/946/665
s 80
f 933/1017/720 931/1388/970 934/1390/972
s 79
f 934/1391/973 929/946/665 932/948/666
s 80
f 936/1019/721 934/1390/972 937/1392/974
s 79
f 937/1393/975 932/948/666 935/950/667
s 80
f 936/1019/721 940/1394/976 939/1021/723
s 79
f 937/1393/975 938/954/668 940/1395/977
s 80
f 939/1021/723 943/1396/978 942/1023/724
s 79
f 940/1395/977 941/956/669 943/1397/979
s 80
f 942/1023/724 946/1398/980 945/1025/725
s 79
f 943/1397/979 944/958/670 946/1399/981
s 80
f 945/1025/725 949/1400/982 948/1401/727
s 79
f 946/1399/981 947/960/671 949/1402/983
s 80
f 948/1027/727 952/1403/984 951/1030/729
s 79
f 949/1402/983 950/962/672 952/1404/985
s 80
f 951/1030/729 955/1405/986 954/1032/731
s 79
f 952/1404/985 953/964/673 955/1406/987
s 80
f 954/1032/731 958/1407/988 957/972/680
s 79
f 955/1406/987 956/969/677 958/1408/989
s 80
f 957/972/680 868/1337/924 866/905/644
s 79
f 958/1408/989 867/1340/927 868/1409/990
f 640/968/200 863/904/643 867/1340/927
s 82
f 1023/1410/197 1253/1411/991 1025/1412/197
s 80
f 992/906/645 1250/1413/992 991/907/13
s 82
f 1026/1414/197 1259/1415/993 1027/1416/197
f 1027/1416/197 1262/1417/994 1028/1418/197
f 1028/1418/197 1265/1419/995 1029/1420/197
f 1029/1420/197 1268/1421/996 1030/1422/197
f 1030/1422/197 1271/1423/997 1031/1424/197
f 1271/1423/997 1032/1425/197 1031/1424/197
f 1274/1426/998 1033/1427/197 1032/1425/197
f 1277/1428/999 1034/1429/197 1033/1427/197
f 1280/1430/1000 1035/1431/197 1034/1429/197
f 1283/1432/1001 1036/1433/197 1035/1431/197
f 1286/1434/1002 1037/1435/197 1036/1433/197
f 1289/1436/1003 1038/1437/197 1037/1435/197
f 1292/1438/1004 1039/1439/197 1038/1437/197
f 1039/1439/197 1298/1440/1005 1040/1441/197
f 1040/1441/197 1301/1442/1006 1041/1443/197
f 1041/1443/197 1304/1444/1007 1042/1445/197
f 1042/1445/197 1307/1446/1008 1043/1447/197
f 1043/1447/197 1310/1448/1009 1044/1449/197
f 1044/1449/197 1313/1450/1010 1045/1451/197
f 1045/1451/197 1316/1452/1011 1046/1453/197
f 1046/1453/197 1319/1454/1012 1047/1455/197
f 1319/1454/1012 1048/1456/197 1047/1455/197
f 1322/1457/1013 1049/1458/197 1048/1456/197
f 1325/1459/1014 1050/1460/197 1049/1458/197
f 1328/1461/1015 1051/1462/197 1050/1460/197
f 1331/1463/1016 1052/1464/197 1051/1462/197
f 1334/1465/1017 1053/1466/197 1052/1464/197
f 1337/1467/1018 1054/1468/197 1053/1466/197
s 83
f 1218/1469/1019 985/1470/674 986/1471/676
s 82
f 1340/1472/1020 1024/1473/197 1054/1468/197
s 80
f 993/971/679 1248/1474/1021 992/906/645
f 991/907/13 1341/1475/1022 1022/973/681
f 994/975/683 1254/1476/1023 993/971/679
f 994/975/683 1260/1477/1024 1257/1478/1025
f 996/979/687 1260/1479/1024 995/980/685
f 997/982/689 1263/1480/1026 996/979/687
f 998/984/691 1266/1481/1027 997/982/689
f 999/986/199 1269/1482/1028 998/984/691
f 1000/988/694 1272/1483/1029 999/986/199
f 1001/990/696 1275/1484/1030 1000/988/694
f 1002/992/698 1278/1485/1031 1001/990/696
f 1003/994/700 1281/1486/1032 1002/992/698
f 1003/995/700 1287/1487/1033 1284/1488/1034
f 1004/997/702 1290/1489/1035 1287/1487/1033
f 1006/1000/705 1290/1489/1035 1005/998/703
f 1007/1001/196 1293/1490/1036 1006/1000/705
f 1008/1003/707 1296/1491/1037 1007/1001/196
f 1009/1005/709 1299/1492/1038 1008/1003/707
f 1010/1007/711 1302/1493/1039 1009/1005/709
f 1011/1009/713 1305/1494/1040 1010/1007/711
f 1012/1011/715 1308/1495/1041 1011/1012/713
f 1013/1014/717 1311/1496/1042 1012/1011/715
f 1014/1016/719 1314/1497/1043 1013/1014/717
f 1015/1018/276 1317/1498/1044 1014/1016/719
f 1016/1020/722 1320/1499/1045 1015/1018/276
f 1017/1022/674 1323/1500/1046 1016/1020/722
f 1018/1024/676 1326/1501/1047 1017/1022/674
f 1019/1026/726 1329/1502/1048 1018/1024/676
f 1020/1028/728 1332/1503/1049 1019/1029/726
f 1021/1031/730 1335/1504/1050 1020/1028/728
f 1022/973/681 1338/1505/1051 1021/1031/730
s 82
f 1025/1412/197 1256/1506/1052 1026/1414/197
f 959/1507/197 1023/1410/197 960/1508/197
f 960/1508/197 1025/1412/197 961/1509/197
f 961/1509/197 1026/1414/197 962/1510/197
f 962/1510/197 1027/1416/197 963/1511/197
f 963/1511/197 1028/1418/197 964/1512/197
f 964/1512/197 1029/1420/197 965/1513/197
f 965/1513/197 1030/1422/197 966/1514/197
f 966/1514/197 1031/1424/197 967/1515/197
f 1031/1424/197 968/1516/197 967/1515/197
f 1032/1425/197 969/1517/197 968/1516/197
f 1033/1427/197 970/1518/197 969/1517/197
f 1034/1429/197 971/1519/197 970/1518/197
f 1035/1431/197 972/1520/197 971/1519/197
f 1036/1433/197 973/1521/197 972/1520/197
f 1037/1435/197 974/1522/197 973/1521/197
f 1038/1437/197 975/1523/197 974/1522/197
f 975/1523/197 1040/1441/197 976/1524/197
f 976/1524/197 1041/1443/197 977/1525/197
f 977/1525/197 1042/1445/197 978/1526/197
f 978/1526/197 1043/1447/197 979/1527/197
f 979/1527/197 1044/1449/197 980/1528/197
f 980/1528/197 1045/1451/197 981/1529/197
f 981/1529/197 1046/1453/197 982/1530/197
f 982/1530/197 1047/1455/197 983/1531/197
f 1047/1455/197 984/1532/197 983/1531/197
f 1048/1456/197 985/1533/197 984/1532/197
f 1049/1458/197 986/1534/197 985/1533/197
f 1050/1460/197 987/1535/197 986/1534/197
f 1051/1462/197 988/1536/197 987/1535/197
f 1052/1464/197 989/1537/197 988/1536/197
f 1053/1466/197 990/1538/197 989/1537/197
f 1054/1468/197 959/1507/197 990/1538/197
s 83
f 1068/1539/1053 960/1540/645 961/1541/679
f 973/1542/703 1134/1543/1054 972/1544/702
f 1224/1545/1055 986/1471/676 987/1546/726
f 1146/1547/1056 973/1542/703 974/1548/705
f 1151/1549/1057 1199/1550/1058 1062/1551/1059
f 1230/1552/1060 987/1553/726 988/1554/728
f 1152/1555/1061 974/1548/705 975/1556/196
f 1061/1557/1062 990/1558/681 959/1559/13
f 1236/1560/1063 988/1554/728 989/1561/730
f 1158/1562/1064 975/1556/196 976/1563/707
f 1080/1564/1065 962/1565/683 963/1566/685
f 1242/1567/1066 989/1561/730 990/1558/681
f 1164/1568/1067 976/1563/707 977/1569/709
f 1086/1570/1068 963/1571/685 964/1572/749
f 1170/1573/1069 977/1569/709 978/1574/711
f 1092/1575/1070 964/1572/749 965/1576/689
f 1074/1577/1071 961/1541/679 962/1565/683
f 1176/1578/1072 978/1574/711 979/1579/713
f 1098/1580/1073 965/1576/689 966/1581/691
f 1182/1582/1074 979/1583/713 980/1584/715
f 967/1585/199 1098/1580/1073 966/1581/691
f 1188/1586/1075 980/1584/715 981/1587/717
f 1110/1588/1076 967/1585/199 968/1589/694
f 1194/1590/1077 981/1587/717 982/1591/719
f 1116/1592/1078 968/1589/694 969/1593/696
f 1200/1594/1079 982/1591/719 983/1595/276
f 1122/1596/1080 969/1593/696 970/1597/698
f 1206/1598/1081 983/1595/276 984/1599/722
f 1128/1600/1082 970/1597/698 971/1601/700
f 1212/1602/1083 984/1599/722 985/1470/674
f 1134/1543/1054 971/1603/700 972/1544/702
f 1056/1604/1084 1063/1605/1085 1061/1557/1062
f 1060/1606/1086 1064/1607/1087 1063/1605/1085
f 1059/1608/1088 1065/1609/1089 1064/1610/1087
f 1058/1611/1090 1066/1612/1091 1065/1609/1089
f 1057/1613/1092 1062/1551/1059 1066/1612/1091
f 1068/1539/1053 1060/1606/1086 1056/1604/1084
f 1072/1614/1093 1059/1615/1088 1060/1606/1086
f 1071/1616/1094 1058/1611/1090 1059/1608/1088
f 1070/1617/1095 1057/1613/1092 1058/1611/1090
f 1069/1618/1096 1055/1619/1097 1057/1613/1092
f 1074/1577/1071 1072/1614/1093 1068/1539/1053
f 1078/1620/1098 1071/1616/1094 1072/1621/1093
f 1077/1622/1099 1070/1617/1095 1071/1616/1094
f 1076/1623/1100 1069/1618/1096 1070/1617/1095
f 1075/1624/1101 1067/1625/1102 1069/1618/1096
f 1080/1564/1065 1078/1626/1098 1074/1577/1071
f 1084/1627/1103 1077/1628/1099 1078/1629/1098
f 1083/1630/1104 1076/1623/1100 1077/1622/1099
f 1082/1631/1105 1075/1624/1101 1076/1623/1100
f 1081/1632/1106 1073/1633/1107 1075/1624/1101
f 1086/1570/1068 1084/1627/1103 1080/1634/1065
f 1090/1635/1108 1083/1636/1104 1084/1627/1103
f 1089/1637/1109 1082/1631/1105 1083/1630/1104
f 1088/1638/1110 1081/1632/1106 1082/1631/1105
f 1087/1639/1111 1079/1640/1112 1081/1632/1106
f 1092/1575/1070 1090/1635/1108 1086/1570/1068
f 1096/1641/1113 1089/1642/1109 1090/1635/1108
f 1095/1643/1114 1088/1638/1110 1089/1637/1109
f 1094/1644/1115 1087/1639/1111 1088/1638/1110
f 1093/1645/1116 1085/1646/1117 1087/1639/1111
f 1098/1580/1073 1096/1641/1113 1092/1575/1070
f 1102/1647/1118 1095/1648/1114 1096/1641/1113
f 1101/1649/1119 1094/1644/1115 1095/1643/1114
f 1100/1650/1120 1093/1645/1116 1094/1644/1115
f 1099/1651/1121 1091/1652/1122 1093/1645/1116
f 1104/1653/1123 1102/1647/1118 1098/1580/1073
f 1108/1654/1124 1101/1655/1119 1102/1647/1118
f 1107/1656/1125 1100/1650/1120 1101/1649/1119
f 1106/1657/1126 1099/1651/1121 1100/1650/1120
f 1105/1658/1127 1097/1659/1128 1099/1651/1121
f 1114/1660/1129 1104/1653/1123 1110/1588/1076
f 1113/1661/1130 1108/1654/1124 1114/1660/1129
f 1112/1662/1131 1107/1663/1125 1113/1661/1130
f 1111/1664/1132 1106/1657/1126 1112/1665/1131
f 1109/1666/1133 1105/1658/1127 1111/1664/1132
f 1120/1667/1134 1110/1588/1076 1116/1592/1078
f 1119/1668/1135 1114/1660/1129 1120/1667/1134
f 1118/1669/1136 1113/1661/1130 1119/1668/1135
f 1117/1670/1137 1112/1665/1131 1118/1671/1136
f 1115/1672/1138 1111/1664/1132 1117/1670/1137
f 1126/1673/1139 1116/1592/1078 1122/1596/1080
f 1125/1674/1140 1120/1667/1134 1126/1673/1139
f 1124/1675/1141 1119/1676/1135 1125/1677/1140
f 1123/1678/1142 1118/1671/1136 1124/1675/1141
f 1121/1679/1143 1117/1670/1137 1123/1678/1142
f 1132/1680/1144 1122/1596/1080 1128/1600/1082
f 1131/1681/1145 1126/1673/1139 1132/1680/1144
f 1130/1682/1146 1125/1677/1140 1131/1683/1145
f 1129/1684/1147 1124/1675/1141 1130/1682/1146
f 1127/1685/1148 1123/1678/1142 1129/1684/1147
f 1138/1686/1149 1128/1687/1082 1134/1543/1054
f 1137/1688/1150 1132/1689/1144 1138/1686/1149
f 1136/1690/1151 1131/1683/1145 1137/1691/1150
f 1135/1692/1152 1130/1682/1146 1136/1690/1151
f 1133/1693/1153 1129/1684/1147 1135/1692/1152
f 1144/1694/1154 1134/1543/1054 1140/1695/1155
f 1143/1696/1156 1138/1686/1149 1144/1694/1154
f 1142/1697/1157 1137/1688/1150 1143/1696/1156
f 1141/1698/1158 1136/1690/1151 1142/1699/1157
f 1139/1700/1159 1135/1692/1152 1141/1698/1158
f 1150/1701/1160 1140/1695/1155 1146/1547/1056
f 1149/1702/1161 1144/1694/1154 1150/1701/1160
f 1148/1703/1162 1143/1696/1156 1149/1702/1161
f 1147/1704/1163 1142/1699/1157 1148/1705/1162
f 1145/1706/1164 1141/1698/1158 1147/1704/1163
f 1156/1707/1165 1146/1547/1056 1152/1555/1061
f 1155/1708/1166 1150/1701/1160 1156/1707/1165
f 1154/1709/1167 1149/1702/1161 1155/1708/1166
f 1153/1710/1168 1148/1705/1162 1154/1711/1167
f 1151/1549/1057 1147/1704/1163 1153/1710/1168
f 1158/1562/1064 1156/1707/1165 1152/1555/1061
f 1162/1712/1169 1155/1708/1166 1156/1707/1165
f 1161/1713/1170 1154/1709/1167 1155/1708/1166
f 1160/1714/1171 1153/1710/1168 1154/1711/1167
f 1159/1715/1172 1151/1549/1057 1153/1710/1168
f 1164/1568/1067 1162/1712/1169 1158/1562/1064
f 1168/1716/1173 1161/1713/1170 1162/1712/1169
f 1167/1717/1174 1160/1718/1171 1161/1713/1170
f 1166/1719/1175 1159/1715/1172 1160/1714/1171
f 1165/1720/1176 1157/1721/1177 1159/1715/1172
f 1170/1573/1069 1168/1716/1173 1164/1568/1067
f 1174/1722/1178 1167/1717/1174 1168/1716/1173
f 1173/1723/1179 1166/1724/1175 1167/1717/1174
f 1172/1725/1180 1165/1720/1176 1166/1719/1175
f 1171/1726/1181 1163/1727/1182 1165/1720/1176
f 1176/1578/1072 1174/1722/1178 1170/1573/1069
f 1180/1728/1183 1173/1723/1179 1174/1722/1178
f 1179/1729/1184 1172/1725/1180 1173/1730/1179
f 1178/1731/1185 1171/1726/1181 1172/1725/1180
f 1177/1732/1186 1169/1733/1187 1171/1726/1181
f 1182/1582/1074 1180/1734/1183 1176/1735/1072
f 1186/1736/1188 1179/1737/1184 1180/1734/1183
f 1185/1738/1189 1178/1731/1185 1179/1729/1184
f 1184/1739/1190 1177/1732/1186 1178/1731/1185
f 1183/1740/1191 1175/1741/1192 1177/1732/1186
f 1188/1586/1075 1186/1736/1188 1182/1582/1074
f 1192/1742/1193 1185/1743/1189 1186/1736/1188
f 1191/1744/1194 1184/1739/1190 1185/1738/1189
f 1190/1745/1195 1183/1740/1191 1184/1739/1190
f 1189/1746/1196 1181/1747/1197 1183/1740/1191
f 1194/1590/1077 1192/1742/1193 1188/1586/1075
f 1198/1748/1198 1191/1749/1194 1192/1742/1193
f 1197/1750/1199 1190/1751/1195 1191/1749/1194
f 1196/1752/1200 1189/1746/1196 1190/1745/1195
f 1195/1753/1201 1187/1754/1202 1189/1746/1196
f 1200/1594/1079 1198/1748/1198 1194/1590/1077
f 1204/1755/1203 1197/1750/1199 1198/1748/1198
f 1203/1756/1204 1196/1757/1200 1197/1750/1199
f 1202/1758/1205 1195/1753/1201 1196/1752/1200
f 1201/1759/1206 1193/1760/1207 1195/1753/1201
f 1210/1761/1208 1200/1594/1079 1206/1598/1081
f 1209/1762/1209 1204/1755/1203 1210/1761/1208
f 1208/1763/1210 1203/1764/1204 1209/1765/1209
f 1207/1766/1211 1202/1758/1205 1208/1763/1210
f 1205/1767/1212 1201/1759/1206 1207/1766/1211
f 1216/1768/1213 1206/1598/1081 1212/1602/1083
f 1215/1769/1214 1210/1761/1208 1216/1768/1213
f 1214/1770/1215 1209/1765/1209 1215/1771/1214
f 1213/1772/1216 1208/1763/1210 1214/1770/1215
f 1211/1773/1217 1207/1766/1211 1213/1772/1216
f 1222/1774/1218 1212/1602/1083 1218/1469/1019
f 1221/1775/1219 1216/1768/1213 1222/1774/1218
f 1220/1776/1220 1215/1771/1214 1221/1777/1219
f 1219/1778/1221 1214/1770/1215 1220/1776/1220
f 1217/1779/1222 1213/1772/1216 1219/1778/1221
f 1228/1780/1223 1218/1469/1019 1224/1545/1055
f 1227/1781/1224 1222/1774/1218 1228/1780/1223
f 1226/1782/1225 1221/1777/1219 1227/1783/1224
f 1225/1784/1226 1220/1776/1220 1226/1782/1225
f 1223/1785/1227 1219/1778/1221 1225/1784/1226
f 1234/1786/1228 1224/1787/1055 1230/1552/1060
f 1233/1788/1229 1228/1780/1223 1234/1789/1228
f 1232/1790/1230 1227/1783/1224 1233/1791/1229
f 1231/1792/1231 1226/1782/1225 1232/1790/1230
f 1229/1793/1232 1225/1784/1226 1231/1792/1231
f 1240/1794/1233 1230/1552/1060 1236/1560/1063
f 1239/1795/1234 1234/1786/1228 1240/1794/1233
f 1238/1796/1235 1233/1791/1229 1239/1797/1234
f 1237/1798/1236 1232/1790/1230 1238/1796/1235
f 1235/1799/1237 1231/1792/1231 1237/1798/1236
f 1246/1800/1238 1236/1560/1063 1242/1567/1066
f 1245/1801/1239 1240/1794/1233 1246/1800/1238
f 1244/1802/1240 1239/1797/1234 1245/1803/1239
f 1243/1804/1241 1238/1796/1235 1244/1802/1240
f 1241/1805/1242 1237/1798/1236 1243/1804/1241
f 1063/1605/1085 1242/1567/1066 1061/1557/1062
f 1064/1607/1087 1246/1800/1238 1063/1605/1085
f 1065/1609/1089 1245/1803/1239 1064/1610/1087
f 1066/1612/1091 1244/1802/1240 1065/1609/1089
f 1062/1551/1059 1243/1804/1241 1066/1612/1091
f 1056/1604/1084 959/1559/13 960/1540/645
s 80
f 1248/1474/1021 1252/1806/1243 1250/1413/992
s 82
f 1249/1807/1244 1251/1808/1245 1252/1809/1246
s 80
f 1254/1476/1023 1249/1810/1247 1248/1474/1021
s 82
f 1255/1811/1248 1247/1812/1249 1249/1807/1244
s 80
f 1257/1478/1025 1255/1813/1250 1254/1476/1023
s 82
f 1258/1814/1251 1253/1411/991 1255/1811/1248
s 80
f 1260/1479/1024 1258/1815/1252 1257/1816/1025
s 82
f 1261/1817/1253 1256/1506/1052 1258/1814/1251
s 80
f 1263/1480/1026 1261/1818/1254 1260/1479/1024
s 82
f 1264/1819/1255 1259/1415/993 1261/1817/1253
s 80
f 1266/1481/1027 1264/1820/1256 1263/1480/1026
s 82
f 1267/1821/1257 1262/1417/994 1264/1819/1255
s 80
f 1269/1482/1028 1267/1822/1258 1266/1481/1027
s 82
f 1270/1823/1259 1265/1419/995 1267/1821/1257
s 80
f 1272/1483/1029 1270/1824/1260 1269/1482/1028
s 82
f 1273/1825/1261 1268/1421/996 1270/1823/1259
s 80
f 1276/1826/1262 1272/1483/1029 1275/1484/1030
s 82
f 1274/1426/998 1273/1825/1261 1276/1827/1263
s 80
f 1279/1828/1264 1275/1484/1030 1278/1485/1031
s 82
f 1277/1428/999 1276/1827/1263 1279/1829/1265
s 80
f 1282/1830/1266 1278/1485/1031 1281/1486/1032
s 82
f 1280/1430/1000 1279/1829/1265 1282/1831/1267
s 80
f 1285/1832/1268 1281/1486/1032 1284/1833/1034
s 82
f 1283/1432/1001 1282/1831/1267 1285/1834/1269
s 80
f 1288/1835/1270 1284/1488/1034 1287/1487/1033
s 82
f 1286/1434/1002 1285/1834/1269 1288/1836/1271
s 80
f 1291/1837/1272 1287/1487/1033 1290/1489/1035
s 82
f 1289/1436/1003 1288/1836/1271 1291/1838/1273
s 80
f 1294/1839/1274 1290/1489/1035 1293/1490/1036
s 82
f 1292/1438/1004 1291/1838/1273 1294/1840/1275
s 80
f 1297/1841/1276 1293/1490/1036 1296/1491/1037
s 82
f 1295/1842/1277 1294/1840/1275 1297/1843/1278
s 80
f 1299/1492/1038 1297/1841/1276 1296/1491/1037
s 82
f 1300/1844/1279 1295/1842/1277 1297/1843/1278
s 80
f 1302/1493/1039 1300/1845/1280 1299/1492/1038
s 82
f 1303/1846/1281 1298/1440/1005 1300/1844/1279
s 80
f 1305/1494/1040 1303/1847/1282 1302/1493/1039
s 82
f 1306/1848/1283 1301/1442/1006 1303/1846/1281
s 80
f 1308/1849/1041 1306/1850/1284 1305/1494/1040
s 82
f 1309/1851/1285 1304/1444/1007 1306/1848/1283
s 80
f 1311/1496/1042 1309/1852/1286 1308/1495/1041
s 82
f 1312/1853/1287 1307/1446/1008 1309/1851/1285
s 80
f 1314/1497/1043 1312/1854/1288 1311/1496/1042
s 82
f 1315/1855/1289 1310/1448/1009 1312/1853/1287
s 80
f 1317/1498/1044 1315/1856/1290 1314/1497/1043
s 82
f 1318/1857/1291 1313/1450/1010 1315/1855/1289
s 80
f 1320/1499/1045 1318/1858/1292 1317/1498/1044
s 82
f 1321/1859/1293 1316/1452/1011 1318/1857/1291
s 80
f 1324/1860/1294 1320/1499/1045 1323/1500/1046
s 82
f 1322/1457/1013 1321/1859/1293 1324/1861/1295
s 80
f 1327/1862/1296 1323/1500/1046 1326/1501/1047
s 82
f 1325/1459/1014 1324/1861/1295 1327/1863/1297
s 80
f 1330/1864/1298 1326/1501/1047 1329/1502/1048
s 82
f 1328/1461/1015 1327/1863/1297 1330/1865/1299
s 80
f 1333/1866/1300 1329/1502/1048 1332/1867/1049
s 82
f 1331/1463/1016 1330/1865/1299 1333/1868/1301
s 80
f 1336/1869/1302 1332/1867/1049 1335/1870/1050
s 82
f 1334/1465/1017 1333/1868/1301 1336/1871/1303
s 80
f 1339/1872/1304 1335/1504/1050 1338/1505/1051
s 82
f 1337/1467/1018 1336/1871/1303 1339/1873/1305
s 80
f 1342/1874/1306 1338/1505/1051 1341/1475/1022
s 82
f 1340/1472/1020 1339/1873/1305 1342/1875/1307
s 80
f 1252/1806/1243 1341/1475/1022 1250/1413/992
s 82
f 1251/1808/1245 1342/1875/1307 1252/1809/1246
f 1024/1473/197 1247/1812/1249 1023/1410/197
s 84
f 1469/1876/1308 1474/1877/1309 1533/1878/1310
s 85
f 1414/1879/1311 1373/1880/1312 1372/1881/1313
f 1410/1882/1314 1344/1883/1315 1374/1884/1316
f 1416/1885/1317 1372/1881/1313 1371/1886/1318
f 1418/1887/1319 1371/1886/1318 1370/1888/1320
f 1420/1889/1321 1370/1888/1320 1369/1890/1322
f 1422/1891/1323 1369/1890/1322 1368/1892/1324
f 1424/1893/1325 1368/1892/1324 1367/1894/1326
f 1424/1893/1325 1366/1895/1327 1426/1896/1328
f 1426/1896/1328 1365/1897/1329 1428/1898/1330
f 1428/1898/1330 1364/1899/1331 1430/1900/1332
f 1430/1900/1332 1363/1901/1333 1432/1902/1334
f 1432/1902/1334 1362/1903/1335 1434/1904/1336
f 1434/1904/1336 1361/1905/1337 1436/1906/1338
f 1436/1906/1338 1360/1907/1339 1438/1908/1340
f 1438/1908/1340 1359/1909/1341 1440/1910/1342
f 1442/1911/1314 1359/1909/1341 1358/1912/1316
f 1444/1913/1312 1358/1912/1316 1357/1914/1312
f 1446/1915/1311 1357/1914/1312 1356/1916/1343
f 1448/1917/1317 1356/1916/1343 1355/1918/1318
f 1450/1919/1344 1355/1918/1318 1354/1920/1345
f 1452/1921/1346 1354/1920/1345 1353/1922/1347
f 1454/1923/1348 1353/1922/1347 1352/1924/1349
f 1456/1925/1350 1352/1924/1349 1351/1926/1351
f 1456/1925/1350 1350/1927/1352 1458/1928/1353
f 1458/1928/1353 1349/1929/1354 1460/1930/1355
f 1460/1930/1355 1348/1931/1356 1462/1932/1357
f 1462/1932/1357 1347/1933/1358 1464/1934/1359
f 1464/1934/1359 1346/1935/1360 1466/1936/1361
f 1466/1936/1361 1345/1937/1362 1468/1938/1363
f 1468/1938/1363 1343/1939/1364 1470/1940/1365
s 86
f 1472/1941/1366 1376/1942/1367 1473/1943/1368
s 84
f 1423/1944/1369 1485/1945/1370 1421/1946/1371
s 86
f 1514/1947/1372 1395/1948/1373 1512/1949/1374
s 84
f 1421/1946/1371 1483/1950/1375 1419/1951/1376
s 86
f 1516/1952/1377 1396/1953/1378 1514/1947/1372
s 84
f 1419/1951/1376 1481/1954/1379 1417/1955/1380
f 1408/1956/1381 1471/1957/1382 1474/1877/1309
s 86
f 1518/1958/1383 1397/1959/1384 1516/1952/1377
s 84
f 1417/1955/1380 1479/1960/1385 1415/1961/1386
f 1467/1962/1387 1533/1878/1310 1531/1963/1388
s 86
f 1520/1964/1389 1398/1965/1390 1518/1958/1383
s 84
f 1415/1966/1386 1477/1967/1391 1413/1968/1392
f 1465/1969/1393 1531/1963/1388 1529/1970/1394
s 86
f 1520/1964/1389 1400/1971/1395 1399/1972/1396
s 84
f 1413/1968/1392 1475/1973/1397 1411/1974/1398
f 1463/1975/1399 1529/1970/1394 1527/1976/1400
s 86
f 1522/1977/1401 1401/1978/1402 1400/1971/1395
s 84
f 1409/1979/1403 1475/1973/1397 1471/1957/1382
f 1461/1980/1404 1527/1981/1400 1525/1982/1405
s 86
f 1524/1983/1406 1402/1984/1407 1401/1978/1402
s 85
f 1412/1985/1312 1374/1884/1316 1373/1880/1312
s 84
f 1459/1986/1408 1525/1982/1405 1523/1987/1409
s 86
f 1526/1988/1410 1403/1989/1411 1402/1984/1407
f 1476/1990/1412 1375/1991/1413 1472/1941/1366
s 84
f 1457/1992/1414 1523/1987/1409 1521/1993/1415
s 86
f 1528/1994/1416 1404/1995/1417 1403/1989/1411
f 1534/1996/1418 1376/1942/1367 1406/1997/1419
s 84
f 1455/1998/1420 1521/1993/1415 1519/1999/1421
s 86
f 1530/2000/1422 1405/2001/1423 1404/1995/1417
f 1480/2002/1374 1378/2003/1424 1478/2004/1425
s 84
f 1453/2005/1426 1519/1999/1421 1517/2006/1427
s 86
f 1532/2007/1428 1406/1997/1419 1405/2001/1423
f 1482/2008/1429 1379/2009/1373 1480/2002/1374
s 84
f 1451/2010/1430 1517/2006/1427 1515/2011/1431
s 86
f 1484/2012/1432 1380/2013/1433 1482/2008/1429
s 84
f 1449/2014/1434 1515/2011/1431 1513/2015/1435
s 86
f 1478/2004/1425 1377/2016/1412 1476/1990/1412
f 1486/2017/1436 1381/2018/1437 1484/2012/1432
s 84
f 1447/2019/1438 1513/2015/1435 1511/2020/1439
s 86
f 1488/2021/1440 1382/2022/1441 1486/2017/1436
s 84
f 1445/2023/1442 1511/2024/1439 1509/2025/1443
s 86
f 1488/2021/1440 1384/2026/1444 1383/2027/1445
s 84
f 1443/2028/1446 1509/2025/1443 1507/2029/1447
s 86
f 1490/2030/1448 1385/2031/1449 1384/2026/1444
s 84
f 1443/2028/1446 1505/2032/1450 1441/2033/1451
s 86
f 1492/2034/1452 1386/2035/1453 1385/2031/1449
s 84
f 1441/2033/1451 1503/2036/1454 1439/2037/1455
s 86
f 1494/2038/1456 1387/2039/1457 1386/2035/1453
s 84
f 1439/2037/1455 1501/2040/1458 1437/2041/1459
s 86
f 1496/2042/1460 1388/2043/1461 1387/2039/1457
s 84
f 1437/2041/1459 1499/2044/1462 1435/2045/1463
s 86
f 1498/2046/1464 1389/2047/1465 1388/2043/1461
s 84
f 1435/2045/1463 1497/2048/1466 1433/2049/1467
s 86
f 1500/2050/1468 1390/2051/1469 1389/2047/1465
s 84
f 1433/2049/1467 1495/2052/1470 1431/2053/1471
s 86
f 1502/2054/1472 1391/2055/1473 1390/2051/1469
s 84
f 1431/2056/1471 1493/2057/1474 1429/2058/1475
s 86
f 1506/2059/1366 1391/2055/1473 1504/2060/1476
s 84
f 1429/2058/1475 1491/2061/1477 1427/2062/1478
s 86
f 1508/2063/1412 1392/2064/1413 1506/2059/1366
s 84
f 1427/2062/1478 1489/2065/1479 1425/2066/1480
s 86
f 1510/2067/1425 1393/2068/1412 1508/2063/1412
s 84
f 1425/2066/1480 1487/2069/1481 1423/1944/1369
s 86
f 1512/1949/1374 1394/2070/1482 1510/2067/1425
s 87
f 1470/1940/1483 1408/2071/1484 1469/2072/1485
f 1468/1938/1486 1469/2072/1485 1467/2073/1487
f 1466/1936/1488 1467/2073/1487 1465/2074/1489
f 1464/1934/1490 1465/2074/1489 1463/2075/1491
f 1462/1932/1492 1463/2075/1491 1461/2076/1493
f 1460/1930/1494 1461/2076/1493 1459/2077/1495
f 1458/1928/1496 1459/2077/1495 1457/2078/1497
f 1456/1925/1498 1457/2078/1497 1455/2079/1499
f 1454/2080/1500 1455/1998/1499 1453/2005/1501
f 1452/1921/1502 1453/2081/1501 1451/2082/1503
f 1450/1919/1504 1451/2082/1503 1449/2083/1505
f 1448/2084/1506 1449/2085/1505 1447/2086/1507
f 1446/2087/1508 1447/2086/1507 1445/2023/1509
f 1444/2088/1510 1445/2023/1509 1443/2028/1511
f 1442/2089/1512 1443/2028/1511 1441/2033/1513
f 1442/2089/1512 1439/2037/1514 1440/2090/1515
f 1440/2090/1515 1437/2041/1516 1438/2091/1517
f 1438/2091/1517 1435/2045/1518 1436/2092/1519
f 1436/2092/1519 1433/2049/1520 1434/2093/1521
f 1434/2093/1521 1431/2053/1522 1432/2094/1523
f 1432/2094/1523 1429/2095/1524 1430/2096/1525
f 1430/1900/1525 1427/2097/1526 1428/1898/1527
f 1428/2098/1527 1425/2066/1528 1426/2099/1529
f 1426/2099/1529 1423/1944/1530 1424/2100/1531
f 1424/2100/1531 1421/1946/1532 1422/2101/1533
f 1422/1891/1533 1419/2102/1534 1420/1889/1535
f 1420/1889/1535 1417/2103/1536 1418/1887/1537
f 1416/1885/1538 1417/2103/1536 1415/2104/1539
f 1414/1879/1540 1415/2104/1539 1413/2105/1541
f 1412/1985/1542 1413/2105/1541 1411/2106/1543
f 1410/1882/1544 1411/2106/1543 1409/2107/1545
f 1407/2108/1546 1409/2107/1545 1408/2071/1484
s 88
f 1472/2109/1547 1474/1877/1548 1471/1957/1549
f 1472/2109/1547 1475/1973/1550 1476/2110/1551
f 1476/1990/1551 1477/2111/1552 1478/2004/1553
f 1478/2004/1553 1479/2112/1554 1480/2002/1555
f 1480/2002/1555 1481/2113/1556 1482/2008/1557
f 1482/2008/1557 1483/2114/1558 1484/2012/1559
f 1484/2012/1559 1485/2115/1560 1486/2017/1561
f 1486/2017/1561 1487/2116/1562 1488/2021/1563
f 1488/2021/1563 1489/2117/1564 1490/2030/1565
f 1490/2030/1565 1491/2118/1566 1492/2034/1567
f 1492/2034/1567 1493/2119/1568 1494/2038/1569
f 1494/2038/1569 1495/2120/1570 1496/2042/1571
f 1496/2042/1571 1497/2121/1572 1498/2046/1573
f 1498/2046/1573 1499/2122/1574 1500/2050/1575
f 1500/2050/1575 1501/2123/1576 1502/2054/1577
f 1502/2054/1577 1503/2124/1578 1504/2060/1579
f 1504/2060/1579 1505/2125/1580 1506/2059/1581
f 1506/2059/1581 1507/2126/1582 1508/2063/1583
f 1508/2063/1583 1509/2127/1584 1510/2067/1585
f 1510/2067/1585 1511/2128/1586 1512/1949/1587
f 1512/1949/1587 1513/2129/1588 1514/1947/1589
f 1516/1952/1590 1513/2129/1588 1515/2130/1591
f 1518/1958/1592 1515/2130/1591 1517/2131/1593
f 1520/2132/1594 1517/2006/1593 1519/1999/1595
f 1522/2133/1596 1519/1999/1595 1521/1993/1597
f 1524/2134/1598 1521/1993/1597 1523/1987/1599
f 1526/1988/1600 1523/2135/1599 1525/2136/1601
f 1528/1994/1602 1525/2136/1601 1527/2137/1603
f 1530/2000/1604 1527/2137/1603 1529/2138/1605
f 1532/2139/1606 1529/1970/1605 1531/1963/1607
f 1534/2140/1608 1531/1963/1607 1533/1878/1609
f 1473/2141/1610 1533/1878/1609 1474/1877/1548
s 85
f 1470/1940/1365 1344/1883/1315 1407/2108/1611
s 89
f 1661/2142/1612 1666/2143/1613 1600/2144/1614
s 90
f 1606/2145/1615 1565/2146/1616 1604/2147/1616
f 1602/2148/1617 1536/2149/1618 1599/2150/1619
f 1608/2151/1620 1564/2152/1621 1606/2145/1615
f 1610/2153/1622 1563/2154/1623 1608/2151/1620
f 1612/2155/1624 1562/2156/1625 1610/2153/1622
f 1614/2157/1626 1561/2158/1627 1612/2155/1624
f 1616/2159/1628 1560/2160/1629 1614/2157/1626
f 1558/2161/1630 1616/2159/1628 1618/2162/1631
f 1557/2163/1632 1618/2162/1631 1620/2164/1633
f 1556/2165/1634 1620/2164/1633 1622/2166/1635
f 1555/2167/1636 1622/2166/1635 1624/2168/1637
f 1554/2169/1638 1624/2168/1637 1626/2170/1639
f 1553/2171/1640 1626/2170/1639 1628/2172/1641
f 1552/2173/1642 1628/2172/1641 1630/2174/1643
f 1551/2175/1644 1630/2174/1643 1632/2176/1645
f 1634/2177/1617 1551/2175/1644 1632/2176/1645
f 1636/2178/1616 1550/2179/1646 1634/2177/1617
f 1638/2180/1615 1549/2181/1616 1636/2178/1616
f 1640/2182/1620 1548/2183/1647 1638/2180/1615
f 1642/2184/1648 1547/2185/1623 1640/2182/1620
f 1644/2186/1649 1546/2187/1650 1642/2184/1648
f 1646/2188/1651 1545/2189/1652 1644/2186/1649
f 1648/2190/1653 1544/2191/1654 1646/2188/1651
f 1542/2192/1655 1648/2190/1653 1650/2193/1656
f 1541/2194/1657 1650/2193/1656 1652/2195/1658
f 1540/2196/1659 1652/2195/1658 1654/2197/1660
f 1539/2198/1661 1654/2197/1660 1656/2199/1662
f 1538/2200/1663 1656/2199/1662 1658/2201/1664
f 1537/2202/1665 1658/2201/1664 1660/2203/1666
f 1535/2204/1667 1660/2203/1666 1662/2205/1668
s 91
f 1568/2206/1669 1664/2207/1670 1665/2208/1671
s 89
f 1677/2209/1672 1615/2210/1673 1613/2211/1674
s 91
f 1587/2212/1675 1706/2213/1676 1704/2214/1677
s 89
f 1675/2215/1678 1613/2211/1674 1611/2216/1679
s 91
f 1588/2217/1680 1708/2218/1681 1706/2213/1676
s 89
f 1673/2219/1682 1611/2216/1679 1609/2220/1683
f 1600/2144/1614 1663/2221/1684 1601/2222/1685
s 91
f 1589/2223/1686 1710/2224/1687 1708/2218/1681
s 89
f 1671/2225/1688 1609/2220/1683 1607/2226/1689
f 1659/2227/1690 1725/2228/1691 1661/2142/1612
s 91
f 1590/2229/1692 1712/2230/1693 1710/2224/1687
s 89
f 1669/2231/1694 1607/2232/1689 1605/2233/1695
f 1657/2234/1696 1723/2235/1697 1659/2227/1690
s 91
f 1712/2230/1693 1592/2236/1698 1714/2237/1699
s 89
f 1667/2238/1700 1605/2233/1695 1603/2239/1701
f 1655/2240/1702 1721/2241/1703 1657/2234/1696
s 91
f 1714/2237/1699 1593/2242/1704 1716/2243/1705
s 89
f 1601/2222/1685 1667/2238/1700 1603/2239/1701
f 1653/2244/1706 1719/2245/1707 1655/2246/1702
s 91
f 1716/2243/1705 1594/2247/1708 1718/2248/1709
s 90
f 1604/2147/1616 1566/2249/1646 1602/2148/1617
s 89
f 1651/2250/1710 1717/2251/1711 1653/2244/1706
s 91
f 1718/2248/1709 1595/2252/1712 1720/2253/1713
f 1567/2254/1714 1668/2255/1715 1664/2207/1670
s 89
f 1649/2256/1716 1715/2257/1717 1651/2250/1710
s 91
f 1720/2253/1713 1596/2258/1718 1722/2259/1719
f 1726/2260/1720 1568/2206/1669 1665/2208/1671
s 89
f 1647/2261/1721 1713/2262/1722 1649/2256/1716
s 91
f 1722/2259/1719 1597/2263/1723 1724/2264/1724
f 1570/2265/1725 1672/2266/1677 1670/2267/1726
s 89
f 1645/2268/1727 1711/2269/1728 1647/2261/1721
s 91
f 1724/2264/1724 1598/2270/1729 1726/2260/1720
f 1571/2271/1675 1674/2272/1730 1672/2266/1677
s 89
f 1643/2273/1731 1709/2274/1732 1645/2268/1727
s 91
f 1572/2275/1733 1676/2276/1734 1674/2272/1730
s 89
f 1641/2277/1735 1707/2278/1736 1643/2273/1731
s 91
f 1569/2279/1715 1670/2267/1726 1668/2255/1715
f 1573/2280/1737 1678/2281/1738 1676/2276/1734
s 89
f 1639/2282/1739 1705/2283/1740 1641/2277/1735
s 91
f 1574/2284/1741 1680/2285/1742 1678/2281/1738
s 89
f 1637/2286/1743 1703/2287/1744 1639/2288/1739
s 91
f 1680/2285/1742 1576/2289/1745 1682/2290/1746
s 89
f 1635/2291/1747 1701/2292/1748 1637/2286/1743
s 91
f 1682/2290/1746 1577/2293/1749 1684/2294/1750
s 89
f 1697/2295/1751 1635/2291/1747 1633/2296/1752
s 91
f 1684/2294/1750 1578/2297/1753 1686/2298/1754
s 89
f 1695/2299/1755 1633/2296/1752 1631/2300/1756
s 91
f 1686/2298/1754 1579/2301/1757 1688/2302/1758
s 89
f 1693/2303/1759 1631/2300/1756 1629/2304/1760
s 91
f 1688/2302/1758 1580/2305/1761 1690/2306/1762
s 89
f 1691/2307/1763 1629/2304/1760 1627/2308/1764
s 91
f 1690/2306/1762 1581/2309/1765 1692/2310/1766
s 89
f 1689/2311/1767 1627/2308/1764 1625/2312/1768
s 91
f 1692/2310/1766 1582/2313/1769 1694/2314/1770
s 89
f 1687/2315/1771 1625/2312/1768 1623/2316/1772
s 91
f 1694/2314/1770 1583/2317/1773 1696/2318/1774
s 89
f 1685/2319/1775 1623/2320/1772 1621/2321/1776
s 91
f 1583/2317/1773 1698/2322/1670 1696/2318/1774
s 89
f 1683/2323/1777 1621/2321/1776 1619/2324/1778
s 91
f 1584/2325/1714 1700/2326/1715 1698/2322/1670
s 89
f 1681/2327/1779 1619/2324/1778 1617/2328/1780
s 91
f 1585/2329/1715 1702/2330/1726 1700/2326/1715
s 89
f 1679/2331/1781 1617/2328/1780 1615/2210/1673
s 91
f 1586/2332/1725 1704/2214/1677 1702/2330/1726
s 92
f 1662/2333/1782 1600/2144/1783 1599/2334/1784
f 1660/2335/1785 1661/2142/1786 1662/2333/1782
f 1658/2336/1787 1659/2227/1788 1660/2335/1785
f 1656/2199/1789 1657/2337/1790 1658/2201/1787
f 1654/2197/1791 1655/2338/1792 1656/2199/1789
f 1652/2195/1793 1653/2339/1794 1654/2197/1791
f 1650/2340/1795 1651/2250/1796 1652/2341/1793
f 1648/2190/1797 1649/2342/1798 1650/2193/1795
f 1646/2188/1799 1647/2343/1800 1648/2190/1797
f 1644/2186/1801 1645/2344/1802 1646/2188/1799
f 1642/2184/1803 1643/2345/1804 1644/2186/1801
f 1640/2182/1805 1641/2346/1806 1642/2184/1803
f 1638/2180/1807 1639/2347/1808 1640/2182/1805
f 1636/2178/1809 1637/2348/1810 1638/2180/1807
f 1634/2177/1811 1635/2349/1812 1636/2178/1809
f 1631/2350/1813 1634/2177/1811 1632/2176/1814
f 1629/2351/1815 1632/2176/1814 1630/2174/1816
f 1627/2352/1817 1630/2174/1816 1628/2172/1818
f 1625/2353/1819 1628/2172/1818 1626/2170/1820
f 1623/2354/1821 1626/2170/1820 1624/2168/1822
f 1621/2355/1823 1624/2168/1822 1622/2166/1824
f 1619/2356/1825 1622/2166/1824 1620/2164/1826
f 1617/2357/1827 1620/2164/1826 1618/2162/1828
f 1615/2210/1829 1618/2358/1828 1616/2359/1830
f 1613/2211/1831 1616/2359/1830 1614/2360/1832
f 1611/2216/1833 1614/2360/1832 1612/2361/1834
f 1609/2220/1835 1612/2361/1834 1610/2362/1836
f 1608/2151/1837 1609/2363/1835 1610/2153/1836
f 1606/2364/1838 1607/2232/1839 1608/2365/1837
f 1604/2366/1840 1605/2233/1841 1606/2364/1838
f 1602/2367/1842 1603/2239/1843 1604/2366/1840
f 1599/2334/1784 1601/2222/1844 1602/2367/1842
s 93
f 1664/2207/1845 1666/2368/1846 1665/2208/1847
f 1667/2369/1848 1664/2207/1845 1668/2255/1849
f 1669/2370/1850 1668/2255/1849 1670/2267/1851
f 1671/2371/1852 1670/2267/1851 1672/2266/1853
f 1673/2372/1854 1672/2266/1853 1674/2272/1855
f 1675/2373/1856 1674/2272/1855 1676/2276/1857
f 1677/2374/1858 1676/2276/1857 1678/2281/1859
f 1679/2375/1860 1678/2281/1859 1680/2285/1861
f 1681/2376/1862 1680/2285/1861 1682/2290/1863
f 1683/2323/1864 1682/2377/1863 1684/2378/1865
f 1685/2379/1866 1684/2294/1865 1686/2298/1867
f 1687/2315/1868 1686/2380/1867 1688/2381/1869
f 1689/2311/1870 1688/2381/1869 1690/2382/1871
f 1691/2307/1872 1690/2382/1871 1692/2383/1873
f 1693/2303/1874 1692/2383/1873 1694/2384/1875
f 1695/2299/1876 1694/2384/1875 1696/2385/1877
f 1697/2295/1878 1696/2385/1877 1698/2386/1879
f 1699/2387/1880 1698/2386/1879 1700/2388/1881
f 1701/2292/1882 1700/2388/1881 1702/2389/1883
f 1703/2287/1884 1702/2389/1883 1704/2390/1885
f 1705/2391/1886 1704/2390/1885 1706/2392/1887
f 1708/2393/1888 1705/2283/1886 1706/2394/1887
f 1710/2395/1889 1707/2278/1890 1708/2393/1888
f 1712/2396/1891 1709/2274/1892 1710/2395/1889
f 1714/2397/1893 1711/2269/1894 1712/2396/1891
f 1716/2243/1895 1713/2398/1896 1714/2237/1893
f 1718/2248/1897 1715/2399/1898 1716/2243/1895
f 1720/2253/1899 1717/2400/1900 1718/2248/1897
f 1722/2259/1901 1719/2401/1902 1720/2253/1899
f 1724/2264/1903 1721/2402/1904 1722/2259/1901
f 1726/2260/1905 1723/2403/1906 1724/2264/1903
f 1665/2208/1847 1725/2404/1907 1726/2260/1905
s 90
f 1536/2149/1618 1662/2205/1668 1599/2150/1619
s 94
f 1727/2405/276 1730/2406/276 1729/2407/276
s 95
f 1736/2408/276 1749/2409/276 1731/2410/276
s 96
f 1731/2410/276 1766/2411/276 1732/2412/276
s 97
f 1732/2412/276 1765/2413/276 1733/2414/276
s 98
f 1733/2414/276 1729/2407/276 1734/2415/276
s 99
f 1734/2415/276 1730/2406/276 1731/2410/276
s 100
f 1736/2416/197 1761/2417/197 1747/2418/197
s 101
f 1748/2419/13 1758/2420/13 1743/2421/13
s 102
f 1760/2422/276 1753/2423/276 1755/2424/276
s 103
f 1744/2425/200 1755/2426/200 1739/2427/200
s 104
f 1740/2428/196 1752/2429/196 1735/2430/196
s 105
f 1744/2431/276 1741/2432/276 1733/2414/276
s 106
f 1748/2433/276 1745/2434/276 1734/2415/276
s 107
f 1735/2435/276 1738/2436/276 1737/2437/276
s 108
f 1738/2436/276 1736/2408/276 1737/2437/276
s 109
f 1739/2438/276 1742/2439/276 1741/2432/276
s 110
f 1742/2439/276 1740/2440/276 1741/2432/276
s 111
f 1743/2441/276 1746/2442/276 1745/2434/276
s 112
f 1746/2442/276 1744/2431/276 1745/2434/276
s 113
f 1747/2443/276 1750/2444/276 1749/2409/276
s 114
f 1750/2444/276 1748/2433/276 1749/2409/276
s 115
f 1755/2426/1908 1742/2445/1908 1739/2427/1908
s 116
f 1756/2446/1909 1740/2428/1909 1742/2447/1909
s 117
f 1736/2416/1910 1753/2448/1910 1751/2449/1910
s 118
f 1738/2450/1911 1752/2429/1911 1753/2451/1911
s 119
f 1748/2419/1912 1762/2452/1912 1760/2453/1912
s 120
f 1750/2454/1913 1761/2417/1913 1762/2455/1913
s 121
f 1758/2420/1914 1746/2456/1914 1743/2421/1914
s 122
f 1759/2457/1915 1744/2425/1915 1746/2458/1915
s 123
f 1740/2440/276 1737/2437/276 1732/2412/276
s 124
f 1768/2459/276 1763/2460/276 1767/2461/276
s 125
f 1769/2462/276 1787/2463/276 1774/2464/276
s 126
f 1766/2411/276 1769/2462/276 1770/2465/276
s 127
f 1765/2413/276 1770/2465/276 1771/2466/276
s 128
f 1767/2461/276 1771/2466/276 1772/2467/276
s 129
f 1768/2459/276 1772/2467/276 1769/2462/276
s 130
f 1799/2468/200 1774/2469/200 1785/2470/200
s 131
f 1796/2471/13 1786/2472/13 1781/2473/13
s 132
f 1792/2474/276 1799/2475/276 1797/2476/276
s 133
f 1793/2477/197 1782/2478/197 1777/2479/197
s 134
f 1790/2480/196 1778/2481/196 1773/2482/196
s 135
f 1771/2466/276 1779/2483/276 1782/2484/276
s 136
f 1772/2467/276 1783/2485/276 1786/2486/276
s 137
f 1773/2487/276 1775/2488/276 1776/2489/276
s 138
f 1776/2489/276 1775/2488/276 1774/2464/276
s 139
f 1777/2490/276 1779/2483/276 1780/2491/276
s 140
f 1780/2491/276 1779/2483/276 1778/2492/276
s 141
f 1781/2493/276 1783/2485/276 1784/2494/276
s 142
f 1784/2494/276 1783/2485/276 1782/2484/276
s 143
f 1785/2495/276 1787/2463/276 1788/2496/276
s 144
f 1788/2496/276 1787/2463/276 1786/2486/276
s 145
f 1780/2497/1910 1793/2477/1910 1777/2479/1910
s 146
f 1778/2481/1911 1794/2498/1911 1780/2499/1911
s 147
f 1791/2500/1908 1774/2469/1908 1789/2501/1908
s 148
f 1790/2480/1909 1776/2502/1909 1791/2503/1909
s 149
f 1800/2504/1914 1786/2472/1914 1798/2505/1914
s 150
f 1799/2468/1915 1788/2506/1915 1800/2507/1915
s 151
f 1784/2508/1912 1796/2471/1912 1781/2473/1912
s 152
f 1782/2478/1913 1797/2509/1913 1784/2510/1913
s 153
f 1770/2465/276 1775/2488/276 1778/2492/276
s 1
f 9/1/1 7/80/74 112/2/2
s 2
f 80/4/4 142/87/81 41/5/5
f 58/7/7 113/99/91 37/8/8
s 3
f 47/10/10 21/54/48 22/11/11
s 4
f 12/15/13 3/2511/13 5/2512/13
f 5/2512/13 6/2513/13 4/13/13
f 4/13/13 1/2514/13 2/24/13
f 2/24/13 11/2515/13 13/14/13
f 13/14/13 14/2516/13 12/15/13
f 12/15/13 5/2512/13 4/13/13
f 4/13/13 2/24/13 13/14/13
s 3
f 67/16/14 74/105/97 29/17/15
s 1
f 2/19/17 40/91/85 124/20/18
s 4
f 2/24/13 1/2514/13 7/2517/13
f 7/2517/13 9/2518/13 10/22/13
f 10/22/13 8/2519/13 15/2520/13
f 15/2520/13 17/2521/13 18/23/13
f 18/23/13 16/2522/13 2/24/13
f 2/24/13 7/2517/13 10/22/13
f 10/22/13 15/2520/13 18/23/13
s 1
f 95/25/20 98/31/26 6/26/21
f 3/28/23 12/2523/1916 119/29/24
f 98/31/26 101/136/124 4/32/27
f 8/33/29 10/36/1917 103/34/30
f 10/36/32 9/2524/1 109/37/3
f 15/38/33 8/33/29 107/35/31
f 119/29/24 12/2523/1916 14/40/35
f 115/41/36 14/40/35 13/42/37
f 121/44/38 13/2525/37 11/21/19
f 15/38/33 127/39/34 131/45/39
f 17/46/41 131/45/39 134/47/42
f 18/49/43 134/162/42 137/50/44
s 2
f 44/52/46 140/9/9 37/8/8
s 3
f 67/16/14 30/18/16 21/54/48
f 55/55/49 62/63/57 25/56/50
f 43/58/52 24/85/79 20/59/53
f 83/61/55 55/55/49 26/57/51
f 62/63/57 65/2526/106 27/64/58
f 59/65/59 139/60/54 20/59/53
f 77/67/61 71/73/67 32/68/62
f 85/70/64 35/76/1918 36/71/65
f 71/73/67 143/78/72 19/74/68
f 88/75/69 34/2527/102 35/76/70
s 1
f 91/30/25 95/129/20 5/77/71
s 3
f 79/72/66 36/71/65 19/74/68
s 1
f 38/79/73 112/2/2 7/80/74
s 3
f 52/82/76 22/2528/77 23/83/77
f 49/84/78 23/83/1919 24/85/79
s 2
f 70/86/80 125/113/103 41/5/5
f 61/88/82 56/125/115 106/89/83
s 1
f 16/51/45 137/50/44 40/91/85
s 5
f 21/94/86 30/2529/86 29/2530/86
f 29/2530/86 31/2531/86 32/92/86
f 32/92/86 19/2532/1920 20/97/89
f 20/97/89 24/2533/86 23/93/86
f 23/93/86 22/2534/86 21/94/86
f 21/94/86 29/2530/86 32/92/86
f 32/92/86 20/97/89 23/93/86
f 20/97/89 19/2532/1920 36/2535/1921
f 36/2535/1921 35/2536/196 34/95/87
f 34/95/87 33/2537/196 26/2538/196
f 26/2538/196 25/2539/196 27/96/88
f 27/96/88 28/2540/1922 20/97/89
f 20/97/89 36/2535/1921 34/95/87
f 34/95/87 26/2538/196 27/96/88
s 2
f 64/98/90 110/122/112 113/99/91
f 46/100/92 92/110/101 118/101/93
f 73/103/95 68/102/94 118/101/93
s 3
f 74/105/97 77/186/61 31/106/63
s 2
f 73/103/95 116/104/96 122/107/98
f 53/109/100 94/115/105 92/110/101
s 3
f 83/61/55 33/62/56 34/111/102
s 2
f 76/108/99 122/107/98 125/113/103
f 53/109/100 50/121/111 97/114/104
s 3
f 65/116/106 59/65/59 28/66/60
s 2
f 89/118/108 130/124/114 128/119/109
f 50/121/111 44/52/46 100/53/47
f 64/98/90 61/88/82 104/90/84
f 86/123/113 133/126/116 130/124/114
f 56/125/115 82/120/110 128/119/109
f 86/123/113 80/4/4 136/6/6
f 94/115/105 96/131/120 93/127/117
s 1
f 93/128/118 96/132/121 95/129/20
s 2
f 94/115/105 97/114/104 99/130/119
s 1
f 96/132/121 99/2541/123 98/133/26
s 2
f 97/114/104 100/53/47 102/134/122
s 1
f 99/135/123 102/164/147 101/136/124
s 2
f 104/90/84 106/89/83 108/137/125
s 1
f 105/139/127 108/2542/1923 107/35/31
s 2
f 104/90/84 105/138/126 111/140/128
s 1
f 111/141/129 105/139/127 103/34/30
s 2
f 110/122/112 111/140/128 114/142/130
s 1
f 111/143/129 109/3/3 112/2/2
s 2
f 116/104/96 118/101/93 120/145/132
s 1
f 117/147/134 120/165/148 119/29/24
s 2
f 116/104/96 117/146/133 123/148/135
s 1
f 117/147/134 115/41/36 121/43/38
s 2
f 122/107/98 123/148/135 126/150/137
s 1
f 123/151/136 121/44/38 124/20/18
s 2
f 130/124/114 132/156/142 129/153/139
s 1
f 132/154/140 131/45/39 127/39/34
s 2
f 133/126/116 135/161/145 132/156/142
s 1
f 135/157/143 134/162/42 131/158/39
s 2
f 133/126/116 136/6/6 138/160/144
s 1
f 135/157/143 138/167/150 137/50/44
s 2
f 100/53/47 37/8/8 39/163/146
s 1
f 102/164/147 39/2543/1924 38/79/73
s 2
f 118/101/93 92/110/101 93/127/117
s 1
f 120/165/148 93/128/118 91/30/25
f 40/91/85 42/168/151 126/152/138
s 2
f 42/166/149 41/5/5 125/113/103
s 1
f 40/91/85 137/50/44 138/167/150
s 2
f 42/166/149 138/160/144 136/6/6
s 1
f 107/35/31 108/2542/1923 129/155/141
s 2
f 108/137/125 106/89/83 128/119/109
s 1
f 38/79/73 39/2543/1924 114/144/131
s 2
f 39/163/146 37/8/8 113/99/91
s 3
f 52/12/12 54/2544/1925 48/169/152
s 2
f 54/170/153 53/109/100 46/100/92
s 3
f 49/84/78 51/174/157 54/172/155
s 2
f 51/173/156 50/121/111 53/109/100
s 3
f 43/58/52 45/199/178 51/174/157
s 2
f 51/173/156 45/201/180 44/52/46
s 3
f 62/63/57 55/55/49 57/175/158
s 2
f 63/177/160 57/207/186 56/125/115
s 3
f 65/116/106 62/2545/57 63/178/159
s 2
f 66/180/162 63/177/160 61/88/82
s 3
f 59/65/59 65/116/106 66/179/161
s 2
f 66/180/162 64/98/90 58/7/7
s 3
f 74/105/97 67/16/14 69/183/165
s 2
f 75/185/167 69/202/181 68/102/94
s 3
f 77/186/61 74/105/97 75/184/166
s 2
f 78/188/169 75/185/167 73/103/95
s 3
f 71/73/67 77/67/61 78/189/168
s 2
f 78/188/169 76/108/99 70/86/80
s 3
f 88/112/69 90/196/175 84/192/172
s 2
f 90/193/173 89/118/108 82/120/110
s 3
f 85/195/64 87/2546/177 90/196/175
s 2
f 87/197/176 86/123/113 89/118/108
s 3
f 79/72/66 81/205/184 87/198/177
s 2
f 87/197/176 81/203/182 80/4/4
s 3
f 139/60/54 141/2547/1926 45/199/178
s 2
f 141/200/179 140/9/9 44/52/46
s 3
f 47/10/10 48/169/152 69/183/165
s 2
f 48/171/154 46/100/92 68/102/94
f 142/87/81 144/204/183 72/191/171
s 3
f 72/190/170 144/206/185 143/78/72
s 2
f 142/87/81 80/4/4 81/203/182
s 3
f 81/205/184 79/72/66 143/78/72
s 2
f 82/120/110 56/125/115 57/207/186
s 3
f 84/192/172 57/175/158 55/55/49
s 2
f 140/9/9 141/200/179 60/182/164
s 3
f 60/181/163 141/2547/1926 139/60/54
s 1
f 101/136/124 38/79/73 1/81/75
s 6
f 253/208/187 246/436/13 376/209/13
s 7
f 200/211/188 190/338/260 181/212/189
s 8
f 222/214/191 300/2548/1927 297/215/192
s 9
f 217/217/193 225/362/193 203/218/194
s 10
f 160/220/195 159/266/195 179/221/195
s 11
f 146/223/196 162/239/196 171/224/196
f 175/226/196 206/347/196 219/227/196
s 6
f 180/229/13 194/274/13 223/230/13
f 159/232/13 163/250/13 196/233/13
s 12
f 177/235/197 212/262/272 208/236/198
s 11
f 148/238/196 157/305/196 162/239/196
f 377/240/196 383/2549/196 154/241/196
s 13
f 153/243/199 375/268/199 378/244/199
s 14
f 385/246/13 156/2550/13 228/247/13
s 6
f 149/249/13 145/251/13 163/250/13
f 145/251/13 166/2551/13 169/252/13
s 15
f 172/253/200 170/2552/200 165/254/200
s 16
f 164/256/201 170/2553/201 172/257/201
s 11
f 152/242/196 154/241/196 220/259/196
s 10
f 177/235/195 180/2554/195 214/261/202
s 12
f 160/220/197 178/222/197 173/263/197
s 10
f 150/265/195 149/2555/195 159/266/195
s 17
f 378/244/204 377/2556/204 152/267/204
s 18
f 375/268/205 153/243/205 229/269/205
s 8
f 194/274/208 203/324/247 225/275/209
s 11
f 184/228/196 182/314/196 176/276/196
s 19
f 383/277/211 459/365/211 298/278/211
s 20
f 467/280/212 230/2557/212 297/281/212
s 21
f 158/283/213 157/305/213 148/238/213
s 6
f 215/285/13 222/214/13 230/216/13
s 8
f 196/233/214 163/250/1928 164/287/215
s 22
f 169/252/217 166/2551/217 165/289/217
s 23
f 171/291/218 172/253/218 168/255/218
s 24
f 169/252/219 170/290/219 164/287/219
s 25
f 171/224/220 162/239/220 161/293/220
s 12
f 150/265/197 160/220/197 158/264/197
s 6
f 196/233/13 194/274/13 180/229/13
s 10
f 153/296/221 211/350/267 215/297/222
s 26
f 191/299/223 199/342/223 164/300/200
s 27
f 220/259/224 154/241/225 298/302/225
s 21
f 173/304/213 176/276/213 157/305/213
s 28
f 193/306/227 185/333/255 188/307/228
s 10
f 179/221/195 180/2554/195 177/235/195
s 27
f 182/309/230 191/299/257 161/301/231
s 21
f 175/226/213 176/276/213 173/304/213
s 27
f 184/312/233 219/351/268 217/217/234
s 12
f 209/313/236 211/2558/236 153/243/237
s 11
f 157/305/196 176/276/196 182/314/196
s 12
f 174/237/197 173/263/197 178/222/197
s 21
f 151/315/238 152/242/238 205/260/239
s 8
f 196/233/214 198/321/244 195/317/241
s 29
f 198/318/242 197/343/243 193/319/243
s 8
f 199/288/216 201/2559/1929 198/321/244
s 7
f 201/322/245 200/211/188 197/213/190
s 8
f 203/324/247 194/274/208 195/317/241
s 28
f 204/326/249 195/2560/1930 193/306/227
s 27
f 184/228/233 186/2561/253 183/327/250
s 29
f 186/328/251 185/344/252 181/329/252
s 27
f 187/219/235 189/340/1931 186/331/253
s 28
f 189/332/254 188/307/228 185/333/255
s 27
f 191/299/257 182/309/230 183/335/250
s 7
f 192/337/259 183/2562/1932 181/212/189
s 9
f 187/219/194 203/218/194 204/339/261
s 28
f 204/326/249 202/308/229 188/307/228
s 26
f 191/299/223 192/336/262 201/341/262
s 7
f 192/337/259 190/338/260 200/211/188
s 29
f 197/343/243 181/329/252 185/344/252
s 21
f 208/345/263 210/2563/264 207/346/264
f 207/346/264 210/2563/264 209/316/240
s 10
f 212/262/203 214/261/202 216/348/266
f 216/348/266 215/297/222 211/350/267
s 27
f 219/351/268 221/2564/1933 218/352/269
f 218/352/269 221/2564/1933 220/353/224
s 8
f 223/230/210 225/275/209 226/355/270
f 226/355/270 300/2548/1927 222/214/191
s 11
f 206/347/196 207/346/196 221/357/196
f 221/357/196 207/346/196 205/260/196
s 12
f 212/262/272 213/349/273 210/358/273
f 213/349/273 211/350/236 209/359/236
s 6
f 214/231/13 223/230/13 224/356/13
f 224/356/13 222/214/13 215/285/13
s 9
f 217/217/193 218/352/274 226/361/274
f 218/352/274 299/354/275 300/363/275
s 21
f 174/311/213 208/345/263 206/347/265
s 30
f 155/364/276 298/278/276 459/365/276
f 156/367/276 385/709/276 460/282/276
f 156/367/276 297/281/276 298/278/276
s 31
f 461/368/276 462/2565/276 228/369/276
s 32
f 155/371/277 227/2566/277 228/372/277
s 33
f 382/374/196 461/2567/196 227/375/196
s 6
f 231/210/13 376/209/13 466/377/13
f 232/378/13 230/216/13 467/379/13
f 231/210/13 229/286/13 230/216/13
s 34
f 243/381/278 233/2568/199 240/382/279
s 6
f 232/378/13 265/405/295 249/384/281
s 35
f 233/387/13 234/2569/13 235/2570/13
f 235/2570/13 237/2571/13 238/385/13
f 238/385/13 236/2572/13 239/2573/13
f 239/2573/13 241/2574/13 242/386/13
f 242/386/13 240/2575/13 233/387/13
f 233/387/13 235/2570/13 238/385/13
f 238/385/13 239/2573/13 242/386/13
s 6
f 261/388/282 232/378/13 384/380/13
s 36
f 247/390/283 234/2576/197 233/391/197
s 37
f 252/394/286 235/403/293 234/395/276
s 34
f 255/397/288 250/415/304 236/398/289
s 38
f 258/400/291 255/397/291 238/399/291
s 37
f 252/394/286 258/425/317 237/402/292
s 34
f 270/406/296 267/414/303 242/407/297
f 264/409/299 270/432/296 241/410/298
f 267/414/303 262/383/280 240/382/279
f 264/409/299 239/411/300 236/398/289
s 39
f 246/416/305 248/419/1934 245/417/306
s 36
f 248/419/308 247/390/283 243/392/284
s 34
f 255/397/288 257/2577/1935 251/420/310
s 6
f 257/421/311 256/413/302 249/384/281
s 40
f 255/423/313 258/2578/1936 260/424/314
s 6
f 260/424/316 259/393/285 256/413/302
s 37
f 258/425/317 252/394/286 254/426/318
s 6
f 260/424/316 254/437/328 253/208/187
s 34
f 267/414/303 269/431/323 263/428/320
s 6
f 269/429/321 268/412/301 261/388/282
s 34
f 270/406/296 272/2579/325 269/431/323
s 6
f 269/429/321 272/435/326 271/404/294
s 34
f 270/432/296 264/409/299 266/433/324
s 6
f 272/435/326 266/2580/1937 265/405/295
f 246/436/327 253/208/187 254/437/328
s 37
f 248/439/329 254/426/318 252/394/286
s 6
f 265/405/295 266/2580/1937 251/422/312
s 34
f 266/433/324 264/409/299 250/415/304
s 6
f 244/389/330 245/2581/330 263/430/322
s 34
f 245/440/331 243/381/278 262/383/280
s 6
f 244/389/13 384/380/13 376/209/13
s 41
f 277/441/332 288/469/332 292/442/333
s 42
f 277/446/334 273/2582/334 275/2583/334
f 275/2583/334 274/2584/1938 282/444/334
f 282/444/334 284/2585/334 283/2586/334
f 283/2586/334 279/2587/334 281/445/334
f 281/445/334 280/2588/334 276/2589/334
f 276/2589/334 278/2590/1938 277/446/334
f 277/446/334 275/2583/334 282/444/334
f 282/444/334 283/2586/334 281/445/334
f 281/445/334 276/2589/334 277/446/334
s 43
f 280/447/335 285/458/335 289/448/336
s 44
f 283/450/337 294/2591/337 286/451/338
s 45
f 295/453/339 296/2592/340 284/454/340
s 44
f 296/456/341 294/2591/337 283/450/337
s 43
f 285/458/335 280/447/335 281/459/342
s 44
f 281/461/343 279/452/338 286/451/338
s 41
f 292/442/333 293/2593/344 275/463/344
s 45
f 275/464/345 293/2594/345 291/465/346
s 43
f 289/448/336 290/2595/347 278/467/347
s 41
f 278/468/348 290/2596/348 288/469/332
s 45
f 274/466/346 291/465/346 295/453/339
s 9
f 302/273/41 298/278/41 297/281/41
f 304/471/41 300/474/275 299/472/275
f 303/473/41 299/472/275 298/278/41
f 301/470/41 297/281/41 300/474/275
s 47
f 320/480/351 319/2607/460 342/481/352
s 9
f 337/483/354 357/510/376 301/470/41
s 47
f 316/484/355 315/2608/364 330/485/356
f 322/487/358 348/509/375 309/488/359
f 360/490/361 305/517/382 310/491/362
f 315/493/364 313/2609/1939 324/494/365
f 334/496/366 318/2610/367 320/497/351
f 324/494/365 313/2609/1939 318/499/367
f 342/481/352 319/2607/1940 317/501/368
f 346/503/363 310/2611/362 312/504/370
f 336/502/369 317/501/368 306/506/372
f 354/508/374 311/2612/1941 309/488/359
f 312/504/370 311/2613/426 354/512/374
f 308/513/378 363/515/380 358/507/373
f 307/514/379 366/2614/418 363/515/380
f 360/490/361 366/561/418 307/516/379
s 9
f 302/273/41 349/526/391 321/478/349
f 361/522/387 345/271/206 302/273/41
f 325/524/389 333/518/383 304/471/41
s 47
f 327/486/357 329/532/396 323/527/392
s 9
f 329/528/393 328/534/350 321/529/349
s 47
f 327/486/357 330/485/356 332/531/395
s 9
f 329/528/393 332/537/398 331/533/388
s 47
f 330/535/356 324/2615/365 326/536/397
s 9
f 332/537/398 326/536/1942 325/538/389
s 47
f 339/498/353 341/540/402 335/539/399
s 9
f 341/540/400 340/544/384 333/541/383
s 47
f 342/542/352 344/543/405 341/540/402
s 9
f 344/543/403 343/548/385 340/544/384
s 47
f 342/481/352 336/502/369 338/545/404
s 9
f 344/543/403 338/565/421 337/547/354
s 47
f 351/549/371 353/551/409 347/550/406
s 9
f 353/551/407 352/272/207 345/271/206
s 47
f 354/552/374 356/553/412 353/551/409
s 9
f 356/553/410 355/525/390 352/272/207
s 47
f 354/508/374 348/509/375 350/554/411
s 9
f 356/553/410 350/2616/1943 349/526/391
s 47
f 363/515/380 365/2617/417 359/556/413
s 9
f 365/557/414 364/511/377 357/510/376
s 47
f 363/559/380 366/561/418 368/560/416
s 9
f 365/557/414 368/560/420 367/521/386
s 47
f 366/561/418 360/490/361 362/562/419
s 9
f 368/560/420 362/562/1944 361/522/387
f 325/538/389 326/536/1942 335/539/401
s 47
f 326/536/397 324/2615/365 334/496/366
s 9
f 349/563/391 350/554/1943 323/527/394
s 47
f 350/554/411 348/509/375 322/487/358
f 358/507/373 359/556/413 338/545/404
s 9
f 338/565/421 359/2618/415 357/566/376
f 361/522/387 362/562/1944 347/550/408
s 47
f 362/562/419 360/490/361 346/492/363
f 314/489/360 316/484/1945 327/486/357
s 6
f 376/209/13 484/754/13 491/567/422
s 48
f 413/569/423 422/2619/1946 432/570/424
s 49
f 535/572/426 538/705/1947 454/573/427
s 50
f 435/575/428 457/625/429 449/576/429
s 51
f 411/578/217 391/591/217 392/579/217
s 11
f 370/581/196 399/645/196 403/582/196
f 407/584/196 416/629/196 451/585/196
s 6
f 455/587/13 426/2620/13 412/588/13
f 428/590/13 395/603/13 391/591/13
s 52
f 440/592/430 444/702/430 409/593/200
s 11
f 372/595/196 370/581/196 394/583/196
f 386/597/196 383/2549/196 377/240/196
s 13
f 378/244/199 375/268/199 381/599/199
s 14
f 385/246/13 462/248/13 464/601/13
s 6
f 395/603/13 369/606/13 373/604/13
f 401/605/13 398/2621/13 369/606/13
s 53
f 397/607/197 402/2622/197 404/608/197
s 54
f 404/610/431 402/2623/431 396/611/431
s 11
f 437/613/196 452/654/196 386/597/196
s 51
f 446/589/432 412/588/217 409/614/217
s 52
f 405/616/200 410/664/200 392/617/200
s 51
f 391/591/217 373/604/217 374/619/217
s 17
f 380/620/204 377/2556/204 378/244/204
s 18
f 375/268/205 466/270/205 465/621/205
s 49
f 457/625/436 435/575/469 426/626/437
s 11
f 408/628/196 414/660/196 416/629/196
s 19
f 536/630/211 459/365/211 383/277/211
s 20
f 467/280/212 460/282/212 535/632/212
s 55
f 372/634/218 389/656/218 390/618/218
s 6
f 468/636/13 454/2624/13 447/637/13
s 49
f 428/639/439 431/670/466 396/640/440
s 56
f 401/642/195 402/2622/195 397/607/195
s 57
f 400/644/213 404/2625/213 403/582/213
s 58
f 396/611/442 402/2623/442 401/646/442
s 59
f 403/582/443 404/2625/443 393/648/443
s 52
f 390/618/200 392/617/200 374/649/200
s 6
f 412/588/13 426/2620/13 428/590/13
s 51
f 381/650/355 465/638/355 447/637/444
s 60
f 396/640/197 431/670/446 423/652/446
s 61
f 452/654/447 537/2626/1948 536/655/381
s 55
f 389/656/218 408/2627/218 405/616/218
s 62
f 420/657/448 417/680/476 425/658/449
s 51
f 409/614/217 412/588/217 411/578/217
s 61
f 393/648/451 423/683/479 414/660/452
s 55
f 405/616/218 408/2627/218 407/661/218
s 61
f 416/629/454 419/679/475 449/662/455
s 52
f 381/599/457 443/2628/458 441/663/458
s 11
f 389/596/196 394/583/196 414/660/196
s 52
f 410/664/200 405/616/200 406/594/200
s 55
f 437/613/459 380/598/460 379/665/460
s 49
f 427/667/462 430/669/465 428/639/439
s 63
f 425/668/463 429/690/485 430/669/464
s 49
f 430/669/465 433/688/1949 431/670/466
s 48
f 429/571/425 432/570/424 433/671/467
s 49
f 435/575/469 436/2629/1950 427/667/462
s 62
f 436/673/470 434/659/450 425/658/449
s 61
f 414/660/452 415/684/480 418/675/472
s 63
f 413/676/473 417/689/473 418/677/474
s 61
f 418/675/472 421/2630/1951 419/679/475
s 62
f 417/680/476 420/657/448 421/681/477
s 61
f 423/683/479 424/2631/1952 415/684/480
s 48
f 424/685/481 422/2619/1946 413/569/423
s 50
f 421/687/483 436/2629/483 435/575/428
s 62
f 420/657/448 434/659/450 436/673/470
s 60
f 433/688/484 424/2632/484 423/652/446
s 48
f 432/570/424 422/2619/1946 424/685/481
s 63
f 417/689/473 413/676/473 429/690/485
s 55
f 439/691/486 442/694/486 440/592/487
f 439/691/486 437/2633/459 441/693/461
s 51
f 444/615/433 445/696/489 448/695/489
f 443/651/445 447/637/444 448/695/489
s 61
f 450/697/490 453/698/491 451/585/456
f 450/697/490 537/2626/1948 452/654/447
s 49
f 455/627/438 456/700/493 458/699/492
f 454/573/427 538/705/1947 458/699/492
s 11
f 453/698/196 439/701/196 438/586/196
f 453/698/196 452/654/196 437/613/196
s 52
f 442/694/494 445/703/494 444/702/430
f 441/693/458 443/2634/458 445/703/494
s 6
f 446/589/13 448/695/13 456/704/13
f 447/637/13 454/2624/13 456/704/13
s 50
f 458/699/495 450/706/495 449/576/429
f 538/705/496 537/2635/496 450/706/495
s 55
f 406/594/218 407/661/218 438/692/488
s 30
f 459/365/276 536/630/276 387/707/276
f 388/708/276 535/632/276 460/282/276
f 536/630/276 535/632/276 388/708/276
s 31
f 464/710/276 462/2565/276 461/368/276
s 64
f 464/712/497 463/2636/497 387/713/497
s 33
f 463/715/196 461/2567/196 382/374/196
s 6
f 469/568/13 465/638/13 466/377/13
f 467/379/13 468/636/13 470/717/13
f 468/636/13 465/638/13 469/568/13
s 65
f 478/718/498 471/2637/199 481/719/278
s 6
f 470/717/13 469/568/13 487/721/500
s 66
f 473/725/13 472/2638/13 471/2639/13
f 471/2639/13 478/2640/13 480/723/13
f 480/723/13 479/2641/13 477/2642/13
f 477/2642/13 474/2643/13 476/724/13
f 476/724/13 475/2644/13 473/725/13
f 473/725/13 471/2639/13 480/723/13
f 480/723/13 477/2642/13 476/724/13
s 6
f 384/380/13 470/717/13 499/726/502
s 67
f 471/728/200 472/2645/200 485/729/503
s 68
f 472/732/276 473/741/512 490/733/506
s 65
f 474/735/507 488/752/522 493/736/508
s 69
f 476/737/510 493/736/510 496/738/510
s 68
f 475/740/511 496/762/535 490/733/506
s 65
f 480/743/514 505/751/521 508/744/515
f 479/746/516 508/770/515 502/747/517
f 478/718/498 500/720/499 505/751/521
f 474/735/507 477/748/518 502/747/517
s 70
f 483/753/523 486/2646/1953 484/754/524
s 67
f 481/730/504 485/729/503 486/755/526
s 65
f 489/757/528 495/760/1954 493/736/508
s 6
f 487/721/500 494/750/520 495/758/529
s 71
f 495/760/531 498/2647/1955 496/738/532
s 6
f 494/750/520 497/731/505 498/761/534
s 68
f 496/762/535 498/2648/1956 492/763/536
s 6
f 498/761/534 497/731/505 491/567/422
s 65
f 501/765/538 507/768/541 505/751/521
s 6
f 499/726/502 506/749/519 507/766/539
s 65
f 507/768/541 510/2649/1957 508/744/515
s 6
f 507/766/539 506/749/519 509/742/513
s 65
f 508/770/515 510/2650/1957 504/771/543
s 6
f 510/769/542 509/742/513 503/722/501
f 484/754/327 486/2646/327 492/764/537
s 68
f 486/773/329 485/734/287 490/733/506
s 6
f 489/759/530 504/772/544 503/722/501
s 65
f 488/752/522 502/747/517 504/771/543
s 6
f 501/767/540 483/753/545 482/727/545
s 65
f 500/720/499 481/719/278 483/774/331
s 6
f 376/209/13 384/380/13 482/727/13
s 72
f 530/775/546 526/803/568 515/776/547
s 73
f 513/780/549 511/2651/1958 515/2652/549
f 515/2652/549 516/2653/549 514/778/549
f 514/778/549 518/2654/549 519/2655/549
f 519/2655/549 517/2656/549 521/779/549
f 521/779/549 522/2657/549 520/2658/549
f 520/2658/549 512/2659/549 513/780/549
f 513/780/549 515/2652/549 514/778/549
f 514/778/549 519/2655/549 521/779/549
f 521/779/549 520/2658/549 513/780/549
s 74
f 527/781/550 523/794/551 518/782/551
s 75
f 524/784/552 532/791/558 521/785/553
s 76
f 522/787/555 534/2660/555 533/788/556
s 75
f 522/790/557 521/785/553 532/791/558
s 74
f 525/793/560 519/2661/560 518/782/551
s 75
f 524/784/552 517/786/554 519/795/561
s 72
f 513/797/563 531/2662/563 530/775/546
s 76
f 513/798/564 512/805/565 529/799/565
s 74
f 516/801/566 528/2663/566 527/781/550
s 72
f 516/802/567 515/776/547 526/803/568
s 76
f 520/789/556 533/788/556 529/799/565
s 50
f 535/632/32 536/630/32 540/623/32
f 537/807/496 538/810/496 542/808/32
f 536/630/32 537/807/496 541/809/32
f 538/810/496 535/632/32 539/806/32
s 78
f 577/816/571 580/835/587 557/817/238
s 50
f 539/806/32 595/843/596 575/819/573
s 78
f 568/820/574 553/830/583 554/821/221
f 560/823/576 552/901/641 547/824/577
f 548/826/579 543/2674/603 598/827/580
f 568/820/574 562/871/586 551/829/582
f 577/831/571 558/2675/572 556/832/584
f 556/832/584 551/2676/582 562/834/586
f 580/835/587 574/839/592 555/836/588
f 584/828/581 589/885/598 550/837/590
f 544/838/591 555/836/588 574/839/592
f 586/825/578 547/824/577 549/841/594
f 589/845/598 592/842/595 549/841/192
f 546/847/599 544/838/591 596/840/593
f 545/849/601 546/847/225 601/848/600
f 545/851/601 604/2677/602 598/852/580
s 50
f 540/623/32 541/809/32 559/814/569
f 540/623/32 583/622/434 599/858/608
f 542/808/32 571/854/604 563/861/611
s 78
f 561/863/613 567/2678/1961 565/864/575
s 50
f 559/865/569 566/2679/570 567/866/614
s 78
f 565/822/575 567/866/1961 570/868/616
s 50
f 567/866/614 566/2679/570 569/869/610
s 78
f 568/820/574 570/868/616 564/870/618
s 50
f 570/868/617 569/869/610 563/872/611
s 78
f 573/873/620 579/877/623 577/874/571
s 50
f 571/876/604 578/879/605 579/877/621
s 78
f 579/878/623 582/2680/1962 580/835/587
s 50
f 578/879/605 581/2681/606 582/880/624
s 78
f 580/835/587 582/2680/1962 576/881/625
s 50
f 582/880/624 581/2681/606 575/882/573
s 78
f 585/884/627 591/886/630 589/885/598
s 50
f 583/622/434 590/624/435 591/886/628
s 78
f 591/886/630 594/888/1963 592/887/595
s 50
f 590/624/435 593/862/612 594/888/631
s 78
f 592/842/595 594/2682/1963 588/889/632
s 50
f 594/888/631 593/862/612 587/859/609
s 78
f 597/891/634 603/2683/1964 601/848/600
s 50
f 595/843/596 602/844/597 603/892/635
s 78
f 601/894/600 603/892/1964 606/895/637
s 50
f 603/892/635 602/844/597 605/857/607
s 78
f 604/896/602 606/895/637 600/897/639
s 50
f 606/895/638 605/857/607 599/858/608
f 573/873/622 564/870/619 563/872/611
s 78
f 572/875/585 562/871/586 564/870/618
s 50
f 559/865/569 561/867/615 588/898/633
s 78
f 561/863/613 560/823/576 586/825/578
f 576/881/625 597/891/634 596/840/593
s 50
f 575/819/573 595/843/596 597/893/636
f 585/884/629 600/897/640 599/858/608
s 78
f 584/828/581 598/827/580 600/897/639
f 565/864/575 554/2684/1965 552/901/641
s 79
f 639/902/200 641/1033/200 869/903/642
s 80
f 866/905/644 864/970/678 992/906/645
s 79
f 642/908/200 643/911/200 875/909/646
f 643/911/200 644/913/200 878/912/648
f 644/913/200 645/915/200 881/914/649
f 645/915/200 646/917/200 884/916/650
f 646/917/200 647/920/200 887/918/651
f 648/919/200 890/922/652 887/918/651
f 649/921/200 893/924/653 890/922/652
f 650/923/200 896/926/654 893/924/653
f 651/925/200 899/928/655 896/926/654
f 652/927/200 902/930/656 899/928/655
f 653/929/200 905/932/657 902/930/656
f 654/931/200 908/934/658 905/932/657
f 655/933/200 911/936/660 908/934/658
f 655/933/200 656/937/200 914/935/659
f 656/937/200 657/939/200 917/938/661
f 657/939/200 658/941/200 920/940/662
f 658/941/200 659/943/200 923/942/663
f 659/943/200 660/945/200 926/944/664
f 660/945/200 661/947/200 929/946/665
f 661/947/200 662/949/200 932/948/666
f 662/949/200 663/952/200 935/950/667
f 664/951/200 938/954/668 935/950/667
f 665/953/200 941/956/669 938/954/668
f 666/955/200 944/958/670 941/956/669
f 667/957/200 947/960/671 944/958/670
f 668/959/200 950/962/672 947/960/671
f 669/961/200 953/964/673 950/962/672
f 670/963/200 956/969/677 953/964/673
s 81
f 633/965/674 828/1130/765 834/966/675
s 79
f 640/968/200 867/1340/927 956/969/677
s 80
f 864/970/678 870/974/682 993/971/679
f 957/972/680 866/905/644 991/907/13
f 870/974/682 873/976/684 994/975/683
f 873/976/684 876/1345/686 995/977/685
f 876/978/686 879/981/688 996/979/687
f 879/981/688 882/983/690 997/982/689
f 882/983/690 885/985/692 998/984/691
f 885/985/692 888/987/693 999/986/199
f 888/987/693 891/989/695 1000/988/694
f 891/989/695 894/991/697 1001/990/696
f 894/991/697 897/993/699 1002/992/698
f 897/993/699 900/1364/949 1003/994/700
f 1003/995/700 900/1366/949 903/996/701
f 903/996/701 906/1370/954 1005/998/703
f 1005/998/703 906/1370/954 909/999/704
f 909/999/704 912/1002/706 1007/1001/196
f 912/1002/706 915/1004/708 1008/1003/707
f 915/1004/708 918/1006/710 1009/1005/709
f 918/1006/710 921/1008/712 1010/1007/711
f 921/1008/712 924/1382/714 1011/1009/713
f 924/1010/714 927/1013/716 1012/1011/715
f 927/1013/716 930/1015/718 1013/1014/717
f 930/1015/718 933/1017/720 1014/1016/719
f 933/1017/720 936/1019/721 1015/1018/276
f 936/1019/721 939/1021/723 1016/1020/722
f 939/1021/723 942/1023/724 1017/1022/674
f 942/1023/724 945/1025/725 1018/1024/676
f 945/1025/725 948/1401/727 1019/1026/726
f 948/1027/727 951/1030/729 1020/1028/728
f 951/1030/729 954/1032/731 1021/1031/730
f 954/1032/731 957/972/680 1022/973/681
s 79
f 641/1033/200 642/908/200 872/910/647
f 607/1034/200 608/1035/200 639/902/200
f 608/1035/200 609/1036/200 641/1033/200
f 609/1036/200 610/1037/200 642/908/200
f 610/1037/200 611/1038/200 643/911/200
f 611/1038/200 612/1039/200 644/913/200
f 612/1039/200 613/1040/200 645/915/200
f 613/1040/200 614/1041/200 646/917/200
f 614/1041/200 615/1043/200 647/920/200
f 616/1042/200 648/919/200 647/920/200
f 617/1044/200 649/921/200 648/919/200
f 618/1045/200 650/923/200 649/921/200
f 619/1046/200 651/925/200 650/923/200
f 620/1047/200 652/927/200 651/925/200
f 621/1048/200 653/929/200 652/927/200
f 622/1049/200 654/931/200 653/929/200
f 623/1050/200 655/933/200 654/931/200
f 623/1050/200 624/1051/200 656/937/200
f 624/1051/200 625/1052/200 657/939/200
f 625/1052/200 626/1053/200 658/941/200
f 626/1053/200 627/1054/200 659/943/200
f 627/1054/200 628/1055/200 660/945/200
f 628/1055/200 629/1056/200 661/947/200
f 629/1056/200 630/1057/200 662/949/200
f 630/1057/200 631/1059/200 663/952/200
f 632/1058/200 664/951/200 663/952/200
f 633/1060/200 665/953/200 664/951/200
f 634/1061/200 666/955/200 665/953/200
f 635/1062/200 667/957/200 666/955/200
f 636/1063/200 668/959/200 667/957/200
f 637/1064/200 669/961/200 668/959/200
f 638/1065/200 670/963/200 669/961/200
f 607/1034/200 640/968/200 670/963/200
s 81
f 608/1066/645 672/1133/766 684/1067/732
f 621/1069/703 620/1132/702 750/1070/733
f 634/967/676 834/966/675 840/1072/735
f 621/1069/703 756/1071/734 762/1074/736
f 683/1078/739 671/1144/776 678/1143/775
f 678/1143/775 857/1335/923 851/1329/918
f 851/1329/918 845/1323/913 839/1315/908
f 839/1315/908 833/1307/903 827/1300/898
f 827/1300/898 821/1294/893 815/1288/888
f 815/1288/888 809/1282/883 803/1276/878
f 803/1276/878 797/1270/873 791/1262/868
f 791/1262/868 785/1256/863 779/1076/737
f 779/1076/737 773/1245/854 767/1239/849
f 767/1239/849 761/1233/844 755/1227/839
f 755/1227/839 749/1221/834 743/1213/829
f 743/1213/829 737/1207/824 731/1077/738
f 731/1077/738 725/1195/815 719/1189/810
f 719/1189/810 713/1183/805 707/1177/800
f 707/1177/800 701/1170/795 695/1161/790
f 695/1161/790 689/1155/785 683/1078/739
f 683/1078/739 678/1143/775 851/1329/918
f 851/1329/918 839/1315/908 827/1300/898
f 827/1300/898 815/1288/888 803/1276/878
f 803/1276/878 791/1262/868 779/1076/737
f 779/1076/737 767/1239/849 755/1227/839
f 755/1227/839 743/1213/829 731/1077/738
f 731/1077/738 719/1189/810 707/1177/800
f 707/1177/800 695/1161/790 683/1078/739
f 683/1078/739 851/1329/918 827/1300/898
f 827/1300/898 803/1276/878 779/1076/737
f 779/1076/737 755/1227/839 731/1077/738
f 731/1077/738 707/1177/800 683/1078/739
f 683/1078/739 827/1300/898 779/1076/737
f 635/1079/726 840/1316/735 846/1080/740
f 622/1075/705 762/1074/736 768/1082/741
f 638/1084/681 858/1094/746 677/1085/742
f 636/1081/728 846/1080/740 852/1087/743
f 623/1083/196 768/1082/741 774/1089/744
f 610/1091/683 690/1104/752 696/1092/745
f 638/1084/681 637/1088/730 852/1087/743
f 624/1090/707 774/1089/744 780/1095/747
f 611/1097/685 696/2685/745 702/1098/748
f 625/1096/709 780/1095/747 786/1100/750
f 612/1099/749 702/1098/748 708/1102/751
f 609/1068/679 684/1067/732 690/1104/752
f 626/1101/711 786/1100/750 792/1105/753
f 613/1103/689 708/1102/751 714/1107/754
f 627/1109/713 792/2686/753 798/1110/755
f 615/1112/199 614/1108/691 714/1107/754
f 628/1111/715 798/1110/755 804/1114/757
f 615/1112/199 720/1113/756 726/1116/758
f 629/1115/717 804/1114/757 810/1118/759
f 616/1117/694 726/1116/758 732/1120/760
f 630/1119/719 810/1118/759 816/1122/761
f 617/1121/696 732/1120/760 738/1124/762
f 632/1126/722 631/1123/276 816/1122/761
f 618/1125/698 738/1124/762 744/1128/764
f 632/1126/722 822/1127/763 828/1130/765
f 619/1131/700 744/1214/764 750/1070/733
f 672/1133/766 677/1085/742 679/1134/767
f 676/1135/768 679/1134/767 680/1136/769
f 675/1137/770 680/1136/769 681/1138/771
f 674/1140/772 681/1336/771 682/1141/773
f 673/1142/774 682/1141/773 678/1143/775
f 684/1067/732 672/1133/766 676/1135/768
f 688/1145/777 676/1135/768 675/1137/770
f 687/1146/778 675/1137/770 674/1139/772
f 686/1148/779 674/1140/772 673/1142/774
f 685/1149/780 673/1142/774 671/1144/776
f 690/1104/752 684/1067/732 688/1145/777
f 694/1150/781 688/1145/777 687/1146/778
f 693/1151/782 687/1146/778 686/1147/779
f 692/1153/783 686/1148/779 685/1149/780
f 691/1154/784 685/1149/780 683/1078/739
f 696/1092/745 690/1104/752 694/1150/781
f 700/1156/786 694/1150/781 693/1151/782
f 699/1157/787 693/1151/782 692/1152/783
f 698/1159/788 692/1153/783 691/1154/784
f 697/1160/789 691/1154/784 689/1155/785
f 702/1098/748 696/2685/745 700/1162/786
f 706/1163/791 700/1162/786 699/1164/787
f 705/1166/792 699/1157/787 698/1158/788
f 704/1168/793 698/1159/788 697/1160/789
f 703/1169/794 697/1160/789 695/1161/790
f 708/1102/751 702/1098/748 706/1163/791
f 712/1171/796 706/1163/791 705/1165/792
f 711/1172/797 705/1165/792 704/1173/793
f 710/1175/798 704/1168/793 703/1169/794
f 709/1176/799 703/1169/794 701/1170/795
f 714/1107/754 708/1102/751 712/1171/796
f 718/1178/801 712/1171/796 711/1172/797
f 717/1179/802 711/1172/797 710/1174/798
f 716/1181/803 710/1175/798 709/1176/799
f 715/1182/804 709/1176/799 707/1177/800
f 720/1113/756 714/1107/754 718/1178/801
f 724/1184/806 718/1178/801 717/1179/802
f 723/1185/807 717/1179/802 716/1180/803
f 722/1187/808 716/1181/803 715/1182/804
f 721/1188/809 715/1182/804 713/1183/805
f 720/1113/756 724/1184/806 730/1190/811
f 724/1184/806 723/1185/807 729/1191/812
f 723/1185/807 722/1186/808 728/1192/813
f 722/1187/808 721/1188/809 727/1193/814
f 721/1188/809 719/1189/810 725/1195/815
f 726/1116/758 730/1190/811 736/1196/816
f 730/1190/811 729/1191/812 735/1197/817
f 729/1198/812 728/1194/813 734/1199/818
f 728/1194/813 727/1193/814 733/1201/819
f 727/1193/814 725/1195/815 731/1077/738
f 732/1120/760 736/1196/816 742/1202/820
f 736/1196/816 735/1197/817 741/1203/821
f 735/1200/817 734/1199/818 740/1204/822
f 734/1199/818 733/1201/819 739/1206/823
f 733/1201/819 731/1077/738 737/1207/824
f 738/1124/762 742/1202/820 748/1208/825
f 742/1202/820 741/1203/821 747/1209/826
f 741/1205/821 740/1204/822 746/1210/827
f 740/1204/822 739/1206/823 745/1212/828
f 739/1206/823 737/1207/824 743/1213/829
f 744/1214/764 748/1216/825 754/1215/830
f 748/1216/825 747/2687/826 753/1217/831
f 747/1211/826 746/1210/827 752/1218/832
f 746/1210/827 745/1212/828 751/1220/833
f 745/1212/828 743/1213/829 749/1221/834
f 750/1070/733 754/1215/830 760/1222/835
f 754/1215/830 753/1217/831 759/1223/836
f 753/1219/831 752/1218/832 758/1224/837
f 752/1218/832 751/1220/833 757/1226/838
f 751/1220/833 749/1221/834 755/1227/839
f 756/1071/734 760/1222/835 766/1228/840
f 760/1222/835 759/1223/836 765/1229/841
f 759/1225/836 758/1224/837 764/1230/842
f 758/1224/837 757/1226/838 763/1232/843
f 757/1226/838 755/1227/839 761/1233/844
f 762/1074/736 766/1228/840 772/1234/845
f 766/1228/840 765/1229/841 771/1235/846
f 765/1231/841 764/1230/842 770/1236/847
f 764/1230/842 763/1232/843 769/1238/848
f 763/1232/843 761/1233/844 767/1239/849
f 774/1089/744 768/1082/741 772/1234/845
f 778/1240/850 772/1234/845 771/1235/846
f 777/1242/851 771/1237/846 770/1236/847
f 776/1243/852 770/1236/847 769/1238/848
f 775/1244/853 769/1238/848 767/1239/849
f 780/1095/747 774/1089/744 778/1240/850
f 784/1246/855 778/1240/850 777/1241/851
f 783/1248/856 777/1242/851 776/1243/852
f 782/1249/857 776/1243/852 775/1244/853
f 781/1250/858 775/1244/853 773/1245/854
f 786/1100/750 780/1095/747 784/1246/855
f 790/1251/859 784/1246/855 783/1247/856
f 789/1253/860 783/1248/856 782/1249/857
f 788/1254/861 782/1249/857 781/1250/858
f 787/1255/862 781/1250/858 779/1076/737
f 792/1105/753 786/1100/750 790/1251/859
f 796/1257/864 790/1251/859 789/1252/860
f 795/1259/865 789/1253/860 788/1254/861
f 794/1260/866 788/1254/861 787/1255/862
f 793/1261/867 787/1255/862 785/1256/863
f 798/1110/755 792/2686/753 796/1263/864
f 802/1264/869 796/1263/864 795/1265/865
f 801/1267/870 795/1259/865 794/1260/866
f 800/1268/871 794/1260/866 793/1261/867
f 799/1269/872 793/1261/867 791/1262/868
f 804/1114/757 798/1110/755 802/1264/869
f 808/1271/874 802/1264/869 801/1266/870
f 807/1273/875 801/1267/870 800/1268/871
f 806/1274/876 800/1268/871 799/1269/872
f 805/1275/877 799/1269/872 797/1270/873
f 810/1118/759 804/1114/757 808/1271/874
f 814/1277/879 808/1271/874 807/1272/875
f 813/1279/880 807/1273/875 806/1274/876
f 812/1280/881 806/1274/876 805/1275/877
f 811/1281/882 805/1275/877 803/1276/878
f 816/1122/761 810/1118/759 814/1277/879
f 820/1283/884 814/1277/879 813/1278/880
f 819/1285/885 813/1279/880 812/1280/881
f 818/1286/886 812/1280/881 811/1281/882
f 817/1287/887 811/1281/882 809/1282/883
f 816/1122/761 820/1283/884 826/1289/889
f 820/1283/884 819/1284/885 825/1290/890
f 819/1284/885 818/2688/886 824/1291/891
f 818/1286/886 817/1287/887 823/1292/892
f 817/1287/887 815/1288/888 821/1294/893
f 822/1127/763 826/1289/889 832/1295/894
f 826/1289/889 825/1290/890 831/1296/895
f 825/1290/890 824/1291/891 830/1297/896
f 824/1293/891 823/1292/892 829/1298/897
f 823/1292/892 821/1294/893 827/1300/898
f 828/1130/765 832/1295/894 838/1301/899
f 832/1295/894 831/1296/895 837/1302/900
f 831/1303/895 830/1299/896 836/1304/901
f 830/1299/896 829/1298/897 835/1306/902
f 829/1298/897 827/1300/898 833/1307/903
f 834/966/675 838/1301/899 844/1308/904
f 838/1301/899 837/1302/900 843/1309/905
f 837/1310/900 836/2689/901 842/1311/906
f 836/1304/901 835/1306/902 841/1313/907
f 835/1306/902 833/1307/903 839/1315/908
f 840/1316/735 844/1318/904 850/1317/909
f 844/1318/904 843/1312/905 849/1319/910
f 843/1312/905 842/1311/906 848/1320/911
f 842/1314/906 841/1313/907 847/1321/912
f 841/1313/907 839/1315/908 845/1323/913
f 846/1080/740 850/1317/909 856/1324/914
f 850/1317/909 849/1319/910 855/1325/915
f 849/1319/910 848/1320/911 854/1326/916
f 848/1322/911 847/1321/912 853/1327/917
f 847/1321/912 845/1323/913 851/1329/918
f 852/1087/743 856/1324/914 862/1330/919
f 856/1324/914 855/1325/915 861/1331/920
f 855/1325/915 854/1326/916 860/1332/921
f 854/1328/916 853/1327/917 859/1333/922
f 853/1327/917 851/1329/918 857/1335/923
f 858/1094/746 862/1330/919 679/1134/767
f 862/1330/919 861/1331/920 680/1136/769
f 861/1331/920 860/1332/921 681/1138/771
f 860/1334/921 859/1333/922 682/1141/773
f 859/1333/922 857/1335/923 678/1143/775
f 607/1086/13 677/1085/742 672/1133/766
s 80
f 864/970/678 866/905/644 868/1337/924
s 79
f 865/1339/926 868/1409/990 867/1340/927
s 80
f 870/974/682 864/970/678 865/1338/925
s 79
f 871/1342/929 865/1339/926 863/904/643
s 80
f 873/976/684 870/974/682 871/1341/928
s 79
f 874/1344/931 871/1342/929 869/903/642
s 80
f 876/1345/686 873/976/684 874/1343/930
s 79
f 877/1347/933 874/1344/931 872/910/647
s 80
f 879/981/688 876/978/686 877/1348/932
s 79
f 880/1350/935 877/1347/933 875/909/646
s 80
f 882/983/690 879/981/688 880/1349/934
s 79
f 883/1352/937 880/1350/935 878/912/648
s 80
f 885/985/692 882/983/690 883/1351/936
s 79
f 886/1354/939 883/1352/937 881/914/649
s 80
f 888/987/693 885/985/692 886/1353/938
s 79
f 889/1356/941 886/1354/939 884/916/650
s 80
f 888/987/693 889/1355/940 892/1357/942
s 79
f 889/1356/941 887/918/651 890/922/652
s 80
f 891/989/695 892/1357/942 895/1359/944
s 79
f 892/1358/943 890/922/652 893/924/653
s 80
f 894/991/697 895/1359/944 898/1361/946
s 79
f 895/1360/945 893/924/653 896/926/654
s 80
f 897/993/699 898/1361/946 901/1363/948
s 79
f 898/1362/947 896/926/654 899/928/655
s 80
f 900/1366/949 901/2690/948 904/1367/951
s 79
f 901/1365/950 899/928/655 902/930/656
s 80
f 903/996/701 904/1367/951 907/1369/953
s 79
f 904/1368/952 902/930/656 905/932/657
s 80
f 906/1370/954 907/1369/953 910/1372/956
s 79
f 907/1371/955 905/932/657 908/934/658
s 80
f 909/999/704 910/1372/956 913/1374/958
s 79
f 910/1373/957 908/934/658 911/936/660
s 80
f 915/1004/708 912/1002/706 913/1374/958
s 79
f 916/1377/961 913/1375/959 911/936/660
s 80
f 918/1006/710 915/1004/708 916/1376/960
s 79
f 919/1379/963 916/1377/961 914/935/659
s 80
f 921/1008/712 918/1006/710 919/1378/962
s 79
f 922/1381/965 919/1379/963 917/938/661
s 80
f 924/1382/714 921/1008/712 922/1380/964
s 79
f 925/1384/967 922/1381/965 920/940/662
s 80
f 927/1013/716 924/1010/714 925/1385/966
s 79
f 928/1387/969 925/1384/967 923/942/663
s 80
f 930/1015/718 927/1013/716 928/1386/968
s 79
f 931/1389/971 928/1387/969 926/944/664
s 80
f 933/1017/720 930/1015/718 931/1388/970
s 79
f 934/1391/973 931/1389/971 929/946/665
s 80
f 936/1019/721 933/1017/720 934/1390/972
s 79
f 937/1393/975 934/1391/973 932/948/666
s 80
f 936/1019/721 937/1392/974 940/1394/976
s 79
f 937/1393/975 935/950/667 938/954/668
s 80
f 939/1021/723 940/1394/976 943/1396/978
s 79
f 940/1395/977 938/954/668 941/956/669
s 80
f 942/1023/724 943/1396/978 946/1398/980
s 79
f 943/1397/979 941/956/669 944/958/670
s 80
f 945/1025/725 946/1398/980 949/1400/982
s 79
f 946/1399/981 944/958/670 947/960/671
s 80
f 948/1027/727 949/2691/982 952/1403/984
s 79
f 949/1402/983 947/960/671 950/962/672
s 80
f 951/1030/729 952/1403/984 955/1405/986
s 79
f 952/1404/985 950/962/672 953/964/673
s 80
f 954/1032/731 955/1405/986 958/1407/988
s 79
f 955/1406/987 953/964/673 956/969/677
s 80
f 957/972/680 958/1407/988 868/1337/924
s 79
f 958/1408/989 956/969/677 867/1340/927
f 640/968/200 639/902/200 863/904/643
s 82
f 1023/1410/197 1247/1812/1249 1253/1411/991
s 80
f 992/906/645 1248/1474/1021 1250/1413/992
s 82
f 1026/1414/197 1256/1506/1052 1259/1415/993
f 1027/1416/197 1259/1415/993 1262/1417/994
f 1028/1418/197 1262/1417/994 1265/1419/995
f 1029/1420/197 1265/1419/995 1268/1421/996
f 1030/1422/197 1268/1421/996 1271/1423/997
f 1271/1423/997 1274/1426/998 1032/1425/197
f 1274/1426/998 1277/1428/999 1033/1427/197
f 1277/1428/999 1280/1430/1000 1034/1429/197
f 1280/1430/1000 1283/1432/1001 1035/1431/197
f 1283/1432/1001 1286/1434/1002 1036/1433/197
f 1286/1434/1002 1289/1436/1003 1037/1435/197
f 1289/1436/1003 1292/1438/1004 1038/1437/197
f 1292/1438/1004 1295/1842/1277 1039/1439/197
f 1039/1439/197 1295/1842/1277 1298/1440/1005
f 1040/1441/197 1298/1440/1005 1301/1442/1006
f 1041/1443/197 1301/1442/1006 1304/1444/1007
f 1042/1445/197 1304/1444/1007 1307/1446/1008
f 1043/1447/197 1307/1446/1008 1310/1448/1009
f 1044/1449/197 1310/1448/1009 1313/1450/1010
f 1045/1451/197 1313/1450/1010 1316/1452/1011
f 1046/1453/197 1316/1452/1011 1319/1454/1012
f 1319/1454/1012 1322/1457/1013 1048/1456/197
f 1322/1457/1013 1325/1459/1014 1049/1458/197
f 1325/1459/1014 1328/1461/1015 1050/1460/197
f 1328/1461/1015 1331/1463/1016 1051/1462/197
f 1331/1463/1016 1334/1465/1017 1052/1464/197
f 1334/1465/1017 1337/1467/1018 1053/1466/197
f 1337/1467/1018 1340/1472/1020 1054/1468/197
s 83
f 1218/1469/1019 1212/1602/1083 985/1470/674
s 82
f 1340/1472/1020 1251/1808/1245 1024/1473/197
s 80
f 993/971/679 1254/1476/1023 1248/1474/1021
f 991/907/13 1250/1413/992 1341/1475/1022
f 994/975/683 1257/1478/1025 1254/1476/1023
f 994/975/683 995/977/685 1260/1477/1024
f 996/979/687 1263/1480/1026 1260/1479/1024
f 997/982/689 1266/1481/1027 1263/1480/1026
f 998/984/691 1269/1482/1028 1266/1481/1027
f 999/986/199 1272/1483/1029 1269/1482/1028
f 1000/988/694 1275/1484/1030 1272/1483/1029
f 1001/990/696 1278/1485/1031 1275/1484/1030
f 1002/992/698 1281/1486/1032 1278/1485/1031
f 1003/994/700 1284/1833/1034 1281/1486/1032
f 1003/995/700 1004/997/702 1287/1487/1033
f 1004/997/702 1005/998/703 1290/1489/1035
f 1006/1000/705 1293/1490/1036 1290/1489/1035
f 1007/1001/196 1296/1491/1037 1293/1490/1036
f 1008/1003/707 1299/1492/1038 1296/1491/1037
f 1009/1005/709 1302/1493/1039 1299/1492/1038
f 1010/1007/711 1305/1494/1040 1302/1493/1039
f 1011/1009/713 1308/1849/1041 1305/1494/1040
f 1012/1011/715 1311/1496/1042 1308/1495/1041
f 1013/1014/717 1314/1497/1043 1311/1496/1042
f 1014/1016/719 1317/1498/1044 1314/1497/1043
f 1015/1018/276 1320/1499/1045 1317/1498/1044
f 1016/1020/722 1323/1500/1046 1320/1499/1045
f 1017/1022/674 1326/1501/1047 1323/1500/1046
f 1018/1024/676 1329/1502/1048 1326/1501/1047
f 1019/1026/726 1332/1867/1049 1329/1502/1048
f 1020/1028/728 1335/1504/1050 1332/1503/1049
f 1021/1031/730 1338/1505/1051 1335/1504/1050
f 1022/973/681 1341/1475/1022 1338/1505/1051
s 82
f 1025/1412/197 1253/1411/991 1256/1506/1052
f 959/1507/197 1024/1473/197 1023/1410/197
f 960/1508/197 1023/1410/197 1025/1412/197
f 961/1509/197 1025/1412/197 1026/1414/197
f 962/1510/197 1026/1414/197 1027/1416/197
f 963/1511/197 1027/1416/197 1028/1418/197
f 964/1512/197 1028/1418/197 1029/1420/197
f 965/1513/197 1029/1420/197 1030/1422/197
f 966/1514/197 1030/1422/197 1031/1424/197
f 1031/1424/197 1032/1425/197 968/1516/197
f 1032/1425/197 1033/1427/197 969/1517/197
f 1033/1427/197 1034/1429/197 970/1518/197
f 1034/1429/197 1035/1431/197 971/1519/197
f 1035/1431/197 1036/1433/197 972/1520/197
f 1036/1433/197 1037/1435/197 973/1521/197
f 1037/1435/197 1038/1437/197 974/1522/197
f 1038/1437/197 1039/1439/197 975/1523/197
f 975/1523/197 1039/1439/197 1040/1441/197
f 976/1524/197 1040/1441/197 1041/1443/197
f 977/1525/197 1041/1443/197 1042/1445/197
f 978/1526/197 1042/1445/197 1043/1447/197
f 979/1527/197 1043/1447/197 1044/1449/197
f 980/1528/197 1044/1449/197 1045/1451/197
f 981/1529/197 1045/1451/197 1046/1453/197
f 982/1530/197 1046/1453/197 1047/1455/197
f 1047/1455/197 1048/1456/197 984/1532/197
f 1048/1456/197 1049/1458/197 985/1533/197
f 1049/1458/197 1050/1460/197 986/1534/197
f 1050/1460/197 1051/1462/197 987/1535/197
f 1051/1462/197 1052/1464/197 988/1536/197
f 1052/1464/197 1053/1466/197 989/1537/197
f 1053/1466/197 1054/1468/197 990/1538/197
f 1054/1468/197 1024/1473/197 959/1507/197
s 83
f 1068/1539/1053 1056/1604/1084 960/1540/645
f 973/1542/703 1140/1695/1155 1134/1543/1054
f 1224/1545/1055 1218/1469/1019 986/1471/676
f 1146/1547/1056 1140/1695/1155 973/1542/703
f 1062/1551/1059 1055/1619/1097 1067/1625/1102
f 1067/1625/1102 1073/1633/1107 1079/1640/1112
f 1079/1640/1112 1085/1646/1117 1091/1652/1122
f 1091/1652/1122 1097/1659/1128 1103/2692/1966
f 1103/2692/1966 1109/1666/1133 1115/1672/1138
f 1115/1672/1138 1121/1679/1143 1127/1685/1148
f 1127/1685/1148 1133/1693/1153 1139/1700/1159
f 1139/1700/1159 1145/1706/1164 1151/1549/1057
f 1151/1549/1057 1157/1721/1177 1163/1727/1182
f 1163/1727/1182 1169/1733/1187 1175/1741/1192
f 1175/1741/1192 1181/1747/1197 1187/1754/1202
f 1187/1754/1202 1193/1760/1207 1199/1550/1058
f 1199/1550/1058 1205/1767/1212 1211/1773/1217
f 1211/1773/1217 1217/1779/1222 1223/1785/1227
f 1223/1785/1227 1229/1793/1232 1235/1799/1237
f 1235/1799/1237 1241/1805/1242 1062/1551/1059
f 1062/1551/1059 1067/1625/1102 1079/1640/1112
f 1079/1640/1112 1091/1652/1122 1103/2692/1966
f 1103/2692/1966 1115/1672/1138 1127/1685/1148
f 1127/1685/1148 1139/1700/1159 1151/1549/1057
f 1151/1549/1057 1163/1727/1182 1175/1741/1192
f 1175/1741/1192 1187/1754/1202 1199/1550/1058
f 1199/1550/1058 1211/1773/1217 1223/1785/1227
f 1223/1785/1227 1235/1799/1237 1062/1551/1059
f 1062/1551/1059 1079/1640/1112 1103/2692/1966
f 1103/2692/1966 1127/1685/1148 1151/1549/1057
f 1151/1549/1057 1175/1741/1192 1199/1550/1058
f 1199/1550/1058 1223/1785/1227 1062/1551/1059
f 1062/1551/1059 1103/2692/1966 1151/1549/1057
f 1230/1552/1060 1224/1787/1055 987/1553/726
f 1152/1555/1061 1146/1547/1056 974/1548/705
f 1061/1557/1062 1242/1567/1066 990/1558/681
f 1236/1560/1063 1230/1552/1060 988/1554/728
f 1158/1562/1064 1152/1555/1061 975/1556/196
f 1080/1564/1065 1074/1577/1071 962/1565/683
f 1242/1567/1066 1236/1560/1063 989/1561/730
f 1164/1568/1067 1158/1562/1064 976/1563/707
f 1086/1570/1068 1080/1634/1065 963/1571/685
f 1170/1573/1069 1164/1568/1067 977/1569/709
f 1092/1575/1070 1086/1570/1068 964/1572/749
f 1074/1577/1071 1068/1539/1053 961/1541/679
f 1176/1578/1072 1170/1573/1069 978/1574/711
f 1098/1580/1073 1092/1575/1070 965/1576/689
f 1182/1582/1074 1176/1735/1072 979/1583/713
f 967/1585/199 1104/1653/1123 1098/1580/1073
f 1188/1586/1075 1182/1582/1074 980/1584/715
f 1110/1588/1076 1104/1653/1123 967/1585/199
f 1194/1590/1077 1188/1586/1075 981/1587/717
f 1116/1592/1078 1110/1588/1076 968/1589/694
f 1200/1594/1079 1194/1590/1077 982/1591/719
f 1122/1596/1080 1116/1592/1078 969/1593/696
f 1206/1598/1081 1200/1594/1079 983/1595/276
f 1128/1600/1082 1122/1596/1080 970/1597/698
f 1212/1602/1083 1206/1598/1081 984/1599/722
f 1134/1543/1054 1128/1687/1082 971/1603/700
f 1056/1604/1084 1060/1606/1086 1063/1605/1085
f 1060/1606/1086 1059/1615/1088 1064/1607/1087
f 1059/1608/1088 1058/1611/1090 1065/1609/1089
f 1058/1611/1090 1057/1613/1092 1066/1612/1091
f 1057/1613/1092 1055/1619/1097 1062/1551/1059
f 1068/1539/1053 1072/1614/1093 1060/1606/1086
f 1072/1614/1093 1071/2693/1094 1059/1615/1088
f 1071/1616/1094 1070/1617/1095 1058/1611/1090
f 1070/1617/1095 1069/1618/1096 1057/1613/1092
f 1069/1618/1096 1067/1625/1102 1055/1619/1097
f 1074/1577/1071 1078/1626/1098 1072/1614/1093
f 1078/1620/1098 1077/1622/1099 1071/1616/1094
f 1077/1622/1099 1076/1623/1100 1070/1617/1095
f 1076/1623/1100 1075/1624/1101 1069/1618/1096
f 1075/1624/1101 1073/1633/1107 1067/1625/1102
f 1080/1564/1065 1084/2694/1103 1078/1626/1098
f 1084/1627/1103 1083/1636/1104 1077/1628/1099
f 1083/1630/1104 1082/1631/1105 1076/1623/1100
f 1082/1631/1105 1081/1632/1106 1075/1624/1101
f 1081/1632/1106 1079/1640/1112 1073/1633/1107
f 1086/1570/1068 1090/1635/1108 1084/1627/1103
f 1090/1635/1108 1089/1642/1109 1083/1636/1104
f 1089/1637/1109 1088/1638/1110 1082/1631/1105
f 1088/1638/1110 1087/1639/1111 1081/1632/1106
f 1087/1639/1111 1085/1646/1117 1079/1640/1112
f 1092/1575/1070 1096/1641/1113 1090/1635/1108
f 1096/1641/1113 1095/1648/1114 1089/1642/1109
f 1095/1643/1114 1094/1644/1115 1088/1638/1110
f 1094/1644/1115 1093/1645/1116 1087/1639/1111
f 1093/1645/1116 1091/1652/1122 1085/1646/1117
f 1098/1580/1073 1102/1647/1118 1096/1641/1113
f 1102/1647/1118 1101/1655/1119 1095/1648/1114
f 1101/1649/1119 1100/1650/1120 1094/1644/1115
f 1100/1650/1120 1099/1651/1121 1093/1645/1116
f 1099/1651/1121 1097/1659/1128 1091/1652/1122
f 1104/1653/1123 1108/1654/1124 1102/1647/1118
f 1108/1654/1124 1107/1663/1125 1101/1655/1119
f 1107/1656/1125 1106/1657/1126 1100/1650/1120
f 1106/1657/1126 1105/1658/1127 1099/1651/1121
f 1105/1658/1127 1103/2692/1966 1097/1659/1128
f 1114/1660/1129 1108/1654/1124 1104/1653/1123
f 1113/1661/1130 1107/1663/1125 1108/1654/1124
f 1112/1662/1131 1106/2695/1126 1107/1663/1125
f 1111/1664/1132 1105/1658/1127 1106/1657/1126
f 1109/1666/1133 1103/2692/1966 1105/1658/1127
f 1120/1667/1134 1114/1660/1129 1110/1588/1076
f 1119/1668/1135 1113/1661/1130 1114/1660/1129
f 1118/1669/1136 1112/1662/1131 1113/1661/1130
f 1117/1670/1137 1111/1664/1132 1112/1665/1131
f 1115/1672/1138 1109/1666/1133 1111/1664/1132
f 1126/1673/1139 1120/1667/1134 1116/1592/1078
f 1125/1674/1140 1119/1668/1135 1120/1667/1134
f 1124/1675/1141 1118/1671/1136 1119/1676/1135
f 1123/1678/1142 1117/1670/1137 1118/1671/1136
f 1121/1679/1143 1115/1672/1138 1117/1670/1137
f 1132/1680/1144 1126/1673/1139 1122/1596/1080
f 1131/1681/1145 1125/1674/1140 1126/1673/1139
f 1130/1682/1146 1124/1675/1141 1125/1677/1140
f 1129/1684/1147 1123/1678/1142 1124/1675/1141
f 1127/1685/1148 1121/1679/1143 1123/1678/1142
f 1138/1686/1149 1132/1689/1144 1128/1687/1082
f 1137/1688/1150 1131/2696/1145 1132/1689/1144
f 1136/1690/1151 1130/1682/1146 1131/1683/1145
f 1135/1692/1152 1129/1684/1147 1130/1682/1146
f 1133/1693/1153 1127/1685/1148 1129/1684/1147
f 1144/1694/1154 1138/1686/1149 1134/1543/1054
f 1143/1696/1156 1137/1688/1150 1138/1686/1149
f 1142/1697/1157 1136/2697/1151 1137/1688/1150
f 1141/1698/1158 1135/1692/1152 1136/1690/1151
f 1139/1700/1159 1133/1693/1153 1135/1692/1152
f 1150/1701/1160 1144/1694/1154 1140/1695/1155
f 1149/1702/1161 1143/1696/1156 1144/1694/1154
f 1148/1703/1162 1142/1697/1157 1143/1696/1156
f 1147/1704/1163 1141/1698/1158 1142/1699/1157
f 1145/1706/1164 1139/1700/1159 1141/1698/1158
f 1156/1707/1165 1150/1701/1160 1146/1547/1056
f 1155/1708/1166 1149/1702/1161 1150/1701/1160
f 1154/1709/1167 1148/1703/1162 1149/1702/1161
f 1153/1710/1168 1147/1704/1163 1148/1705/1162
f 1151/1549/1057 1145/1706/1164 1147/1704/1163
f 1158/1562/1064 1162/1712/1169 1156/1707/1165
f 1162/1712/1169 1161/1713/1170 1155/1708/1166
f 1161/1713/1170 1160/1718/1171 1154/1709/1167
f 1160/1714/1171 1159/1715/1172 1153/1710/1168
f 1159/1715/1172 1157/1721/1177 1151/1549/1057
f 1164/1568/1067 1168/1716/1173 1162/1712/1169
f 1168/1716/1173 1167/1717/1174 1161/1713/1170
f 1167/1717/1174 1166/1724/1175 1160/1718/1171
f 1166/1719/1175 1165/1720/1176 1159/1715/1172
f 1165/1720/1176 1163/1727/1182 1157/1721/1177
f 1170/1573/1069 1174/1722/1178 1168/1716/1173
f 1174/1722/1178 1173/1723/1179 1167/1717/1174
f 1173/1723/1179 1172/2698/1180 1166/1724/1175
f 1172/1725/1180 1171/1726/1181 1165/1720/1176
f 1171/1726/1181 1169/1733/1187 1163/1727/1182
f 1176/1578/1072 1180/1728/1183 1174/1722/1178
f 1180/1728/1183 1179/2699/1184 1173/1723/1179
f 1179/1729/1184 1178/1731/1185 1172/1725/1180
f 1178/1731/1185 1177/1732/1186 1171/1726/1181
f 1177/1732/1186 1175/1741/1192 1169/1733/1187
f 1182/1582/1074 1186/1736/1188 1180/1734/1183
f 1186/1736/1188 1185/1743/1189 1179/1737/1184
f 1185/1738/1189 1184/1739/1190 1178/1731/1185
f 1184/1739/1190 1183/1740/1191 1177/1732/1186
f 1183/1740/1191 1181/1747/1197 1175/1741/1192
f 1188/1586/1075 1192/1742/1193 1186/1736/1188
f 1192/1742/1193 1191/1749/1194 1185/1743/1189
f 1191/1744/1194 1190/1745/1195 1184/1739/1190
f 1190/1745/1195 1189/1746/1196 1183/1740/1191
f 1189/1746/1196 1187/1754/1202 1181/1747/1197
f 1194/1590/1077 1198/1748/1198 1192/1742/1193
f 1198/1748/1198 1197/1750/1199 1191/1749/1194
f 1197/1750/1199 1196/1757/1200 1190/1751/1195
f 1196/1752/1200 1195/1753/1201 1189/1746/1196
f 1195/1753/1201 1193/1760/1207 1187/1754/1202
f 1200/1594/1079 1204/1755/1203 1198/1748/1198
f 1204/1755/1203 1203/1756/1204 1197/1750/1199
f 1203/1756/1204 1202/2700/1205 1196/1757/1200
f 1202/1758/1205 1201/1759/1206 1195/1753/1201
f 1201/1759/1206 1199/1550/1058 1193/1760/1207
f 1210/1761/1208 1204/1755/1203 1200/1594/1079
f 1209/1762/1209 1203/1756/1204 1204/1755/1203
f 1208/1763/1210 1202/1758/1205 1203/1764/1204
f 1207/1766/1211 1201/1759/1206 1202/1758/1205
f 1205/1767/1212 1199/1550/1058 1201/1759/1206
f 1216/1768/1213 1210/1761/1208 1206/1598/1081
f 1215/1769/1214 1209/1762/1209 1210/1761/1208
f 1214/1770/1215 1208/1763/1210 1209/1765/1209
f 1213/1772/1216 1207/1766/1211 1208/1763/1210
f 1211/1773/1217 1205/1767/1212 1207/1766/1211
f 1222/1774/1218 1216/1768/1213 1212/1602/1083
f 1221/1775/1219 1215/1769/1214 1216/1768/1213
f 1220/1776/1220 1214/1770/1215 1215/1771/1214
f 1219/1778/1221 1213/1772/1216 1214/1770/1215
f 1217/1779/1222 1211/1773/1217 1213/1772/1216
f 1228/1780/1223 1222/1774/1218 1218/1469/1019
f 1227/1781/1224 1221/1775/1219 1222/1774/1218
f 1226/1782/1225 1220/1776/1220 1221/1777/1219
f 1225/1784/1226 1219/1778/1221 1220/1776/1220
f 1223/1785/1227 1217/1779/1222 1219/1778/1221
f 1234/1786/1228 1228/2701/1223 1224/1787/1055
f 1233/1788/1229 1227/1781/1224 1228/1780/1223
f 1232/1790/1230 1226/1782/1225 1227/1783/1224
f 1231/1792/1231 1225/1784/1226 1226/1782/1225
f 1229/1793/1232 1223/1785/1227 1225/1784/1226
f 1240/1794/1233 1234/1786/1228 1230/1552/1060
f 1239/1795/1234 1233/2702/1229 1234/1786/1228
f 1238/1796/1235 1232/1790/1230 1233/1791/1229
f 1237/1798/1236 1231/1792/1231 1232/1790/1230
f 1235/1799/1237 1229/1793/1232 1231/1792/1231
f 1246/1800/1238 1240/1794/1233 1236/1560/1063
f 1245/1801/1239 1239/1795/1234 1240/1794/1233
f 1244/1802/1240 1238/1796/1235 1239/1797/1234
f 1243/1804/1241 1237/1798/1236 1238/1796/1235
f 1241/1805/1242 1235/1799/1237 1237/1798/1236
f 1063/1605/1085 1246/1800/1238 1242/1567/1066
f 1064/1607/1087 1245/1801/1239 1246/1800/1238
f 1065/1609/1089 1244/1802/1240 1245/1803/1239
f 1066/1612/1091 1243/1804/1241 1244/1802/1240
f 1062/1551/1059 1241/1805/1242 1243/1804/1241
f 1056/1604/1084 1061/1557/1062 959/1559/13
s 80
f 1248/1474/1021 1249/1810/1247 1252/1806/1243
s 82
f 1249/1807/1244 1247/1812/1249 1251/1808/1245
s 80
f 1254/1476/1023 1255/1813/1250 1249/1810/1247
s 82
f 1255/1811/1248 1253/1411/991 1247/1812/1249
s 80
f 1257/1478/1025 1258/2703/1252 1255/1813/1250
s 82
f 1258/1814/1251 1256/1506/1052 1253/1411/991
s 80
f 1260/1479/1024 1261/1818/1254 1258/1815/1252
s 82
f 1261/1817/1253 1259/1415/993 1256/1506/1052
s 80
f 1263/1480/1026 1264/1820/1256 1261/1818/1254
s 82
f 1264/1819/1255 1262/1417/994 1259/1415/993
s 80
f 1266/1481/1027 1267/1822/1258 1264/1820/1256
s 82
f 1267/1821/1257 1265/1419/995 1262/1417/994
s 80
f 1269/1482/1028 1270/1824/1260 1267/1822/1258
s 82
f 1270/1823/1259 1268/1421/996 1265/1419/995
s 80
f 1272/1483/1029 1273/2704/1967 1270/1824/1260
s 82
f 1273/1825/1261 1271/1423/997 1268/1421/996
s 80
f 1276/1826/1262 1273/2704/1967 1272/1483/1029
s 82
f 1274/1426/998 1271/1423/997 1273/1825/1261
s 80
f 1279/1828/1264 1276/1826/1262 1275/1484/1030
s 82
f 1277/1428/999 1274/1426/998 1276/1827/1263
s 80
f 1282/1830/1266 1279/1828/1264 1278/1485/1031
s 82
f 1280/1430/1000 1277/1428/999 1279/1829/1265
s 80
f 1285/1832/1268 1282/1830/1266 1281/1486/1032
s 82
f 1283/1432/1001 1280/1430/1000 1282/1831/1267
s 80
f 1288/1835/1270 1285/2705/1268 1284/1488/1034
s 82
f 1286/1434/1002 1283/1432/1001 1285/1834/1269
s 80
f 1291/1837/1272 1288/1835/1270 1287/1487/1033
s 82
f 1289/1436/1003 1286/1434/1002 1288/1836/1271
s 80
f 1294/1839/1274 1291/1837/1272 1290/1489/1035
s 82
f 1292/1438/1004 1289/1436/1003 1291/1838/1273
s 80
f 1297/1841/1276 1294/1839/1274 1293/1490/1036
s 82
f 1295/1842/1277 1292/1438/1004 1294/1840/1275
s 80
f 1299/1492/1038 1300/1845/1280 1297/1841/1276
s 82
f 1300/1844/1279 1298/1440/1005 1295/1842/1277
s 80
f 1302/1493/1039 1303/1847/1282 1300/1845/1280
s 82
f 1303/1846/1281 1301/1442/1006 1298/1440/1005
s 80
f 1305/1494/1040 1306/1850/1284 1303/1847/1282
s 82
f 1306/1848/1283 1304/1444/1007 1301/1442/1006
s 80
f 1308/1849/1041 1309/2706/1286 1306/1850/1284
s 82
f 1309/1851/1285 1307/1446/1008 1304/1444/1007
s 80
f 1311/1496/1042 1312/1854/1288 1309/1852/1286
s 82
f 1312/1853/1287 1310/1448/1009 1307/1446/1008
s 80
f 1314/1497/1043 1315/1856/1290 1312/1854/1288
s 82
f 1315/1855/1289 1313/1450/1010 1310/1448/1009
s 80
f 1317/1498/1044 1318/1858/1292 1315/1856/1290
s 82
f 1318/1857/1291 1316/1452/1011 1313/1450/1010
s 80
f 1320/1499/1045 1321/2707/1968 1318/1858/1292
s 82
f 1321/1859/1293 1319/1454/1012 1316/1452/1011
s 80
f 1324/1860/1294 1321/2707/1968 1320/1499/1045
s 82
f 1322/1457/1013 1319/1454/1012 1321/1859/1293
s 80
f 1327/1862/1296 1324/1860/1294 1323/1500/1046
s 82
f 1325/1459/1014 1322/1457/1013 1324/1861/1295
s 80
f 1330/1864/1298 1327/1862/1296 1326/1501/1047
s 82
f 1328/1461/1015 1325/1459/1014 1327/1863/1297
s 80
f 1333/1866/1300 1330/1864/1298 1329/1502/1048
s 82
f 1331/1463/1016 1328/1461/1015 1330/1865/1299
s 80
f 1336/1869/1302 1333/1866/1300 1332/1867/1049
s 82
f 1334/1465/1017 1331/1463/1016 1333/1868/1301
s 80
f 1339/1872/1304 1336/2708/1302 1335/1504/1050
s 82
f 1337/1467/1018 1334/1465/1017 1336/1871/1303
s 80
f 1342/1874/1306 1339/1872/1304 1338/1505/1051
s 82
f 1340/1472/1020 1337/1467/1018 1339/1873/1305
s 80
f 1252/1806/1243 1342/1874/1306 1341/1475/1022
s 82
f 1251/1808/1245 1340/1472/1020 1342/1875/1307
f 1024/1473/197 1251/1808/1245 1247/1812/1249
s 84
f 1469/1876/1308 1408/1956/1381 1474/1877/1309
s 85
f 1414/1879/1311 1412/1985/1312 1373/1880/1312
f 1410/1882/1314 1407/2108/1611 1344/1883/1315
f 1416/1885/1317 1414/1879/1311 1372/1881/1313
f 1418/1887/1319 1416/1885/1317 1371/1886/1318
f 1420/1889/1321 1418/1887/1319 1370/1888/1320
f 1422/1891/1323 1420/1889/1321 1369/1890/1322
f 1424/1893/1325 1422/1891/1323 1368/1892/1324
f 1424/1893/1325 1367/1894/1326 1366/1895/1327
f 1426/1896/1328 1366/1895/1327 1365/1897/1329
f 1428/1898/1330 1365/1897/1329 1364/1899/1331
f 1430/1900/1332 1364/1899/1331 1363/1901/1333
f 1432/1902/1334 1363/1901/1333 1362/1903/1335
f 1434/1904/1336 1362/1903/1335 1361/1905/1337
f 1436/1906/1338 1361/1905/1337 1360/1907/1339
f 1438/1908/1340 1360/1907/1339 1359/1909/1341
f 1442/1911/1314 1440/1910/1342 1359/1909/1341
f 1444/1913/1312 1442/1911/1314 1358/1912/1316
f 1446/1915/1311 1444/1913/1312 1357/1914/1312
f 1448/1917/1317 1446/1915/1311 1356/1916/1343
f 1450/1919/1344 1448/1917/1317 1355/1918/1318
f 1452/1921/1346 1450/1919/1344 1354/1920/1345
f 1454/1923/1348 1452/1921/1346 1353/1922/1347
f 1456/1925/1350 1454/1923/1348 1352/1924/1349
f 1456/1925/1350 1351/1926/1351 1350/1927/1352
f 1458/1928/1353 1350/1927/1352 1349/1929/1354
f 1460/1930/1355 1349/1929/1354 1348/1931/1356
f 1462/1932/1357 1348/1931/1356 1347/1933/1358
f 1464/1934/1359 1347/1933/1358 1346/1935/1360
f 1466/1936/1361 1346/1935/1360 1345/1937/1362
f 1468/1938/1363 1345/1937/1362 1343/1939/1364
s 86
f 1472/1941/1366 1375/1991/1413 1376/1942/1367
s 84
f 1423/1944/1369 1487/2069/1481 1485/1945/1370
s 86
f 1514/1947/1372 1396/1953/1378 1395/1948/1373
s 84
f 1421/1946/1371 1485/1945/1370 1483/1950/1375
s 86
f 1516/1952/1377 1397/1959/1384 1396/1953/1378
s 84
f 1419/1951/1376 1483/1950/1375 1481/1954/1379
f 1408/1956/1381 1409/1979/1403 1471/1957/1382
s 86
f 1518/1958/1383 1398/1965/1390 1397/1959/1384
s 84
f 1417/1955/1380 1481/1954/1379 1479/1960/1385
f 1467/1962/1387 1469/1876/1308 1533/1878/1310
s 86
f 1520/1964/1389 1399/1972/1396 1398/1965/1390
s 84
f 1415/1966/1386 1479/2709/1385 1477/1967/1391
f 1465/1969/1393 1467/1962/1387 1531/1963/1388
s 86
f 1520/1964/1389 1522/1977/1401 1400/1971/1395
s 84
f 1413/1968/1392 1477/1967/1391 1475/1973/1397
f 1463/1975/1399 1465/1969/1393 1529/1970/1394
s 86
f 1522/1977/1401 1524/1983/1406 1401/1978/1402
s 84
f 1409/1979/1403 1411/1974/1398 1475/1973/1397
f 1461/1980/1404 1463/2710/1399 1527/1981/1400
s 86
f 1524/1983/1406 1526/1988/1410 1402/1984/1407
s 85
f 1412/1985/1312 1410/1882/1314 1374/1884/1316
s 84
f 1459/1986/1408 1461/1980/1404 1525/1982/1405
s 86
f 1526/1988/1410 1528/1994/1416 1403/1989/1411
f 1476/1990/1412 1377/2016/1412 1375/1991/1413
s 84
f 1457/1992/1414 1459/1986/1408 1523/1987/1409
s 86
f 1528/1994/1416 1530/2000/1422 1404/1995/1417
f 1534/1996/1418 1473/1943/1368 1376/1942/1367
s 84
f 1455/1998/1420 1457/1992/1414 1521/1993/1415
s 86
f 1530/2000/1422 1532/2007/1428 1405/2001/1423
f 1480/2002/1374 1379/2009/1373 1378/2003/1424
s 84
f 1453/2005/1426 1455/1998/1420 1519/1999/1421
s 86
f 1532/2007/1428 1534/1996/1418 1406/1997/1419
f 1482/2008/1429 1380/2013/1433 1379/2009/1373
s 84
f 1451/2010/1430 1453/2005/1426 1517/2006/1427
s 86
f 1484/2012/1432 1381/2018/1437 1380/2013/1433
s 84
f 1449/2014/1434 1451/2010/1430 1515/2011/1431
s 86
f 1478/2004/1425 1378/2003/1424 1377/2016/1412
f 1486/2017/1436 1382/2022/1441 1381/2018/1437
s 84
f 1447/2019/1438 1449/2014/1434 1513/2015/1435
s 86
f 1488/2021/1440 1383/2027/1445 1382/2022/1441
s 84
f 1445/2023/1442 1447/2086/1438 1511/2024/1439
s 86
f 1488/2021/1440 1490/2030/1448 1384/2026/1444
s 84
f 1443/2028/1446 1445/2023/1442 1509/2025/1443
s 86
f 1490/2030/1448 1492/2034/1452 1385/2031/1449
s 84
f 1443/2028/1446 1507/2029/1447 1505/2032/1450
s 86
f 1492/2034/1452 1494/2038/1456 1386/2035/1453
s 84
f 1441/2033/1451 1505/2032/1450 1503/2036/1454
s 86
f 1494/2038/1456 1496/2042/1460 1387/2039/1457
s 84
f 1439/2037/1455 1503/2036/1454 1501/2040/1458
s 86
f 1496/2042/1460 1498/2046/1464 1388/2043/1461
s 84
f 1437/2041/1459 1501/2040/1458 1499/2044/1462
s 86
f 1498/2046/1464 1500/2050/1468 1389/2047/1465
s 84
f 1435/2045/1463 1499/2044/1462 1497/2048/1466
s 86
f 1500/2050/1468 1502/2054/1472 1390/2051/1469
s 84
f 1433/2049/1467 1497/2048/1466 1495/2052/1470
s 86
f 1502/2054/1472 1504/2060/1476 1391/2055/1473
s 84
f 1431/2056/1471 1495/2711/1470 1493/2057/1474
s 86
f 1506/2059/1366 1392/2064/1413 1391/2055/1473
s 84
f 1429/2058/1475 1493/2057/1474 1491/2061/1477
s 86
f 1508/2063/1412 1393/2068/1412 1392/2064/1413
s 84
f 1427/2062/1478 1491/2061/1477 1489/2065/1479
s 86
f 1510/2067/1425 1394/2070/1482 1393/2068/1412
s 84
f 1425/2066/1480 1489/2065/1479 1487/2069/1481
s 86
f 1512/1949/1374 1395/1948/1373 1394/2070/1482
s 87
f 1470/1940/1483 1407/2108/1546 1408/2071/1484
f 1468/1938/1486 1470/1940/1483 1469/2072/1485
f 1466/1936/1488 1468/1938/1486 1467/2073/1487
f 1464/1934/1490 1466/1936/1488 1465/2074/1489
f 1462/1932/1492 1464/1934/1490 1463/2075/1491
f 1460/1930/1494 1462/1932/1492 1461/2076/1493
f 1458/1928/1496 1460/1930/1494 1459/2077/1495
f 1456/1925/1498 1458/1928/1496 1457/2078/1497
f 1454/2080/1500 1456/2712/1498 1455/1998/1499
f 1452/1921/1502 1454/1923/1500 1453/2081/1501
f 1450/1919/1504 1452/1921/1502 1451/2082/1503
f 1448/2084/1506 1450/2713/1504 1449/2085/1505
f 1446/2087/1508 1448/2084/1506 1447/2086/1507
f 1444/2088/1510 1446/2087/1508 1445/2023/1509
f 1442/2089/1512 1444/2088/1510 1443/2028/1511
f 1442/2089/1512 1441/2033/1513 1439/2037/1514
f 1440/2090/1515 1439/2037/1514 1437/2041/1516
f 1438/2091/1517 1437/2041/1516 1435/2045/1518
f 1436/2092/1519 1435/2045/1518 1433/2049/1520
f 1434/2093/1521 1433/2049/1520 1431/2053/1522
f 1432/2094/1523 1431/2053/1522 1429/2095/1524
f 1430/1900/1525 1429/2714/1524 1427/2097/1526
f 1428/2098/1527 1427/2062/1526 1425/2066/1528
f 1426/2099/1529 1425/2066/1528 1423/1944/1530
f 1424/2100/1531 1423/1944/1530 1421/1946/1532
f 1422/1891/1533 1421/2715/1532 1419/2102/1534
f 1420/1889/1535 1419/2102/1534 1417/2103/1536
f 1416/1885/1538 1418/1887/1537 1417/2103/1536
f 1414/1879/1540 1416/1885/1538 1415/2104/1539
f 1412/1985/1542 1414/1879/1540 1413/2105/1541
f 1410/1882/1544 1412/1985/1542 1411/2106/1543
f 1407/2108/1546 1410/1882/1544 1409/2107/1545
s 88
f 1472/2109/1547 1473/2141/1610 1474/1877/1548
f 1472/2109/1547 1471/1957/1549 1475/1973/1550
f 1476/1990/1551 1475/2716/1550 1477/2111/1552
f 1478/2004/1553 1477/2111/1552 1479/2112/1554
f 1480/2002/1555 1479/2112/1554 1481/2113/1556
f 1482/2008/1557 1481/2113/1556 1483/2114/1558
f 1484/2012/1559 1483/2114/1558 1485/2115/1560
f 1486/2017/1561 1485/2115/1560 1487/2116/1562
f 1488/2021/1563 1487/2116/1562 1489/2117/1564
f 1490/2030/1565 1489/2117/1564 1491/2118/1566
f 1492/2034/1567 1491/2118/1566 1493/2119/1568
f 1494/2038/1569 1493/2119/1568 1495/2120/1570
f 1496/2042/1571 1495/2120/1570 1497/2121/1572
f 1498/2046/1573 1497/2121/1572 1499/2122/1574
f 1500/2050/1575 1499/2122/1574 1501/2123/1576
f 1502/2054/1577 1501/2123/1576 1503/2124/1578
f 1504/2060/1579 1503/2124/1578 1505/2125/1580
f 1506/2059/1581 1505/2125/1580 1507/2126/1582
f 1508/2063/1583 1507/2126/1582 1509/2127/1584
f 1510/2067/1585 1509/2127/1584 1511/2128/1586
f 1512/1949/1587 1511/2128/1586 1513/2129/1588
f 1516/1952/1590 1514/1947/1589 1513/2129/1588
f 1518/1958/1592 1516/1952/1590 1515/2130/1591
f 1520/2132/1594 1518/2717/1592 1517/2006/1593
f 1522/2133/1596 1520/2132/1594 1519/1999/1595
f 1524/2134/1598 1522/2133/1596 1521/1993/1597
f 1526/1988/1600 1524/1983/1598 1523/2135/1599
f 1528/1994/1602 1526/1988/1600 1525/2136/1601
f 1530/2000/1604 1528/1994/1602 1527/2137/1603
f 1532/2139/1606 1530/2718/1604 1529/1970/1605
f 1534/2140/1608 1532/2139/1606 1531/1963/1607
f 1473/2141/1610 1534/2140/1608 1533/1878/1609
s 85
f 1470/1940/1365 1343/1939/1364 1344/1883/1315
s 89
f 1661/2142/1612 1725/2228/1691 1666/2143/1613
s 90
f 1606/2145/1615 1564/2152/1621 1565/2146/1616
f 1602/2148/1617 1566/2249/1646 1536/2149/1618
f 1608/2151/1620 1563/2154/1623 1564/2152/1621
f 1610/2153/1622 1562/2156/1625 1563/2154/1623
f 1612/2155/1624 1561/2158/1627 1562/2156/1625
f 1614/2157/1626 1560/2160/1629 1561/2158/1627
f 1616/2159/1628 1559/2719/1969 1560/2160/1629
f 1558/2161/1630 1559/2719/1969 1616/2159/1628
f 1557/2163/1632 1558/2161/1630 1618/2162/1631
f 1556/2165/1634 1557/2163/1632 1620/2164/1633
f 1555/2167/1636 1556/2165/1634 1622/2166/1635
f 1554/2169/1638 1555/2167/1636 1624/2168/1637
f 1553/2171/1640 1554/2169/1638 1626/2170/1639
f 1552/2173/1642 1553/2171/1640 1628/2172/1641
f 1551/2175/1644 1552/2173/1642 1630/2174/1643
f 1634/2177/1617 1550/2179/1646 1551/2175/1644
f 1636/2178/1616 1549/2181/1616 1550/2179/1646
f 1638/2180/1615 1548/2183/1647 1549/2181/1616
f 1640/2182/1620 1547/2185/1623 1548/2183/1647
f 1642/2184/1648 1546/2187/1650 1547/2185/1623
f 1644/2186/1649 1545/2189/1652 1546/2187/1650
f 1646/2188/1651 1544/2191/1654 1545/2189/1652
f 1648/2190/1653 1543/2720/1970 1544/2191/1654
f 1542/2192/1655 1543/2720/1970 1648/2190/1653
f 1541/2194/1657 1542/2192/1655 1650/2193/1656
f 1540/2196/1659 1541/2194/1657 1652/2195/1658
f 1539/2198/1661 1540/2196/1659 1654/2197/1660
f 1538/2200/1663 1539/2198/1661 1656/2199/1662
f 1537/2202/1665 1538/2200/1663 1658/2201/1664
f 1535/2204/1667 1537/2202/1665 1660/2203/1666
s 91
f 1568/2206/1669 1567/2254/1714 1664/2207/1670
s 89
f 1677/2209/1672 1679/2331/1781 1615/2210/1673
s 91
f 1587/2212/1675 1588/2217/1680 1706/2213/1676
s 89
f 1675/2215/1678 1677/2209/1672 1613/2211/1674
s 91
f 1588/2217/1680 1589/2223/1686 1708/2218/1681
s 89
f 1673/2219/1682 1675/2215/1678 1611/2216/1679
f 1600/2144/1614 1666/2143/1613 1663/2221/1684
s 91
f 1589/2223/1686 1590/2229/1692 1710/2224/1687
s 89
f 1671/2225/1688 1673/2219/1682 1609/2220/1683
f 1659/2227/1690 1723/2235/1697 1725/2228/1691
s 91
f 1590/2229/1692 1591/2721/1971 1712/2230/1693
s 89
f 1669/2231/1694 1671/2722/1688 1607/2232/1689
f 1657/2234/1696 1721/2241/1703 1723/2235/1697
s 91
f 1712/2230/1693 1591/2721/1971 1592/2236/1698
s 89
f 1667/2238/1700 1669/2231/1694 1605/2233/1695
f 1655/2240/1702 1719/2723/1707 1721/2241/1703
s 91
f 1714/2237/1699 1592/2236/1698 1593/2242/1704
s 89
f 1601/2222/1685 1663/2221/1684 1667/2238/1700
f 1653/2244/1706 1717/2251/1711 1719/2245/1707
s 91
f 1716/2243/1705 1593/2242/1704 1594/2247/1708
s 90
f 1604/2147/1616 1565/2146/1616 1566/2249/1646
s 89
f 1651/2250/1710 1715/2257/1717 1717/2251/1711
s 91
f 1718/2248/1709 1594/2247/1708 1595/2252/1712
f 1567/2254/1714 1569/2279/1715 1668/2255/1715
s 89
f 1649/2256/1716 1713/2262/1722 1715/2257/1717
s 91
f 1720/2253/1713 1595/2252/1712 1596/2258/1718
f 1726/2260/1720 1598/2270/1729 1568/2206/1669
s 89
f 1647/2261/1721 1711/2269/1728 1713/2262/1722
s 91
f 1722/2259/1719 1596/2258/1718 1597/2263/1723
f 1570/2265/1725 1571/2271/1675 1672/2266/1677
s 89
f 1645/2268/1727 1709/2274/1732 1711/2269/1728
s 91
f 1724/2264/1724 1597/2263/1723 1598/2270/1729
f 1571/2271/1675 1572/2275/1733 1674/2272/1730
s 89
f 1643/2273/1731 1707/2278/1736 1709/2274/1732
s 91
f 1572/2275/1733 1573/2280/1737 1676/2276/1734
s 89
f 1641/2277/1735 1705/2283/1740 1707/2278/1736
s 91
f 1569/2279/1715 1570/2265/1725 1670/2267/1726
f 1573/2280/1737 1574/2284/1741 1678/2281/1738
s 89
f 1639/2282/1739 1703/2724/1744 1705/2283/1740
s 91
f 1574/2284/1741 1575/2725/1972 1680/2285/1742
s 89
f 1637/2286/1743 1701/2292/1748 1703/2287/1744
s 91
f 1680/2285/1742 1575/2725/1972 1576/2289/1745
s 89
f 1635/2291/1747 1699/2387/1973 1701/2292/1748
s 91
f 1682/2290/1746 1576/2289/1745 1577/2293/1749
s 89
f 1697/2295/1751 1699/2387/1973 1635/2291/1747
s 91
f 1684/2294/1750 1577/2293/1749 1578/2297/1753
s 89
f 1695/2299/1755 1697/2295/1751 1633/2296/1752
s 91
f 1686/2298/1754 1578/2297/1753 1579/2301/1757
s 89
f 1693/2303/1759 1695/2299/1755 1631/2300/1756
s 91
f 1688/2302/1758 1579/2301/1757 1580/2305/1761
s 89
f 1691/2307/1763 1693/2303/1759 1629/2304/1760
s 91
f 1690/2306/1762 1580/2305/1761 1581/2309/1765
s 89
f 1689/2311/1767 1691/2307/1763 1627/2308/1764
s 91
f 1692/2310/1766 1581/2309/1765 1582/2313/1769
s 89
f 1687/2315/1771 1689/2311/1767 1625/2312/1768
s 91
f 1694/2314/1770 1582/2313/1769 1583/2317/1773
s 89
f 1685/2319/1775 1687/2726/1771 1623/2320/1772
s 91
f 1583/2317/1773 1584/2325/1714 1698/2322/1670
s 89
f 1683/2323/1777 1685/2319/1775 1621/2321/1776
s 91
f 1584/2325/1714 1585/2329/1715 1700/2326/1715
s 89
f 1681/2327/1779 1683/2323/1777 1619/2324/1778
s 91
f 1585/2329/1715 1586/2332/1725 1702/2330/1726
s 89
f 1679/2331/1781 1681/2327/1779 1617/2328/1780
s 91
f 1586/2332/1725 1587/2212/1675 1704/2214/1677
s 92
f 1662/2333/1782 1661/2142/1786 1600/2144/1783
f 1660/2335/1785 1659/2227/1788 1661/2142/1786
f 1658/2336/1787 1657/2234/1790 1659/2227/1788
f 1656/2199/1789 1655/2338/1792 1657/2337/1790
f 1654/2197/1791 1653/2339/1794 1655/2338/1792
f 1652/2195/1793 1651/2727/1796 1653/2339/1794
f 1650/2340/1795 1649/2256/1798 1651/2250/1796
f 1648/2190/1797 1647/2343/1800 1649/2342/1798
f 1646/2188/1799 1645/2344/1802 1647/2343/1800
f 1644/2186/1801 1643/2345/1804 1645/2344/1802
f 1642/2184/1803 1641/2346/1806 1643/2345/1804
f 1640/2182/1805 1639/2347/1808 1641/2346/1806
f 1638/2180/1807 1637/2348/1810 1639/2347/1808
f 1636/2178/1809 1635/2349/1812 1637/2348/1810
f 1634/2177/1811 1633/2728/1974 1635/2349/1812
f 1631/2350/1813 1633/2728/1974 1634/2177/1811
f 1629/2351/1815 1631/2350/1813 1632/2176/1814
f 1627/2352/1817 1629/2351/1815 1630/2174/1816
f 1625/2353/1819 1627/2352/1817 1628/2172/1818
f 1623/2354/1821 1625/2353/1819 1626/2170/1820
f 1621/2355/1823 1623/2354/1821 1624/2168/1822
f 1619/2356/1825 1621/2355/1823 1622/2166/1824
f 1617/2357/1827 1619/2356/1825 1620/2164/1826
f 1615/2210/1829 1617/2328/1827 1618/2358/1828
f 1613/2211/1831 1615/2210/1829 1616/2359/1830
f 1611/2216/1833 1613/2211/1831 1614/2360/1832
f 1609/2220/1835 1611/2216/1833 1612/2361/1834
f 1608/2151/1837 1607/2729/1839 1609/2363/1835
f 1606/2364/1838 1605/2233/1841 1607/2232/1839
f 1604/2366/1840 1603/2239/1843 1605/2233/1841
f 1602/2367/1842 1601/2222/1844 1603/2239/1843
f 1599/2334/1784 1600/2144/1783 1601/2222/1844
s 93
f 1664/2207/1845 1663/2730/1975 1666/2368/1846
f 1667/2369/1848 1663/2730/1975 1664/2207/1845
f 1669/2370/1850 1667/2369/1848 1668/2255/1849
f 1671/2371/1852 1669/2370/1850 1670/2267/1851
f 1673/2372/1854 1671/2371/1852 1672/2266/1853
f 1675/2373/1856 1673/2372/1854 1674/2272/1855
f 1677/2374/1858 1675/2373/1856 1676/2276/1857
f 1679/2375/1860 1677/2374/1858 1678/2281/1859
f 1681/2376/1862 1679/2375/1860 1680/2285/1861
f 1683/2323/1864 1681/2327/1862 1682/2377/1863
f 1685/2379/1866 1683/2731/1864 1684/2294/1865
f 1687/2315/1868 1685/2732/1866 1686/2380/1867
f 1689/2311/1870 1687/2315/1868 1688/2381/1869
f 1691/2307/1872 1689/2311/1870 1690/2382/1871
f 1693/2303/1874 1691/2307/1872 1692/2383/1873
f 1695/2299/1876 1693/2303/1874 1694/2384/1875
f 1697/2295/1878 1695/2299/1876 1696/2385/1877
f 1699/2387/1880 1697/2295/1878 1698/2386/1879
f 1701/2292/1882 1699/2387/1880 1700/2388/1881
f 1703/2287/1884 1701/2292/1882 1702/2389/1883
f 1705/2391/1886 1703/2287/1884 1704/2390/1885
f 1708/2393/1888 1707/2278/1890 1705/2283/1886
f 1710/2395/1889 1709/2274/1892 1707/2278/1890
f 1712/2396/1891 1711/2269/1894 1709/2274/1892
f 1714/2397/1893 1713/2262/1896 1711/2269/1894
f 1716/2243/1895 1715/2399/1898 1713/2398/1896
f 1718/2248/1897 1717/2400/1900 1715/2399/1898
f 1720/2253/1899 1719/2401/1902 1717/2400/1900
f 1722/2259/1901 1721/2402/1904 1719/2401/1902
f 1724/2264/1903 1723/2403/1906 1721/2402/1904
f 1726/2260/1905 1725/2404/1907 1723/2403/1906
f 1665/2208/1847 1666/2368/1846 1725/2404/1907
s 90
f 1536/2149/1618 1535/2204/1667 1662/2205/1668
s 94
f 1727/2405/276 1728/2733/276 1730/2406/276
s 95
f 1731/2410/276 1737/2437/276 1736/2408/276
f 1736/2408/276 1747/2443/276 1749/2409/276
f 1749/2409/276 1734/2415/276 1731/2410/276
s 96
f 1731/2410/276 1730/2406/276 1766/2411/276
s 97
f 1732/2412/276 1766/2411/276 1765/2413/276
s 98
f 1733/2414/276 1765/2413/276 1729/2407/276
s 99
f 1734/2415/276 1729/2407/276 1730/2406/276
s 100
f 1736/2416/197 1751/2449/197 1761/2417/197
s 101
f 1748/2419/13 1760/2453/13 1758/2420/13
s 102
f 1755/2424/276 1757/2734/276 1759/2735/276
f 1759/2735/276 1758/2736/276 1760/2422/276
f 1760/2422/276 1762/2737/276 1761/2738/276
f 1761/2738/276 1751/2739/276 1753/2423/276
f 1753/2423/276 1752/2740/276 1754/2741/276
f 1754/2741/276 1756/2742/276 1755/2424/276
f 1755/2424/276 1759/2735/276 1760/2422/276
f 1760/2422/276 1761/2738/276 1753/2423/276
f 1753/2423/276 1754/2741/276 1755/2424/276
s 103
f 1744/2425/200 1757/2743/200 1755/2426/200
s 104
f 1740/2428/196 1754/2744/196 1752/2429/196
s 105
f 1733/2414/276 1745/2434/276 1744/2431/276
f 1744/2431/276 1739/2438/276 1741/2432/276
f 1741/2432/276 1732/2412/276 1733/2414/276
s 106
f 1734/2415/276 1749/2409/276 1748/2433/276
f 1748/2433/276 1743/2441/276 1745/2434/276
f 1745/2434/276 1733/2414/276 1734/2415/276
s 115
f 1755/2426/1908 1756/2745/1908 1742/2445/1908
s 116
f 1756/2446/1909 1754/2744/1909 1740/2428/1909
s 117
f 1736/2416/1910 1738/2746/1910 1753/2448/1910
s 118
f 1738/2450/1911 1735/2430/1911 1752/2429/1911
s 119
f 1748/2419/1912 1750/2747/1912 1762/2452/1912
s 120
f 1750/2454/1913 1747/2418/1913 1761/2417/1913
s 121
f 1758/2420/1914 1759/2748/1914 1746/2456/1914
s 122
f 1759/2457/1915 1757/2743/1915 1744/2425/1915
s 123
f 1732/2412/276 1741/2432/276 1740/2440/276
f 1740/2440/276 1735/2435/276 1737/2437/276
f 1737/2437/276 1731/2410/276 1732/2412/276
s 124
f 1768/2459/276 1764/2749/276 1763/2460/276
s 125
f 1774/2464/276 1775/2488/276 1769/2462/276
f 1769/2462/276 1772/2467/276 1787/2463/276
f 1787/2463/276 1785/2495/276 1774/2464/276
s 126
f 1766/2411/276 1768/2459/276 1769/2462/276
s 127
f 1765/2413/276 1766/2411/276 1770/2465/276
s 128
f 1767/2461/276 1765/2413/276 1771/2466/276
s 129
f 1768/2459/276 1767/2461/276 1772/2467/276
s 130
f 1799/2468/200 1789/2501/200 1774/2469/200
s 131
f 1796/2471/13 1798/2505/13 1786/2472/13
s 132
f 1797/2476/276 1795/2750/276 1793/2751/276
f 1793/2751/276 1794/2752/276 1792/2474/276
f 1792/2474/276 1790/2753/276 1791/2754/276
f 1791/2754/276 1789/2755/276 1799/2475/276
f 1799/2475/276 1800/2756/276 1798/2757/276
f 1798/2757/276 1796/2758/276 1797/2476/276
f 1797/2476/276 1793/2751/276 1792/2474/276
f 1792/2474/276 1791/2754/276 1799/2475/276
f 1799/2475/276 1798/2757/276 1797/2476/276
s 133
f 1793/2477/197 1795/2759/197 1782/2478/197
s 134
f 1790/2480/196 1792/2760/196 1778/2481/196
s 135
f 1782/2484/276 1783/2485/276 1771/2466/276
f 1771/2466/276 1770/2465/276 1779/2483/276
f 1779/2483/276 1777/2490/276 1782/2484/276
s 136
f 1786/2486/276 1787/2463/276 1772/2467/276
f 1772/2467/276 1771/2466/276 1783/2485/276
f 1783/2485/276 1781/2493/276 1786/2486/276
s 145
f 1780/2497/1910 1794/2761/1910 1793/2477/1910
s 146
f 1778/2481/1911 1792/2760/1911 1794/2498/1911
s 147
f 1791/2500/1908 1776/2762/1908 1774/2469/1908
s 148
f 1790/2480/1909 1773/2482/1909 1776/2502/1909
s 149
f 1800/2504/1914 1788/2763/1914 1786/2472/1914
s 150
f 1799/2468/1915 1785/2470/1915 1788/2506/1915
s 151
f 1784/2508/1912 1797/2764/1912 1796/2471/1912
s 152
f 1782/2478/1913 1795/2759/1913 1797/2509/1913
s 153
f 1778/2492/276 1779/2483/276 1770/2465/276
f 1770/2465/276 1769/2462/276 1775/2488/276
f 1775/2488/276 1773/2487/276 1778/2492/276
s 46
g Cube.003_Material.001
usemtl Material.001
f 306/475/41 318/476/41 314/477/41
s 77
f 557/811/32 545/812/32 549/813/32
s 46
f 314/477/41 309/2597/41 311/2598/41
f 311/2598/41 312/2599/41 310/491/41
f 310/491/41 305/517/41 307/516/41
f 307/516/41 308/2600/41 306/475/41
f 306/475/41 317/2601/41 319/2602/41
f 319/2602/41 320/2603/41 318/476/41
f 318/476/41 313/2604/41 315/2605/41
f 315/2605/41 316/2606/41 314/477/41
f 314/477/41 311/2598/41 310/491/41
f 310/491/41 307/516/41 306/475/41
f 306/475/41 319/2602/41 318/476/41
f 318/476/41 315/2605/41 314/477/41
f 314/477/41 310/491/41 306/475/41
s 77
f 549/813/32 547/2664/32 552/2665/32
f 552/2665/32 554/2666/32 553/2667/32
f 553/2667/32 551/2668/1959 556/2669/32
f 556/2669/32 558/2670/32 557/811/32
f 557/811/32 555/2671/32 544/2672/32
f 544/2672/32 546/2673/32 545/812/32
f 545/812/32 543/2674/1960 548/826/32
f 548/826/32 550/837/1959 549/813/32
f 549/813/32 552/2665/32 553/2667/32
f 553/2667/32 556/2669/32 557/811/32
f 557/811/32 544/2672/32 545/812/32
f 545/812/32 548/826/32 549/813/32
f 549/813/32 553/2667/32 557/811/32
g Plano_Malla
v -6.094431 5.132633 -0.456460
v -2.268728 5.132633 -0.456460
v -6.094431 6.558744 -0.456460
v -2.268728 6.558744 -0.456460
vn -0.0000 -0.0000 1.0000
vt 1.000000 0.000000
vt 0.000000 1.000000
vt 0.000000 0.000000
vt 1.000000 1.000000
s 0
g off
f 1802/2765/1976 1803/2766/1976 1801/2767/1976
f 1802/2765/1976 1804/2768/1976 1803/2766/1976
