# Blender 4.2.14 LTS
# www.blender.org
mtllib LlantaLucas.mtl
g Llanta.004_Malla
v 0.460020 -0.782877 -1.207540 1.0000 0.1020 0.1020
v 0.460020 -0.297937 1.368939 1.0000 0.1020 0.1020
v 0.460020 -1.120635 0.918234 1.0000 0.1020 0.1020
v 0.460020 1.213142 0.476413 1.0000 0.1020 0.1020
v 0.460020 1.161595 0.602102 1.0000 0.1020 0.1020
v 0.460020 1.097851 0.721935 1.0000 0.1020 0.1020
v 0.460020 -1.454464 -0.224525 1.0000 0.1020 0.1020
v 0.460020 0.936292 0.939476 1.0000 0.1020 0.1020
v 0.460020 0.840047 1.035091 1.0000 0.1020 0.1020
v 0.460020 0.621319 1.195414 1.0000 0.1020 0.1020
v 0.460020 -1.189120 -0.846898 1.0000 0.1020 0.1020
v 0.460020 0.110281 1.373149 1.0000 0.1020 0.1020
v 0.460020 -0.025603 1.385139 1.0000 0.1020 0.1020
v 0.460020 -0.534964 -1.321681 1.0000 0.1020 0.1020
v 0.460020 -0.807494 1.180668 1.0000 0.1020 0.1020
v 0.460020 -1.025024 1.015836 1.0000 0.1020 0.1020
v 0.460020 1.277166 -0.060171 1.0000 0.1020 0.1020
v 0.460020 1.263139 0.212283 1.0000 0.1020 0.1020
v 0.460020 -1.395091 0.449440 1.0000 0.1020 0.1020
v 0.460020 -1.470665 0.047922 1.0000 0.1020 0.1020
v 0.460020 1.022507 0.834755 1.0000 0.1020 0.1020
v 0.460020 -1.426429 -0.358247 1.0000 0.1020 0.1020
v 0.460020 1.267352 -0.196268 1.0000 0.1020 0.1020
v 0.460020 -1.266194 -0.734085 1.0000 0.1020 0.1020
v 0.460020 0.500977 1.258578 1.0000 0.1020 0.1020
v 0.460020 0.374862 1.309562 1.0000 0.1020 0.1020
v 0.460020 0.244205 1.347875 1.0000 0.1020 0.1020
v 0.478306 1.118897 -0.053507 1.0000 0.1020 0.1020
v 0.478306 1.117661 0.066373 1.0000 0.1020 0.1020
v 0.478306 1.108663 0.185570 1.0000 0.1020 0.1020
v 0.478306 1.088608 0.302924 1.0000 0.1020 0.1020
v 0.478306 1.054090 0.417289 1.0000 0.1020 0.1020
v 0.478306 1.008661 0.527578 1.0000 0.1020 0.1020
v 0.478306 0.952639 0.632725 1.0000 0.1020 0.1020
v 0.478306 0.886508 0.731723 1.0000 0.1020 0.1020
v 0.478306 0.810883 0.823611 1.0000 0.1020 0.1020
v 0.478306 0.726486 0.907510 1.0000 0.1020 0.1020
v 0.478306 0.634134 0.982610 1.0000 0.1020 0.1020
v 0.478306 0.534723 1.048188 1.0000 0.1020 0.1020
v 0.478306 0.429224 1.103613 1.0000 0.1020 0.1020
v 0.478306 0.318664 1.148348 1.0000 0.1020 0.1020
v 0.478306 0.204121 1.181968 1.0000 0.1020 0.1020
v 0.478306 0.086713 1.204145 1.0000 0.1020 0.1020
v 0.478306 -0.032416 1.214667 1.0000 0.1020 0.1020
v 0.478306 -0.152105 1.213432 1.0000 0.1020 0.1020
v 0.478306 -0.271188 1.200452 1.0000 0.1020 0.1020
v 0.478306 -0.388502 1.175852 1.0000 0.1020 0.1020
v 0.478306 -0.502861 1.139870 1.0000 0.1020 0.1020
v 0.478306 -0.613143 1.092854 1.0000 0.1020 0.1020
v 0.478306 -0.718285 1.035252 1.0000 0.1020 0.1020
v 0.478306 -0.817275 0.967624 1.0000 0.1020 0.1020
v 0.478306 -0.909160 0.890618 1.0000 0.1020 0.1020
v 0.478306 -0.993054 0.804977 1.0000 0.1020 0.1020
v 0.478306 -1.068150 0.711523 1.0000 0.1020 0.1020
v 0.478306 -1.133724 0.611160 1.0000 0.1020 0.1020
v 0.478306 -1.189146 0.504852 1.0000 0.1020 0.1020
v 0.478306 -1.233880 0.393624 1.0000 0.1020 0.1020
v 0.478306 -1.267497 0.278547 1.0000 0.1020 0.1020
v 0.478306 -1.289672 0.160731 1.0000 0.1020 0.1020
v 0.478306 -1.300193 0.041308 1.0000 0.1020 0.1020
v 0.478306 -1.298957 -0.078575 1.0000 0.1020 0.1020
v 0.478306 -1.285978 -0.197755 1.0000 0.1020 0.1020
v 0.478306 -1.261378 -0.315092 1.0000 0.1020 0.1020
v 0.478306 -1.225396 -0.429450 1.0000 0.1020 0.1020
v 0.478306 -1.178378 -0.539735 1.0000 0.1020 0.1020
v 0.478306 -1.120777 -0.644873 1.0000 0.1020 0.1020
v 0.478306 -1.053148 -0.743864 1.0000 0.1020 0.1020
v 0.478306 -0.976142 -0.835749 1.0000 0.1020 0.1020
v 0.478306 -0.890500 -0.919641 1.0000 0.1020 0.1020
v 0.478306 -0.797047 -0.994741 1.0000 0.1020 0.1020
v 0.478306 -0.696684 -1.060315 1.0000 0.1020 0.1020
v 0.478306 -0.590377 -1.115735 1.0000 0.1020 0.1020
v 0.478306 -0.479149 -1.160469 1.0000 0.1020 0.1020
v 0.478306 -0.364072 -1.194086 1.0000 0.1020 0.1020
v 0.478306 -0.246275 -1.216261 1.0000 0.1020 0.1020
v 0.478306 -0.126949 -1.226783 1.0000 0.1020 0.1020
v 0.478306 -0.007260 -1.225547 1.0000 0.1020 0.1020
v 0.478306 0.111627 -1.212569 1.0000 0.1020 0.1020
v 0.478306 0.228554 -1.187970 1.0000 0.1020 0.1020
v 0.478306 0.342380 -1.151990 1.0000 0.1020 0.1020
v 0.478306 0.451994 -1.104976 1.0000 0.1020 0.1020
v 0.478306 0.556329 -1.047380 1.0000 0.1020 0.1020
v 0.478306 0.654366 -0.979752 1.0000 0.1020 0.1020
v 0.478306 0.745151 -0.902750 1.0000 0.1020 0.1020
v 0.478306 0.827800 -0.817114 1.0000 0.1020 0.1020
v 0.478306 0.901515 -0.723669 1.0000 0.1020 0.1020
v 0.478306 0.965591 -0.623312 1.0000 0.1020 0.1020
v 0.478306 1.019433 -0.517011 1.0000 0.1020 0.1020
v 0.478306 1.062579 -0.405789 1.0000 0.1020 0.1020
v 0.478306 1.094731 -0.290717 1.0000 0.1020 0.1020
v 0.478306 1.112362 -0.172918 1.0000 0.1020 0.1020
v 0.388801 0.843960 -0.041879 1.0000 0.1020 0.1020
v 0.388801 0.843025 0.048802 1.0000 0.1020 0.1020
v 0.388801 0.833205 0.138957 1.0000 0.1020 0.1020
v 0.388801 0.814597 0.227716 1.0000 0.1020 0.1020
v 0.388801 0.787378 0.314225 1.0000 0.1020 0.1020
v 0.388801 0.751811 0.397649 1.0000 0.1020 0.1020
v 0.388801 0.708237 0.477184 1.0000 0.1020 0.1020
v 0.388801 0.657079 0.552066 1.0000 0.1020 0.1020
v 0.388801 0.598827 0.621571 1.0000 0.1020 0.1020
v 0.388801 0.534042 0.685034 1.0000 0.1020 0.1020
v 0.388801 0.463349 0.741841 1.0000 0.1020 0.1020
v 0.388801 0.387429 0.791444 1.0000 0.1020 0.1020
v 0.388801 0.307012 0.833368 1.0000 0.1020 0.1020
v 0.388801 0.222873 0.867208 1.0000 0.1020 0.1020
v 0.388801 0.135823 0.892638 1.0000 0.1020 0.1020
v 0.388800 0.046699 0.909412 1.0000 0.1020 0.1020
v 0.388801 -0.043640 0.917371 1.0000 0.1020 0.1020
v 0.388801 -0.134324 0.916436 1.0000 0.1020 0.1020
v 0.388801 -0.224480 0.906617 1.0000 0.1020 0.1020
v 0.388800 -0.313239 0.888009 1.0000 0.1020 0.1020
v 0.388800 -0.399747 0.860790 1.0000 0.1020 0.1020
v 0.388800 -0.483171 0.825223 1.0000 0.1020 0.1020
v 0.388800 -0.562706 0.781649 1.0000 0.1020 0.1020
v 0.388800 -0.637588 0.730492 1.0000 0.1020 0.1020
v 0.388801 -0.707095 0.672239 1.0000 0.1020 0.1020
v 0.388801 -0.770558 0.607456 1.0000 0.1020 0.1020
v 0.388801 -0.827365 0.536762 1.0000 0.1020 0.1020
v 0.388801 -0.876969 0.460841 1.0000 0.1020 0.1020
v 0.388800 -0.918893 0.380425 1.0000 0.1020 0.1020
v 0.388800 -0.952733 0.296285 1.0000 0.1020 0.1020
v 0.388800 -0.978162 0.209235 1.0000 0.1020 0.1020
v 0.388800 -0.994937 0.120111 1.0000 0.1020 0.1020
v 0.388800 -1.002895 0.029771 1.0000 0.1020 0.1020
v 0.388800 -1.001961 -0.060915 1.0000 0.1020 0.1020
v 0.388800 -0.992142 -0.151070 1.0000 0.1020 0.1020
v 0.388800 -0.973533 -0.239826 1.0000 0.1020 0.1020
v 0.388800 -0.946315 -0.326338 1.0000 0.1020 0.1020
v 0.388800 -0.910748 -0.409760 1.0000 0.1020 0.1020
v 0.388800 -0.867175 -0.489295 1.0000 0.1020 0.1020
v 0.388800 -0.816016 -0.564176 1.0000 0.1020 0.1020
v 0.388800 -0.757764 -0.633687 1.0000 0.1020 0.1020
v 0.388800 -0.692980 -0.697149 1.0000 0.1020 0.1020
v 0.388800 -0.622287 -0.753953 1.0000 0.1020 0.1020
v 0.388800 -0.546366 -0.803557 1.0000 0.1020 0.1020
v 0.388800 -0.465949 -0.845482 1.0000 0.1020 0.1020
v 0.388800 -0.381810 -0.879322 1.0000 0.1020 0.1020
v 0.388800 -0.294759 -0.904752 1.0000 0.1020 0.1020
v 0.388801 -0.205635 -0.921526 1.0000 0.1020 0.1020
v 0.388800 -0.115296 -0.929485 1.0000 0.1020 0.1020
v 0.388800 -0.024611 -0.928548 1.0000 0.1020 0.1020
v 0.388800 0.065545 -0.918733 1.0000 0.1020 0.1020
v 0.388801 0.154304 -0.900121 1.0000 0.1020 0.1020
v 0.388801 0.240812 -0.872904 1.0000 0.1020 0.1020
v 0.388801 0.324236 -0.837338 1.0000 0.1020 0.1020
v 0.388801 0.403771 -0.793764 1.0000 0.1020 0.1020
v 0.388801 0.478653 -0.742606 1.0000 0.1020 0.1020
v 0.388801 0.548160 -0.684352 1.0000 0.1020 0.1020
v 0.388801 0.611622 -0.619567 1.0000 0.1020 0.1020
v 0.388801 0.668429 -0.548876 1.0000 0.1020 0.1020
v 0.388801 0.718033 -0.472955 1.0000 0.1020 0.1020
v 0.388801 0.759957 -0.392539 1.0000 0.1020 0.1020
v 0.388801 0.793797 -0.308398 1.0000 0.1020 0.1020
v 0.388801 0.819227 -0.221347 1.0000 0.1020 0.1020
v 0.388801 0.836001 -0.132225 1.0000 0.1020 0.1020
v 0.088549 1.205204 -0.943655 1.0000 0.1020 0.1020
v 0.088549 1.345232 0.691181 1.0000 0.1020 0.1020
v 0.088549 1.108717 -1.065750 1.0000 0.1020 0.1020
v 0.088549 1.000499 -1.177642 1.0000 0.1020 0.1020
v 0.088549 1.427657 0.397565 1.0000 0.1020 0.1020
v 0.088549 0.881615 -1.278252 1.0000 0.1020 0.1020
v 0.088549 1.453605 0.244233 1.0000 0.1020 0.1020
v 0.088549 0.753230 -1.366609 1.0000 0.1020 0.1020
v 0.088549 0.616602 -1.441866 1.0000 0.1020 0.1020
v 0.088549 1.468040 -0.068134 1.0000 0.1020 0.1020
v 0.088549 0.473063 -1.503294 1.0000 0.1020 0.1020
v 0.088549 0.324016 -1.550307 1.0000 0.1020 0.1020
v 0.088549 0.170925 -1.582444 1.0000 0.1020 0.1020
v 0.088549 0.015280 -1.599403 1.0000 0.1020 0.1020
v 0.088549 -0.141351 -1.601019 1.0000 0.1020 0.1020
v 0.088549 -0.297386 -1.587270 1.0000 0.1020 0.1020
v 0.088549 -0.601678 -1.514376 1.0000 0.1020 0.1020
v 0.088549 -0.885902 -1.383515 1.0000 0.1020 0.1020
v 0.088549 -1.017033 -1.297839 1.0000 0.1020 0.1020
v 0.088549 -1.139135 -1.199723 1.0000 0.1020 0.1020
v 0.088549 0.292097 1.546184 1.0000 0.1020 0.1020
v 0.088549 0.586855 1.443808 1.0000 0.1020 0.1020
v 0.088549 1.458434 -0.224154 1.0000 0.1020 0.1020
v 0.088549 -1.576701 -0.559251 1.0000 0.1020 0.1020
v 0.088549 1.435653 -0.378070 1.0000 0.1020 0.1020
v 0.088549 0.976117 1.187590 1.0000 0.1020 0.1020
v 0.088549 1.401463 -0.528385 1.0000 0.1020 0.1020
v 0.088549 1.359303 -0.673643 1.0000 0.1020 0.1020
v 0.088549 1.289009 -0.812533 1.0000 0.1020 0.1020
v 0.088549 1.272090 0.828565 1.0000 0.1020 0.1020
v 0.088549 -1.674429 0.055825 1.0000 0.1020 0.1020
v 0.088549 -1.660683 0.211860 1.0000 0.1020 0.1020
v 0.088549 1.390374 0.547025 1.0000 0.1020 0.1020
v 0.088549 -1.631710 0.365796 1.0000 0.1020 0.1020
v 0.088549 -1.587787 0.516152 1.0000 0.1020 0.1020
v 0.088549 -1.529340 0.661478 1.0000 0.1020 0.1020
v 0.088549 1.466425 0.088497 1.0000 0.1020 0.1020
v 0.088549 -1.456928 0.800376 1.0000 0.1020 0.1020
v 0.088549 -1.371250 0.931509 1.0000 0.1020 0.1020
v 0.088549 -1.273132 1.053610 1.0000 0.1020 0.1020
v 0.088549 -1.163519 1.165508 1.0000 0.1020 0.1020
v 0.088549 -1.043466 1.266122 1.0000 0.1020 0.1020
v 0.088549 -0.914128 1.354484 1.0000 0.1020 0.1020
v 0.088549 -0.776753 1.429744 1.0000 0.1020 0.1020
v 0.088549 -0.632662 1.491176 1.0000 0.1020 0.1020
v 0.088549 -0.451323 -1.558299 1.0000 0.1020 0.1020
v 0.088549 -0.483244 1.538188 1.0000 0.1020 0.1020
v 0.088549 -0.329937 1.570330 1.0000 0.1020 0.1020
v 0.088549 -0.747005 -1.455929 1.0000 0.1020 0.1020
v 0.088549 -0.174218 1.587289 1.0000 0.1020 0.1020
v 0.088549 -0.017586 1.588905 1.0000 0.1020 0.1020
v 0.088549 0.138375 1.575158 1.0000 0.1020 0.1020
v 0.088549 -1.251032 -1.090109 1.0000 0.1020 0.1020
v 0.088549 0.442081 1.502260 1.0000 0.1020 0.1020
v 0.088549 -1.351646 -0.970054 1.0000 0.1020 0.1020
v 0.088549 -1.440009 -0.840718 1.0000 0.1020 0.1020
v 0.088549 0.725006 1.371393 1.0000 0.1020 0.1020
v 0.088549 -1.515269 -0.703344 1.0000 0.1020 0.1020
v 0.088549 0.855185 1.285713 1.0000 0.1020 0.1020
v 0.088549 -1.623714 -0.409832 1.0000 0.1020 0.1020
v 0.088549 1.086618 1.077971 1.0000 0.1020 0.1020
v 0.088549 -1.655855 -0.256528 1.0000 0.1020 0.1020
v 0.088549 -1.672814 -0.100808 1.0000 0.1020 0.1020
v 0.088549 1.185600 0.957911 1.0000 0.1020 0.1020
v 0.413412 -0.598538 1.398817 1.0000 0.1020 0.1020
v 0.328037 -0.620774 1.459002 1.0000 0.1020 0.1020
v 0.413412 0.124815 1.477620 1.0000 0.1020 0.1020
v 0.328037 0.133642 1.541178 1.0000 0.1020 0.1020
v 0.413412 -1.356083 -0.789231 1.0000 0.1020 0.1020
v 0.328037 -1.410772 -0.822782 1.0000 0.1020 0.1020
v 0.413411 1.346189 -0.355105 1.0000 0.1020 0.1020
v 0.328037 1.405135 -0.370069 1.0000 0.1020 0.1020
v 0.413412 -1.528455 -0.384928 1.0000 0.1020 0.1020
v 0.328037 -1.590529 -0.401155 1.0000 0.1020 0.1020
v 0.413411 1.106732 0.898444 1.0000 0.1020 0.1020
v 0.328037 1.158036 0.937195 1.0000 0.1020 0.1020
v 0.413412 -1.574528 -0.094963 1.0000 0.1020 0.1020
v 0.328037 -1.638575 -0.098770 1.0000 0.1020 0.1020
v 0.413411 1.187818 0.777077 1.0000 0.1020 0.1020
v 0.328037 1.242640 0.810628 1.0000 0.1020 0.1020
v 0.413411 1.338684 0.372684 1.0000 0.1020 0.1020
v 0.328037 1.397310 0.388900 1.0000 0.1020 0.1020
v 0.413411 1.362242 0.228806 1.0000 0.1020 0.1020
v 0.328037 1.422249 0.238861 1.0000 0.1020 0.1020
v 0.413412 0.438667 -1.410935 1.0000 0.1020 0.1020
v 0.328037 0.461040 -1.471121 1.0000 0.1020 0.1020
v 0.413412 -1.199500 0.988244 1.0000 0.1020 0.1020
v 0.328037 -1.247482 1.030839 1.0000 0.1020 0.1020
v 0.413412 -0.137534 -1.502635 1.0000 0.1020 0.1020
v 0.328037 -0.140021 -1.566745 1.0000 0.1020 0.1020
v 0.413412 -0.458336 1.442931 1.0000 0.1020 0.1020
v 0.328037 -0.474567 1.505005 1.0000 0.1020 0.1020
v 0.413412 -0.836157 -1.298546 1.0000 0.1020 0.1020
v 0.328037 -0.868573 -1.353915 1.0000 0.1020 0.1020
v 0.413412 0.268962 1.450432 1.0000 0.1020 0.1020
v 0.328037 0.284014 1.512828 1.0000 0.1020 0.1020
v 0.413412 0.796941 1.206027 1.0000 0.1020 0.1020
v 0.328037 0.834821 1.257953 1.0000 0.1020 0.1020
v 0.413411 1.322189 -0.496115 1.0000 0.1020 0.1020
v 0.328037 1.373630 -0.517144 1.0000 0.1020 0.1020
v 0.413412 -1.558614 -0.241076 1.0000 0.1020 0.1020
v 0.328037 -1.621980 -0.251143 1.0000 0.1020 0.1020
v 0.413412 1.203694 -0.762790 1.0000 0.1020 0.1020
v 0.328037 1.259196 -0.795206 1.0000 0.1020 0.1020
v 0.413412 1.125126 -0.885824 1.0000 0.1020 0.1020
v 0.328037 1.177218 -0.923508 1.0000 0.1020 0.1020
v 0.413412 1.034667 -1.000385 1.0000 0.1020 0.1020
v 0.328037 1.082834 -1.042981 1.0000 0.1020 0.1020
v 0.413412 -1.439903 0.620301 1.0000 0.1020 0.1020
v 0.328037 -1.498183 0.647133 1.0000 0.1020 0.1020
v 0.413411 1.375457 0.082684 1.0000 0.1020 0.1020
v 0.328037 1.434680 0.086471 1.0000 0.1020 0.1020
v 0.413411 1.376972 -0.064289 1.0000 0.1020 0.1020
v 0.328037 1.436260 -0.066793 1.0000 0.1020 0.1020
v 0.413412 -0.984001 1.187646 1.0000 0.1020 0.1020
v 0.328037 -1.022751 1.238784 1.0000 0.1020 0.1020
v 0.413412 0.009400 -1.501117 1.0000 0.1020 0.1020
v 0.328037 0.013234 -1.565164 1.0000 0.1020 0.1020
v 0.413412 -0.862642 1.270558 1.0000 0.1020 0.1020
v 0.328037 -0.896192 1.325248 1.0000 0.1020 0.1020
v 0.413412 -0.283944 -1.489735 1.0000 0.1020 0.1020
v 0.328037 -0.292703 -1.553293 1.0000 0.1020 0.1020
v 0.413412 -0.428385 -1.462548 1.0000 0.1020 0.1020
v 0.328037 -0.443332 -1.524942 1.0000 0.1020 0.1020
v 0.413412 -0.569465 -1.421335 1.0000 0.1020 0.1020
v 0.328037 -0.590457 -1.481962 1.0000 0.1020 0.1020
v 0.413412 -0.314486 1.473089 1.0000 0.1020 0.1020
v 0.328037 -0.324554 1.536456 1.0000 0.1020 0.1020
v 0.413412 -0.705827 -1.366492 1.0000 0.1020 0.1020
v 0.328037 -0.732660 -1.424772 1.0000 0.1020 0.1020
v 0.413412 -0.168373 1.489003 1.0000 0.1020 0.1020
v 0.328037 -0.172182 1.553050 1.0000 0.1020 0.1020
v 0.413412 -0.021439 1.490519 1.0000 0.1020 0.1020
v 0.328037 -0.018925 1.554629 1.0000 0.1020 0.1020
v 0.413412 -0.959199 -1.218155 1.0000 0.1020 0.1020
v 0.328037 -0.996886 -1.270078 1.0000 0.1020 0.1020
v 0.413412 -1.073769 -1.126091 1.0000 0.1020 0.1020
v 0.328037 -1.116364 -1.174071 1.0000 0.1020 0.1020
v 0.413412 -1.178763 -1.023236 1.0000 0.1020 0.1020
v 0.328037 -1.225856 -1.066810 1.0000 0.1020 0.1020
v 0.413412 0.409596 1.409217 1.0000 0.1020 0.1020
v 0.328037 0.430724 1.469848 1.0000 0.1020 0.1020
v 0.413412 -1.273171 -0.910592 1.0000 0.1020 0.1020
v 0.328037 -1.324308 -0.949341 1.0000 0.1020 0.1020
v 0.413412 0.545345 1.354371 1.0000 0.1020 0.1020
v 0.328037 0.572340 1.412652 1.0000 0.1020 0.1020
v 0.413412 0.674882 1.286422 1.0000 0.1020 0.1020
v 0.328037 0.707479 1.341794 1.0000 0.1020 0.1020
v 0.413412 -1.426700 -0.660329 1.0000 0.1020 0.1020
v 0.328037 -1.484415 -0.688358 1.0000 0.1020 0.1020
v 0.413412 -1.484342 -0.525128 1.0000 0.1020 0.1020
v 0.328037 -1.544526 -0.547364 1.0000 0.1020 0.1020
v 0.413412 0.910328 1.113956 1.0000 0.1020 0.1020
v 0.328037 0.953118 1.161939 1.0000 0.1020 0.1020
v 0.413412 1.013931 1.011099 1.0000 0.1020 0.1020
v 0.328037 1.061211 1.054676 1.0000 0.1020 0.1020
v 0.413412 1.269597 -0.632467 1.0000 0.1020 0.1020
v 0.328037 1.327957 -0.659301 1.0000 0.1020 0.1020
v 0.413412 -1.576043 0.052007 1.0000 0.1020 0.1020
v 0.328037 -1.640155 0.054495 1.0000 0.1020 0.1020
v 0.413411 1.256393 0.648168 1.0000 0.1020 0.1020
v 0.328037 1.314188 0.676198 1.0000 0.1020 0.1020
v 0.413412 -1.563145 0.198417 1.0000 0.1020 0.1020
v 0.328037 -1.626705 0.207178 1.0000 0.1020 0.1020
v 0.413411 1.311784 0.512956 1.0000 0.1020 0.1020
v 0.328037 1.362775 0.535155 1.0000 0.1020 0.1020
v 0.413412 -1.535959 0.342859 1.0000 0.1020 0.1020
v 0.328037 -1.598354 0.357805 1.0000 0.1020 0.1020
v 0.413412 0.933206 -1.105375 1.0000 0.1020 0.1020
v 0.328037 0.976976 -1.152468 1.0000 0.1020 0.1020
v 0.413412 -1.494746 0.483939 1.0000 0.1020 0.1020
v 0.328037 -1.555375 0.504931 1.0000 0.1020 0.1020
v 0.413412 0.821742 -1.199778 1.0000 0.1020 0.1020
v 0.328037 0.860683 -1.250912 1.0000 0.1020 0.1020
v 0.413412 0.701365 -1.282683 1.0000 0.1020 0.1020
v 0.328037 0.735097 -1.337371 1.0000 0.1020 0.1020
v 0.413412 -1.371958 0.750631 1.0000 0.1020 0.1020
v 0.328037 -1.427327 0.783047 1.0000 0.1020 0.1020
v 0.413412 0.573256 -1.353296 1.0000 0.1020 0.1020
v 0.328037 0.601447 -1.411011 1.0000 0.1020 0.1020
v 0.328037 1.426974 -0.219461 1.0000 0.1020 0.1020
v 0.413411 1.366774 -0.210686 1.0000 0.1020 0.1020
v 0.413412 -1.291566 0.873675 1.0000 0.1020 0.1020
v 0.328037 -1.343491 0.911361 1.0000 0.1020 0.1020
v 0.328037 -1.140224 1.140331 1.0000 0.1020 0.1020
v 0.413412 -1.096649 1.093238 1.0000 0.1020 0.1020
v 0.413412 0.298913 -1.455048 1.0000 0.1020 0.1020
v 0.328037 0.315247 -1.517119 1.0000 0.1020 0.1020
v 0.328037 0.165492 -1.548569 1.0000 0.1020 0.1020
v 0.413412 0.155357 -1.485205 1.0000 0.1020 0.1020
v 0.328037 -0.761769 1.398889 1.0000 0.1020 0.1020
v 0.413412 -0.733740 1.341176 1.0000 0.1020 0.1020
v 0.460020 -0.431659 1.340904 1.0000 0.1020 0.1020
v 0.460020 -0.661723 -1.270698 1.0000 0.1020 0.1020
v 0.460020 -0.897255 -1.132806 1.0000 0.1020 0.1020
v 0.460020 -1.331838 -0.614261 1.0000 0.1020 0.1020
v 0.460020 0.734714 1.120678 1.0000 0.1020 0.1020
v 0.460020 -1.385421 -0.488580 1.0000 0.1020 0.1020
v 0.460020 1.222816 -0.461612 1.0000 0.1020 0.1020
v 0.460020 1.112610 -0.709509 1.0000 0.1020 0.1020
v 0.460020 1.039608 -0.823877 1.0000 0.1020 0.1020
v 0.460020 -1.458675 0.184019 1.0000 0.1020 0.1020
v 0.460020 0.955569 -0.930373 1.0000 0.1020 0.1020
v 0.460020 0.861315 -1.027969 1.0000 0.1020 0.1020
v 0.460020 -1.344110 0.576198 1.0000 0.1020 0.1020
v 0.460020 0.645939 -1.192796 1.0000 0.1020 0.1020
v 0.460021 1.275758 0.076446 1.0000 0.1020 0.1020
v 0.460020 0.526925 -1.258436 1.0000 0.1020 0.1020
v 0.460020 -1.206218 0.811730 1.0000 0.1020 0.1020
v 0.460020 0.272047 -1.353021 1.0000 0.1020 0.1020
v 0.460020 -0.920310 1.103595 1.0000 0.1020 0.1020
v 0.460020 -0.687671 1.246313 1.0000 0.1020 0.1020
v 0.460020 -0.269546 -1.385263 1.0000 0.1020 0.1020
v 0.460020 -0.561988 1.299897 1.0000 0.1020 0.1020
v 0.460020 -0.403816 -1.359992 1.0000 0.1020 0.1020
v 0.460020 -0.162124 1.383732 1.0000 0.1020 0.1020
v 0.460020 -1.003757 -1.047225 1.0000 0.1020 0.1020
v 0.460020 -1.101359 -0.951616 1.0000 0.1020 0.1020
v 0.460020 1.248962 -0.330513 1.0000 0.1020 0.1020
v 0.460021 1.173870 -0.588361 1.0000 0.1020 0.1020
v 0.460020 -1.469256 -0.088703 1.0000 0.1020 0.1020
v 0.460020 -1.433403 0.318291 1.0000 0.1020 0.1020
v 0.460020 1.241984 0.346029 1.0000 0.1020 0.1020
v 0.460020 0.757768 -1.115726 1.0000 0.1020 0.1020
v 0.460020 -1.280950 0.697351 1.0000 0.1020 0.1020
v 0.460020 0.401887 -1.312014 1.0000 0.1020 0.1020
v 0.460020 0.138673 -1.381055 1.0000 0.1020 0.1020
v 0.460020 0.003065 -1.395847 1.0000 0.1020 0.1020
v 0.460020 -0.133456 -1.397255 1.0000 0.1020 0.1020
v -0.187394 1.391567 0.547032 1.0000 0.1020 0.1020
v -0.187394 1.109076 -1.065744 1.0000 0.1020 0.1020
v -0.187394 1.346079 0.691189 1.0000 0.1020 0.1020
v -0.187394 1.272712 0.828571 1.0000 0.1020 0.1020
v -0.187394 1.289635 -0.812528 1.0000 0.1020 0.1020
v -0.187394 1.186068 0.957915 1.0000 0.1020 0.1020
v -0.187394 1.360155 -0.673635 1.0000 0.1020 0.1020
v -0.187394 1.086973 1.077973 1.0000 0.1020 0.1020
v -0.187394 0.976387 1.187593 1.0000 0.1020 0.1020
v -0.187394 1.437448 -0.378059 1.0000 0.1020 0.1020
v -0.187394 0.855389 1.285716 1.0000 0.1020 0.1020
v -0.187394 0.725157 1.371395 1.0000 0.1020 0.1020
v -0.187394 0.586964 1.443810 1.0000 0.1020 0.1020
v -0.187394 0.442157 1.502260 1.0000 0.1020 0.1020
v -0.187394 0.292149 1.546184 1.0000 0.1020 0.1020
v -0.187394 0.138401 1.575159 1.0000 0.1020 0.1020
v -0.187394 -0.174217 1.587289 1.0000 0.1020 0.1020
v -0.187394 -0.483243 1.538188 1.0000 0.1020 0.1020
v -0.187394 -0.632661 1.491176 1.0000 0.1020 0.1020
v -0.187394 -0.776751 1.429744 1.0000 0.1020 0.1020
v -0.187394 -0.141350 -1.601019 1.0000 0.1020 0.1020
v -0.187394 0.170953 -1.582444 1.0000 0.1020 0.1020
v -0.187394 1.461394 -0.224142 1.0000 0.1020 0.1020
v -0.187394 -1.371249 0.931510 1.0000 0.1020 0.1020
v -0.187394 1.473388 -0.068105 1.0000 0.1020 0.1020
v -0.187394 0.616714 -1.441861 1.0000 0.1020 0.1020
v -0.187394 1.471773 0.088525 1.0000 0.1020 0.1020
v -0.187394 1.456564 0.244249 1.0000 0.1020 0.1020
v -0.187394 1.429450 0.397577 1.0000 0.1020 0.1020
v -0.187394 1.000774 -1.177640 1.0000 0.1020 0.1020
v -0.187394 -1.631709 0.365799 1.0000 0.1020 0.1020
v -0.187394 -1.660683 0.211861 1.0000 0.1020 0.1020
v -0.187394 1.205675 -0.943649 1.0000 0.1020 0.1020
v -0.187394 -1.674429 0.055826 1.0000 0.1020 0.1020
v -0.187394 -1.672814 -0.100802 1.0000 0.1020 0.1020
v -0.187394 -1.655855 -0.256524 1.0000 0.1020 0.1020
v -0.187394 1.402659 -0.528375 1.0000 0.1020 0.1020
v -0.187394 -1.623714 -0.409832 1.0000 0.1020 0.1020
v -0.187394 -1.576701 -0.559249 1.0000 0.1020 0.1020
v -0.187394 -1.515269 -0.703340 1.0000 0.1020 0.1020
v -0.187394 -1.440010 -0.840715 1.0000 0.1020 0.1020
v -0.187394 -1.351648 -0.970054 1.0000 0.1020 0.1020
v -0.187394 -1.251034 -1.090104 1.0000 0.1020 0.1020
v -0.187394 -1.139136 -1.199723 1.0000 0.1020 0.1020
v -0.187394 -1.017034 -1.297839 1.0000 0.1020 0.1020
v -0.187394 -0.017586 1.588905 1.0000 0.1020 0.1020
v -0.187394 -0.885903 -1.383515 1.0000 0.1020 0.1020
v -0.187394 -0.747005 -1.455929 1.0000 0.1020 0.1020
v -0.187394 -0.329936 1.570330 1.0000 0.1020 0.1020
v -0.187394 -0.601679 -1.514376 1.0000 0.1020 0.1020
v -0.187394 -0.451323 -1.558299 1.0000 0.1020 0.1020
v -0.187394 -0.297386 -1.587270 1.0000 0.1020 0.1020
v -0.187394 -0.914126 1.354485 1.0000 0.1020 0.1020
v -0.187394 0.015281 -1.599403 1.0000 0.1020 0.1020
v -0.187394 -1.043464 1.266123 1.0000 0.1020 0.1020
v -0.187394 -1.163517 1.165509 1.0000 0.1020 0.1020
v -0.187394 0.324071 -1.550304 1.0000 0.1020 0.1020
v -0.187394 -1.273131 1.053612 1.0000 0.1020 0.1020
v -0.187394 0.473143 -1.503292 1.0000 0.1020 0.1020
v -0.187394 -1.456926 0.800379 1.0000 0.1020 0.1020
v -0.187394 0.753386 -1.366604 1.0000 0.1020 0.1020
v -0.187394 -1.529338 0.661481 1.0000 0.1020 0.1020
v -0.187394 -1.587787 0.516155 1.0000 0.1020 0.1020
v -0.187394 0.881824 -1.278247 1.0000 0.1020 0.1020
v -0.512257 -0.959200 -1.218155 1.0000 0.1020 0.1020
v -0.426882 -0.996887 -1.270078 1.0000 0.1020 0.1020
v -0.512257 -0.283943 -1.489735 1.0000 0.1020 0.1020
v -0.426882 -0.292703 -1.553293 1.0000 0.1020 0.1020
v -0.512257 -1.096647 1.093240 1.0000 0.1020 0.1020
v -0.426883 -1.140222 1.140334 1.0000 0.1020 0.1020
v -0.512257 1.385646 -0.064248 1.0000 0.1020 0.1020
v -0.426883 1.445664 -0.066749 1.0000 0.1020 0.1020
v -0.512257 -1.371957 0.750633 1.0000 0.1020 0.1020
v -0.426882 -1.427326 0.783049 1.0000 0.1020 0.1020
v -0.512257 0.822794 -1.199769 1.0000 0.1020 0.1020
v -0.426882 0.861481 -1.250909 1.0000 0.1020 0.1020
v -0.512257 -1.494745 0.483942 1.0000 0.1020 0.1020
v -0.426882 -1.555375 0.504933 1.0000 0.1020 0.1020
v -0.512257 0.934544 -1.105366 1.0000 0.1020 0.1020
v -0.426882 0.977993 -1.152458 1.0000 0.1020 0.1020
v -0.512257 1.206386 -0.762773 1.0000 0.1020 0.1020
v -0.426883 1.261282 -0.795192 1.0000 0.1020 0.1020
v -0.512257 1.273034 -0.632450 1.0000 0.1020 0.1020
v -0.426883 1.330658 -0.659286 1.0000 0.1020 0.1020
v -0.512257 0.797989 1.206032 1.0000 0.1020 0.1020
v -0.426883 0.835614 1.257957 1.0000 0.1020 0.1020
v -0.512257 -1.426701 -0.660329 1.0000 0.1020 0.1020
v -0.426882 -1.484416 -0.688357 1.0000 0.1020 0.1020
v -0.512257 0.269248 1.450433 1.0000 0.1020 0.1020
v -0.426883 0.284216 1.512829 1.0000 0.1020 0.1020
v -0.512257 -0.836158 -1.298546 1.0000 0.1020 0.1020
v -0.426882 -0.868574 -1.353915 1.0000 0.1020 0.1020
v -0.512257 -0.458335 1.442931 1.0000 0.1020 0.1020
v -0.426883 -0.474566 1.505005 1.0000 0.1020 0.1020
v -0.512257 -0.137533 -1.502635 1.0000 0.1020 0.1020
v -0.426882 -0.140021 -1.566745 1.0000 0.1020 0.1020
v -0.512257 0.439108 -1.410933 1.0000 0.1020 0.1020
v -0.426882 0.461364 -1.471120 1.0000 0.1020 0.1020
v -0.512257 1.384131 0.082724 1.0000 0.1020 0.1020
v -0.426883 1.444084 0.086515 1.0000 0.1020 0.1020
v -0.512257 -1.439902 0.620303 1.0000 0.1020 0.1020
v -0.426883 -1.498182 0.647136 1.0000 0.1020 0.1020
v -0.512257 1.344439 0.372712 1.0000 0.1020 0.1020
v -0.426883 1.402133 0.388924 1.0000 0.1020 0.1020
v -0.512257 1.316222 0.512979 1.0000 0.1020 0.1020
v -0.426883 1.366337 0.535174 1.0000 0.1020 0.1020
v -0.512257 1.259828 0.648186 1.0000 0.1020 0.1020
v -0.426883 1.316887 0.676210 1.0000 0.1020 0.1020
v -0.512257 -1.558615 -0.241074 1.0000 0.1020 0.1020
v -0.426882 -1.621980 -0.251143 1.0000 0.1020 0.1020
v -0.512257 1.326628 -0.496092 1.0000 0.1020 0.1020
v -0.426883 1.377193 -0.517125 1.0000 0.1020 0.1020
v -0.512257 1.351945 -0.355077 1.0000 0.1020 0.1020
v -0.426883 1.409959 -0.370042 1.0000 0.1020 0.1020
v -0.512257 -1.273172 -0.910588 1.0000 0.1020 0.1020
v -0.426882 -1.324310 -0.949338 1.0000 0.1020 0.1020
v -0.512257 0.410033 1.409219 1.0000 0.1020 0.1020
v -0.426882 0.431045 1.469849 1.0000 0.1020 0.1020
v -0.512257 -1.178765 -1.023236 1.0000 0.1020 0.1020
v -0.426882 -1.225858 -1.066810 1.0000 0.1020 0.1020
v -0.512257 0.124968 1.477620 1.0000 0.1020 0.1020
v -0.426883 0.133740 1.541180 1.0000 0.1020 0.1020
v -0.512257 -0.021403 1.490518 1.0000 0.1020 0.1020
v -0.426883 -0.018916 1.554630 1.0000 0.1020 0.1020
v -0.512257 -0.168373 1.489003 1.0000 0.1020 0.1020
v -0.426883 -0.172181 1.553050 1.0000 0.1020 0.1020
v -0.512257 -0.705828 -1.366492 1.0000 0.1020 0.1020
v -0.426882 -0.732660 -1.424772 1.0000 0.1020 0.1020
v -0.512257 -0.314486 1.473089 1.0000 0.1020 0.1020
v -0.426883 -0.324554 1.536454 1.0000 0.1020 0.1020
v -0.512257 -0.569466 -1.421335 1.0000 0.1020 0.1020
v -0.426882 -0.590457 -1.481962 1.0000 0.1020 0.1020
v -0.512257 -0.428385 -1.462548 1.0000 0.1020 0.1020
v -0.426882 -0.443332 -1.524942 1.0000 0.1020 0.1020
v -0.512257 -0.598536 1.398817 1.0000 0.1020 0.1020
v -0.426883 -0.620773 1.459002 1.0000 0.1020 0.1020
v -0.512257 -0.733739 1.341176 1.0000 0.1020 0.1020
v -0.426883 -0.761767 1.398891 1.0000 0.1020 0.1020
v -0.512257 -0.862640 1.270559 1.0000 0.1020 0.1020
v -0.426882 -0.896190 1.325248 1.0000 0.1020 0.1020
v -0.512257 0.009437 -1.501117 1.0000 0.1020 0.1020
v -0.426882 0.013245 -1.565164 1.0000 0.1020 0.1020
v -0.512257 -0.983999 1.187647 1.0000 0.1020 0.1020
v -0.426882 -1.022748 1.238785 1.0000 0.1020 0.1020
v -0.512257 0.155512 -1.485205 1.0000 0.1020 0.1020
v -0.426883 0.165591 -1.548568 1.0000 0.1020 0.1020
v -0.512257 0.299201 -1.455046 1.0000 0.1020 0.1020
v -0.426882 0.315453 -1.517118 1.0000 0.1020 0.1020
v -0.512257 -1.199499 0.988247 1.0000 0.1020 0.1020
v -0.426883 -1.247481 1.030840 1.0000 0.1020 0.1020
v -0.512257 -1.291564 0.873676 1.0000 0.1020 0.1020
v -0.426882 -1.343490 0.911363 1.0000 0.1020 0.1020
v -0.512257 0.573870 -1.353294 1.0000 0.1020 0.1020
v -0.426882 0.601906 -1.411009 1.0000 0.1020 0.1020
v -0.512257 0.702180 -1.282680 1.0000 0.1020 0.1020
v -0.426882 0.735712 -1.337368 1.0000 0.1020 0.1020
v -0.512257 1.369690 0.228842 1.0000 0.1020 0.1020
v -0.426883 1.428944 0.238893 1.0000 0.1020 0.1020
v -0.512257 -1.535958 0.342860 1.0000 0.1020 0.1020
v -0.426882 -1.598354 0.357808 1.0000 0.1020 0.1020
v -0.512257 1.036354 -1.000375 1.0000 0.1020 0.1020
v -0.426882 1.084123 -1.042971 1.0000 0.1020 0.1020
v -0.512257 -1.563145 0.198418 1.0000 0.1020 0.1020
v -0.426882 -1.626704 0.207179 1.0000 0.1020 0.1020
v -0.512257 1.127253 -0.885811 1.0000 0.1020 0.1020
v -0.426883 1.178851 -0.923502 1.0000 0.1020 0.1020
v -0.512257 -1.576043 0.052008 1.0000 0.1020 0.1020
v -0.426882 -1.640155 0.054497 1.0000 0.1020 0.1020
v -0.512257 1.190508 0.777093 1.0000 0.1020 0.1020
v -0.426883 1.244723 0.810641 1.0000 0.1020 0.1020
v -0.512257 -1.574527 -0.094960 1.0000 0.1020 0.1020
v -0.426882 -1.638575 -0.098770 1.0000 0.1020 0.1020
v -0.512257 1.108855 0.898456 1.0000 0.1020 0.1020
v -0.426883 1.159666 0.937203 1.0000 0.1020 0.1020
v -0.512257 1.015614 1.011107 1.0000 0.1020 0.1020
v -0.426883 1.062495 1.054681 1.0000 0.1020 0.1020
v -0.512257 -1.528456 -0.384924 1.0000 0.1020 0.1020
v -0.426882 -1.590530 -0.401155 1.0000 0.1020 0.1020
v -0.512257 0.911662 1.113963 1.0000 0.1020 0.1020
v -0.426883 0.954131 1.161945 1.0000 0.1020 0.1020
v -0.426883 1.433670 -0.219433 1.0000 0.1020 0.1020
v -0.512257 1.374222 -0.210656 1.0000 0.1020 0.1020
v -0.512257 -1.484343 -0.525124 1.0000 0.1020 0.1020
v -0.426882 -1.544527 -0.547360 1.0000 0.1020 0.1020
v -0.426882 -1.410773 -0.822778 1.0000 0.1020 0.1020
v -0.512257 -1.356084 -0.789227 1.0000 0.1020 0.1020
v -0.512257 0.675693 1.286426 1.0000 0.1020 0.1020
v -0.426883 0.708090 1.341797 1.0000 0.1020 0.1020
v -0.426883 0.572795 1.412654 1.0000 0.1020 0.1020
v -0.512257 0.545955 1.354374 1.0000 0.1020 0.1020
v -0.426882 -1.116365 -1.174071 1.0000 0.1020 0.1020
v -0.512257 -1.073770 -1.126091 1.0000 0.1020 0.1020
v -0.558865 -0.782877 -1.207540 1.0000 0.1020 0.1020
v -0.558865 -0.297937 1.368939 1.0000 0.1020 0.1020
v -0.558865 -0.431658 1.340904 1.0000 0.1020 0.1020
v -0.558865 -0.403816 -1.359992 1.0000 0.1020 0.1020
v -0.558865 -0.561987 1.299897 1.0000 0.1020 0.1020
v -0.558865 -0.133445 -1.397255 1.0000 0.1020 0.1020
v -0.558865 0.003172 -1.395846 1.0000 0.1020 0.1020
v -0.558865 -0.920308 1.103596 1.0000 0.1020 0.1020
v -0.558865 -1.120635 0.918234 1.0000 0.1020 0.1020
v -0.558865 0.402449 -1.312012 1.0000 0.1020 0.1020
v -0.558865 -1.206217 0.811731 1.0000 0.1020 0.1020
v -0.558865 0.527682 -1.258433 1.0000 0.1020 0.1020
v -0.558866 1.283407 0.076481 1.0000 0.1020 0.1020
v -0.558865 0.646923 -1.192787 1.0000 0.1020 0.1020
v -0.558865 -1.344110 0.576200 1.0000 0.1020 0.1020
v -0.558866 1.247864 0.346056 1.0000 0.1020 0.1020
v -0.558866 1.217899 0.476432 1.0000 0.1020 0.1020
v -0.558865 -1.458675 0.184022 1.0000 0.1020 0.1020
v -0.558866 1.165387 0.602118 1.0000 0.1020 0.1020
v -0.558866 1.100883 0.721946 1.0000 0.1020 0.1020
v -0.558865 -1.469256 -0.088699 1.0000 0.1020 0.1020
v -0.558865 -1.454464 -0.224525 1.0000 0.1020 0.1020
v -0.558865 0.938246 0.939485 1.0000 0.1020 0.1020
v -0.558866 1.227571 -0.461587 1.0000 0.1020 0.1020
v -0.558866 0.841614 1.035098 1.0000 0.1020 0.1020
v -0.558866 1.254843 -0.330484 1.0000 0.1020 0.1020
v -0.558865 -1.385422 -0.488576 1.0000 0.1020 0.1020
v -0.558866 0.622301 1.195418 1.0000 0.1020 0.1020
v -0.558865 -1.189120 -0.846898 1.0000 0.1020 0.1020
v -0.558865 -1.101360 -0.951612 1.0000 0.1020 0.1020
v -0.558865 -1.003759 -1.047225 1.0000 0.1020 0.1020
v -0.558865 0.110521 1.373150 1.0000 0.1020 0.1020
v -0.558865 -0.897255 -1.132806 1.0000 0.1020 0.1020
v -0.558865 -0.025496 1.385140 1.0000 0.1020 0.1020
v -0.558865 -0.162113 1.383732 1.0000 0.1020 0.1020
v -0.558865 -0.661724 -1.270698 1.0000 0.1020 0.1020
v -0.558865 -0.534963 -1.321681 1.0000 0.1020 0.1020
v -0.558865 -0.269546 -1.385263 1.0000 0.1020 0.1020
v -0.558865 -0.687670 1.246314 1.0000 0.1020 0.1020
v -0.558865 -0.807494 1.180668 1.0000 0.1020 0.1020
v -0.558865 0.138914 -1.381054 1.0000 0.1020 0.1020
v -0.558865 -1.025024 1.015836 1.0000 0.1020 0.1020
v -0.558865 0.272439 -1.353019 1.0000 0.1020 0.1020
v -0.558866 1.284815 -0.060139 1.0000 0.1020 0.1020
v -0.558865 -1.280949 0.697353 1.0000 0.1020 0.1020
v -0.558866 1.270192 0.212312 1.0000 0.1020 0.1020
v -0.558865 0.759018 -1.115717 1.0000 0.1020 0.1020
v -0.558865 -1.395091 0.449440 1.0000 0.1020 0.1020
v -0.558865 0.862885 -1.027963 1.0000 0.1020 0.1020
v -0.558865 -1.433403 0.318292 1.0000 0.1020 0.1020
v -0.558865 0.957526 -0.930365 1.0000 0.1020 0.1020
v -0.558865 1.042042 -0.823867 1.0000 0.1020 0.1020
v -0.558865 -1.470665 0.047922 1.0000 0.1020 0.1020
v -0.558866 1.115643 -0.709491 1.0000 0.1020 0.1020
v -0.558865 1.024940 0.834765 1.0000 0.1020 0.1020
v -0.558866 1.177663 -0.588344 1.0000 0.1020 0.1020
v -0.558865 -1.426429 -0.358247 1.0000 0.1020 0.1020
v -0.558866 1.274404 -0.196239 1.0000 0.1020 0.1020
v -0.558866 0.735961 1.120685 1.0000 0.1020 0.1020
v -0.558865 -1.331838 -0.614257 1.0000 0.1020 0.1020
v -0.558865 -1.266194 -0.734085 1.0000 0.1020 0.1020
v -0.558866 0.501733 1.258581 1.0000 0.1020 0.1020
v -0.558865 0.375422 1.309565 1.0000 0.1020 0.1020
v -0.558865 0.244595 1.347876 1.0000 0.1020 0.1020
v -0.577152 1.124980 -0.053482 1.0000 0.1020 0.1020
v -0.577152 1.123744 0.066397 1.0000 0.1020 0.1020
v -0.577152 1.114521 0.185595 1.0000 0.1020 0.1020
v -0.577152 1.093854 0.302945 1.0000 0.1020 0.1020
v -0.577152 1.058571 0.417308 1.0000 0.1020 0.1020
v -0.577152 1.012410 0.527593 1.0000 0.1020 0.1020
v -0.577152 0.955749 0.632738 1.0000 0.1020 0.1020
v -0.577152 0.889078 0.731733 1.0000 0.1020 0.1020
v -0.577152 0.813001 0.823620 1.0000 0.1020 0.1020
v -0.577152 0.728225 0.907518 1.0000 0.1020 0.1020
v -0.577152 0.635554 0.982616 1.0000 0.1020 0.1020
v -0.577152 0.535872 1.048193 1.0000 0.1020 0.1020
v -0.577152 0.430139 1.103617 1.0000 0.1020 0.1020
v -0.577152 0.319376 1.148351 1.0000 0.1020 0.1020
v -0.577152 0.204656 1.181970 1.0000 0.1020 0.1020
v -0.577152 0.087092 1.204147 1.0000 0.1020 0.1020
v -0.577152 -0.032176 1.214668 1.0000 0.1020 0.1020
v -0.577152 -0.151990 1.213433 1.0000 0.1020 0.1020
v -0.577152 -0.271167 1.200452 1.0000 0.1020 0.1020
v -0.577152 -0.388502 1.175852 1.0000 0.1020 0.1020
v -0.577152 -0.502861 1.139870 1.0000 0.1020 0.1020
v -0.577152 -0.613143 1.092854 1.0000 0.1020 0.1020
v -0.577152 -0.718285 1.035252 1.0000 0.1020 0.1020
v -0.577152 -0.817275 0.967624 1.0000 0.1020 0.1020
v -0.577152 -0.909160 0.890618 1.0000 0.1020 0.1020
v -0.577152 -0.993054 0.804977 1.0000 0.1020 0.1020
v -0.577152 -1.068150 0.711523 1.0000 0.1020 0.1020
v -0.577152 -1.133724 0.611160 1.0000 0.1020 0.1020
v -0.577152 -1.189146 0.504852 1.0000 0.1020 0.1020
v -0.577152 -1.233880 0.393624 1.0000 0.1020 0.1020
v -0.577151 -1.267497 0.278547 1.0000 0.1020 0.1020
v -0.577151 -1.289672 0.160731 1.0000 0.1020 0.1020
v -0.577151 -1.300193 0.041308 1.0000 0.1020 0.1020
v -0.577151 -1.298957 -0.078575 1.0000 0.1020 0.1020
v -0.577151 -1.285978 -0.197755 1.0000 0.1020 0.1020
v -0.577151 -1.261378 -0.315092 1.0000 0.1020 0.1020
v -0.577151 -1.225396 -0.429450 1.0000 0.1020 0.1020
v -0.577151 -1.178378 -0.539735 1.0000 0.1020 0.1020
v -0.577151 -1.120777 -0.644873 1.0000 0.1020 0.1020
v -0.577151 -1.053148 -0.743864 1.0000 0.1020 0.1020
v -0.577151 -0.976142 -0.835749 1.0000 0.1020 0.1020
v -0.577151 -0.890500 -0.919641 1.0000 0.1020 0.1020
v -0.577151 -0.797047 -0.994741 1.0000 0.1020 0.1020
v -0.577151 -0.696684 -1.060314 1.0000 0.1020 0.1020
v -0.577151 -0.590377 -1.115735 1.0000 0.1020 0.1020
v -0.577151 -0.479149 -1.160469 1.0000 0.1020 0.1020
v -0.577151 -0.364072 -1.194086 1.0000 0.1020 0.1020
v -0.577151 -0.246254 -1.216261 1.0000 0.1020 0.1020
v -0.577151 -0.126834 -1.226783 1.0000 0.1020 0.1020
v -0.577151 -0.007020 -1.225546 1.0000 0.1020 0.1020
v -0.577151 0.112006 -1.212567 1.0000 0.1020 0.1020
v -0.577151 0.229089 -1.187968 1.0000 0.1020 0.1020
v -0.577151 0.343091 -1.151987 1.0000 0.1020 0.1020
v -0.577151 0.452909 -1.104972 1.0000 0.1020 0.1020
v -0.577151 0.557477 -1.047375 1.0000 0.1020 0.1020
v -0.577151 0.655786 -0.979746 1.0000 0.1020 0.1020
v -0.577151 0.746890 -0.902743 1.0000 0.1020 0.1020
v -0.577152 0.829917 -0.817105 1.0000 0.1020 0.1020
v -0.577152 0.904085 -0.723658 1.0000 0.1020 0.1020
v -0.577152 0.968700 -0.623299 1.0000 0.1020 0.1020
v -0.577152 1.023182 -0.516995 1.0000 0.1020 0.1020
v -0.577152 1.067058 -0.405770 1.0000 0.1020 0.1020
v -0.577152 1.099976 -0.290695 1.0000 0.1020 0.1020
v -0.577152 1.118221 -0.172894 1.0000 0.1020 0.1020
v -0.487645 0.836221 -0.041911 1.0000 0.1020 0.1020
v -0.487645 0.835286 0.048770 1.0000 0.1020 0.1020
v -0.487645 0.825564 0.138926 1.0000 0.1020 0.1020
v -0.487645 0.807239 0.227686 1.0000 0.1020 0.1020
v -0.487645 0.780464 0.314197 1.0000 0.1020 0.1020
v -0.487645 0.745463 0.397623 1.0000 0.1020 0.1020
v -0.487645 0.702539 0.477160 1.0000 0.1020 0.1020
v -0.487645 0.652073 0.552045 1.0000 0.1020 0.1020
v -0.487645 0.594523 0.621553 1.0000 0.1020 0.1020
v -0.487645 0.530423 0.685019 1.0000 0.1020 0.1020
v -0.487645 0.460377 0.741829 1.0000 0.1020 0.1020
v -0.487645 0.385051 0.791434 1.0000 0.1020 0.1020
v -0.487645 0.305167 0.833360 1.0000 0.1020 0.1020
v -0.487645 0.221492 0.867203 1.0000 0.1020 0.1020
v -0.487645 0.134834 0.892634 1.0000 0.1020 0.1020
v -0.487645 0.046032 0.909409 1.0000 0.1020 0.1020
v -0.487645 -0.044054 0.917369 1.0000 0.1020 0.1020
v -0.487645 -0.134551 0.916435 1.0000 0.1020 0.1020
v -0.487645 -0.224579 0.906617 1.0000 0.1020 0.1020
v -0.487645 -0.313265 0.888008 1.0000 0.1020 0.1020
v -0.487645 -0.399748 0.860790 1.0000 0.1020 0.1020
v -0.487645 -0.483171 0.825223 1.0000 0.1020 0.1020
v -0.487645 -0.562706 0.781649 1.0000 0.1020 0.1020
v -0.487645 -0.637588 0.730492 1.0000 0.1020 0.1020
v -0.487645 -0.707095 0.672239 1.0000 0.1020 0.1020
v -0.487645 -0.770558 0.607456 1.0000 0.1020 0.1020
v -0.487645 -0.827365 0.536762 1.0000 0.1020 0.1020
v -0.487645 -0.876969 0.460841 1.0000 0.1020 0.1020
v -0.487645 -0.918893 0.380425 1.0000 0.1020 0.1020
v -0.487645 -0.952733 0.296285 1.0000 0.1020 0.1020
v -0.487645 -0.978162 0.209235 1.0000 0.1020 0.1020
v -0.487645 -0.994937 0.120111 1.0000 0.1020 0.1020
v -0.487645 -1.002895 0.029771 1.0000 0.1020 0.1020
v -0.487645 -1.001961 -0.060915 1.0000 0.1020 0.1020
v -0.487645 -0.992142 -0.151070 1.0000 0.1020 0.1020
v -0.487645 -0.973533 -0.239826 1.0000 0.1020 0.1020
v -0.487645 -0.946315 -0.326338 1.0000 0.1020 0.1020
v -0.487645 -0.910747 -0.409760 1.0000 0.1020 0.1020
v -0.487645 -0.867175 -0.489295 1.0000 0.1020 0.1020
v -0.487645 -0.816016 -0.564176 1.0000 0.1020 0.1020
v -0.487645 -0.757764 -0.633687 1.0000 0.1020 0.1020
v -0.487645 -0.692980 -0.697149 1.0000 0.1020 0.1020
v -0.487645 -0.622287 -0.753954 1.0000 0.1020 0.1020
v -0.487645 -0.546366 -0.803557 1.0000 0.1020 0.1020
v -0.487645 -0.465949 -0.845482 1.0000 0.1020 0.1020
v -0.487645 -0.381810 -0.879322 1.0000 0.1020 0.1020
v -0.487645 -0.294785 -0.904752 1.0000 0.1020 0.1020
v -0.487645 -0.205733 -0.921526 1.0000 0.1020 0.1020
v -0.487645 -0.115521 -0.929483 1.0000 0.1020 0.1020
v -0.487645 -0.025025 -0.928550 1.0000 0.1020 0.1020
v -0.487645 0.064878 -0.918736 1.0000 0.1020 0.1020
v -0.487645 0.153316 -0.900125 1.0000 0.1020 0.1020
v -0.487645 0.239432 -0.872910 1.0000 0.1020 0.1020
v -0.487645 0.322391 -0.837343 1.0000 0.1020 0.1020
v -0.487645 0.401395 -0.793773 1.0000 0.1020 0.1020
v -0.487645 0.475682 -0.742618 1.0000 0.1020 0.1020
v -0.487645 0.544542 -0.684367 1.0000 0.1020 0.1020
v -0.487645 0.607319 -0.619585 1.0000 0.1020 0.1020
v -0.487645 0.663424 -0.548896 1.0000 0.1020 0.1020
v -0.487645 0.712336 -0.472979 1.0000 0.1020 0.1020
v -0.487645 0.753611 -0.392565 1.0000 0.1020 0.1020
v -0.487645 0.786884 -0.308426 1.0000 0.1020 0.1020
v -0.487645 0.811869 -0.221378 1.0000 0.1020 0.1020
v -0.487645 0.828360 -0.132257 1.0000 0.1020 0.1020
v -0.315696 -0.461197 -0.144431 1.0000 0.1020 0.6393
v -0.322021 -0.472552 -0.144544 1.0000 0.1020 0.6393
v -0.327383 -0.465534 -0.142324 1.0000 0.1020 0.6393
v -0.324640 -0.478227 -0.141788 1.0000 0.1020 0.6393
v -0.322021 -0.483906 -0.139028 1.0000 0.1020 0.6393
v -0.327383 -0.486513 -0.132131 1.0000 0.1020 0.6393
v -0.315696 -0.479006 -0.143388 1.0000 0.1020 0.6393
v -0.315696 -0.008391 -0.006108 0.1020 1.0000 0.4589
v -0.315696 -0.037882 -0.021995 0.1020 1.0000 0.4589
v -0.256390 -0.008508 -0.006108 0.1020 1.0000 0.4589
v -0.256390 -0.037993 -0.021995 0.1020 1.0000 0.4589
v -0.327383 -0.444076 0.178588 1.0000 0.6393 0.1020
v -0.330965 -0.436097 0.181103 1.0000 0.6393 0.1020
v -0.315696 -0.435246 0.187368 1.0000 0.6393 0.1020
v -0.261004 -0.476383 -0.150068 1.0000 0.1020 1.0000
v -0.260375 -0.465512 -0.151083 1.0000 0.1020 1.0000
v -0.259155 -0.455091 -0.147886 1.0000 0.1020 1.0000
v -0.260943 -0.486017 -0.145023 1.0000 0.1020 1.0000
v -0.272564 -0.454341 -0.146142 1.0000 0.1020 1.0000
v -0.276842 -0.475604 -0.148314 1.0000 0.1020 1.0000
v -0.278309 0.012915 -0.053609 1.0000 0.1020 1.0000
v -0.261004 -0.185171 -0.264477 1.0000 0.1020 1.0000
v -0.260375 -0.180867 -0.254421 1.0000 0.1020 1.0000
v -0.260943 -0.192905 -0.272108 1.0000 0.1020 1.0000
v -0.272564 -0.182091 -0.242247 1.0000 0.1020 1.0000
v -0.276842 -0.186575 -0.263201 1.0000 0.1020 1.0000
v -0.274823 -0.182271 -0.253168 1.0000 0.1020 1.0000
v -0.278309 -0.194310 -0.270794 1.0000 0.1020 1.0000
v -0.261004 0.012638 -0.021768 1.0000 0.1020 1.0000
v -0.257533 -0.016583 -0.011642 1.0000 0.1020 1.0000
v -0.255756 -0.026253 -0.016427 1.0000 0.1020 1.0000
v -0.260204 0.018202 -0.043631 1.0000 0.1020 1.0000
v -0.270410 -0.018182 -0.012615 1.0000 0.1020 1.0000
v -0.276842 0.011024 -0.022735 1.0000 0.1020 1.0000
v -0.268691 -0.027874 -0.017393 1.0000 0.1020 1.0000
v -0.274823 0.002879 -0.015510 1.0000 0.1020 1.0000
v -0.278991 0.016458 -0.043270 1.0000 0.1020 1.0000
v -0.257533 -0.403099 0.176605 1.0000 0.1020 1.0000
v -0.270410 -0.402840 0.174719 1.0000 0.1020 1.0000
v -0.268691 -0.400554 0.164103 1.0000 0.1020 1.0000
v -0.254097 -0.451777 -0.099881 1.0000 0.1020 1.0000
v -0.268691 -0.459343 -0.095040 1.0000 0.1020 1.0000
v -0.267671 -0.449859 -0.100196 1.0000 0.1020 1.0000
v -0.320348 -0.483592 -0.354117 0.1020 0.1020 1.0000
v -0.320119 -0.491749 -0.351602 0.1020 0.1020 1.0000
v -0.365964 -0.483567 -0.354117 0.1020 0.1020 1.0000
v -0.365735 -0.491725 -0.351602 0.1020 0.1020 1.0000
v -0.299985 0.205270 -0.267473 0.1020 1.0000 1.0000
v -0.289918 0.256778 -0.283432 0.1020 1.0000 1.0000
v -0.286837 0.269529 -0.291323 0.1020 1.0000 1.0000
v -0.283842 0.276975 -0.303961 0.1020 1.0000 1.0000
v -0.281618 0.277506 -0.318348 0.1020 1.0000 1.0000
v -0.278189 0.245438 -0.373504 0.1020 1.0000 1.0000
v -0.317979 0.108229 -0.243880 0.1020 1.0000 1.0000
v -0.309727 0.153233 -0.254208 0.1020 1.0000 1.0000
v -0.276532 0.193439 -0.436721 0.1020 1.0000 1.0000
v -0.345600 0.205412 -0.267473 0.1020 1.0000 1.0000
v -0.335534 0.256929 -0.283431 0.1020 1.0000 1.0000
v -0.332453 0.269683 -0.291322 0.1020 1.0000 1.0000
v -0.329458 0.277129 -0.303960 0.1020 1.0000 1.0000
v -0.327234 0.277658 -0.318348 0.1020 1.0000 1.0000
v -0.323804 0.245578 -0.373504 0.1020 1.0000 1.0000
v -0.355343 0.153365 -0.254207 0.1020 1.0000 1.0000
v -0.322147 0.193562 -0.436721 0.1020 1.0000 1.0000
v -0.281618 0.079657 -0.526464 0.1020 1.0000 1.0000
v -0.278189 0.132995 -0.491805 0.1020 1.0000 1.0000
v -0.323804 0.133102 -0.491805 0.1020 1.0000 1.0000
v -0.278189 0.248625 0.356791 0.1020 1.0000 0.1020
v -0.276532 0.291962 0.287242 0.1020 1.0000 0.1020
v -0.323805 0.248768 0.356792 0.1020 1.0000 0.1020
v -0.322147 0.292120 0.287242 0.1020 1.0000 0.1020
v -0.299985 0.258164 0.120999 0.1020 1.0000 0.1020
v -0.289918 0.311959 0.122299 0.1020 1.0000 0.1020
v -0.281619 0.341193 0.150270 0.1020 1.0000 0.1020
v -0.278189 0.325059 0.212155 0.1020 1.0000 0.1020
v -0.345600 0.258325 0.120999 0.1020 1.0000 0.1020
v -0.335534 0.312132 0.122299 0.1020 1.0000 0.1020
v -0.327234 0.341372 0.150271 0.1020 1.0000 0.1020
v -0.323805 0.325231 0.212156 0.1020 1.0000 0.1020
v -0.299985 -0.214192 0.522143 1.0000 1.0000 0.1020
v -0.289918 -0.198651 0.574227 1.0000 1.0000 0.1020
v -0.286837 -0.198067 0.589307 1.0000 1.0000 0.1020
v -0.283842 -0.204379 0.602556 1.0000 1.0000 0.1020
v -0.281619 -0.216007 0.610964 1.0000 1.0000 0.1020
v -0.309727 -0.232238 0.471119 1.0000 1.0000 0.1020
v -0.345600 -0.214139 0.522143 1.0000 1.0000 0.1020
v -0.335534 -0.198598 0.574227 1.0000 1.0000 0.1020
v -0.332453 -0.198015 0.589307 1.0000 1.0000 0.1020
v -0.327234 -0.215958 0.610964 1.0000 1.0000 0.1020
v -0.355343 -0.232183 0.471119 1.0000 1.0000 0.1020
v -0.328396 -0.881587 -0.010471 1.0000 0.1020 0.1020
v -0.322192 -0.887811 -0.015285 1.0000 0.1020 0.1020
v -0.328768 -0.881681 -0.091251 1.0000 0.1020 0.1020
v -0.317547 -0.880891 0.080747 1.0000 0.1020 0.1020
v -0.308388 -0.877184 -0.122608 1.0000 0.1020 0.1020
v -0.296460 -0.888606 -0.107641 1.0000 0.1020 0.1020
v -0.296886 -0.896997 -0.023214 1.0000 0.1020 0.1020
v -0.297146 -0.890869 0.082124 1.0000 0.1020 0.1020
v -0.322192 -0.861576 0.175071 1.0000 0.1020 0.1020
v -0.296886 -0.868276 0.185189 1.0000 0.1020 0.1020
v -0.326350 0.127666 0.144456 1.0000 0.1020 0.6393
v -0.326350 0.118654 0.143237 1.0000 0.1020 0.6393
v -0.326350 0.110793 0.138655 1.0000 0.1020 0.6393
v -0.326350 0.105279 0.131405 1.0000 0.1020 0.6393
v -0.326350 0.102952 0.122589 1.0000 0.1020 0.6393
v -0.326350 0.115966 0.100134 1.0000 0.1020 0.6393
v -0.332675 0.130009 0.143304 1.0000 0.1020 0.6393
v -0.338037 0.122982 0.141113 1.0000 0.1020 0.6393
v -0.341619 0.116447 0.135876 1.0000 0.1020 0.6393
v -0.342877 0.111399 0.128394 1.0000 0.1020 0.6393
v -0.341619 0.108606 0.119810 1.0000 0.1020 0.6393
v -0.335294 0.135673 0.140525 1.0000 0.1020 0.6393
v -0.342877 0.133447 0.135970 1.0000 0.1020 0.6393
v -0.347943 0.130119 0.129161 1.0000 0.1020 0.6393
v -0.349723 0.126197 0.121127 1.0000 0.1020 0.6393
v -0.347943 0.122277 0.113095 1.0000 0.1020 0.6393
v -0.338037 0.143919 0.130833 1.0000 0.1020 0.6393
v -0.341619 0.143801 0.122450 1.0000 0.1020 0.6393
v -0.342877 0.141006 0.113862 1.0000 0.1020 0.6393
v -0.341619 0.135958 0.106383 1.0000 0.1020 0.6393
v -0.338037 0.129427 0.101147 1.0000 0.1020 0.6393
v -0.332675 0.122406 0.098956 1.0000 0.1020 0.6393
v -0.326350 0.141633 0.103599 1.0000 0.1020 0.6393
v -0.326350 0.133770 0.099019 1.0000 0.1020 0.6393
v -0.326350 0.124757 0.097803 1.0000 0.1020 0.6393
v -0.326350 0.144951 0.093186 0.8196 0.1020 1.0000
v -0.326350 0.159717 0.123427 0.8196 0.1020 1.0000
v -0.326350 0.140973 0.151371 0.8196 0.1020 1.0000
v -0.326350 0.107474 0.149069 0.8196 0.1020 1.0000
v -0.326350 0.111451 0.090886 0.8196 0.1020 1.0000
v -0.326350 0.092718 0.118828 0.8196 0.1020 1.0000
v -0.267044 0.144984 0.093186 0.8196 0.1020 1.0000
v -0.267044 0.159748 0.123427 0.8196 0.1020 1.0000
v -0.267044 0.141007 0.151371 0.8196 0.1020 1.0000
v -0.267044 0.107512 0.149069 0.8196 0.1020 1.0000
v -0.267044 0.092758 0.118828 0.8196 0.1020 1.0000
v -0.267044 0.111489 0.090886 0.8196 0.1020 1.0000
v -0.326350 -0.154723 0.257192 0.2784 0.1020 1.0000
v -0.332675 -0.152920 0.259074 0.2784 0.1020 1.0000
v -0.338037 -0.153014 0.251699 0.2784 0.1020 1.0000
v -0.341619 -0.150075 0.243851 0.2784 0.1020 1.0000
v -0.342877 -0.144551 0.236722 0.2784 0.1020 1.0000
v -0.335294 -0.148550 0.263616 0.2784 0.1020 1.0000
v -0.342877 -0.144937 0.260093 0.2784 0.1020 1.0000
v -0.347943 -0.139522 0.254816 0.2784 0.1020 1.0000
v -0.349723 -0.133127 0.248594 0.2784 0.1020 1.0000
v -0.347943 -0.126728 0.242372 0.2784 0.1020 1.0000
v -0.332675 -0.144171 0.268161 0.2784 0.1020 1.0000
v -0.338037 -0.136846 0.268488 0.2784 0.1020 1.0000
v -0.341619 -0.128950 0.265786 0.2784 0.1020 1.0000
v -0.342877 -0.121683 0.260466 0.2784 0.1020 1.0000
v -0.341619 -0.116155 0.253341 0.2784 0.1020 1.0000
v -0.326350 -0.149809 0.264855 0.2784 0.1020 1.0000
v -0.326350 -0.142351 0.270045 0.2784 0.1020 1.0000
v -0.326350 -0.133482 0.271963 0.2784 0.1020 1.0000
v -0.326350 -0.124554 0.270330 0.2784 0.1020 1.0000
v -0.326350 -0.116926 0.265384 0.2784 0.1020 1.0000
v -0.326350 -0.100878 0.257828 0.1020 0.4589 1.0000
v -0.326350 -0.124963 0.281256 0.1020 0.4589 1.0000
v -0.326350 -0.157174 0.272022 0.1020 0.4589 1.0000
v -0.326350 -0.165303 0.239359 0.1020 0.4589 1.0000
v -0.326350 -0.109015 0.225171 0.1020 0.4589 1.0000
v -0.326350 -0.141230 0.215936 0.1020 0.4589 1.0000
v -0.267044 -0.100809 0.257828 0.1020 0.4589 1.0000
v -0.267044 -0.124891 0.281256 0.1020 0.4589 1.0000
v -0.267044 -0.157096 0.272022 0.1020 0.4589 1.0000
v -0.267044 -0.165223 0.239359 0.1020 0.4589 1.0000
v -0.267044 -0.141153 0.215936 0.1020 0.4589 1.0000
v -0.326350 -0.340317 0.018087 0.1020 1.0000 1.0000
v -0.326350 -0.331308 0.017162 0.1020 1.0000 1.0000
v -0.326350 -0.315606 0.025538 0.1020 1.0000 1.0000
v -0.326350 -0.311305 0.033564 0.1020 1.0000 1.0000
v -0.332675 -0.349518 0.024731 0.1020 1.0000 1.0000
v -0.338037 -0.342592 0.022366 0.1020 1.0000 1.0000
v -0.341619 -0.334279 0.022749 0.1020 1.0000 1.0000
v -0.342877 -0.325847 0.025826 0.1020 1.0000 1.0000
v -0.341619 -0.318578 0.031127 0.1020 1.0000 1.0000
v -0.338037 -0.313580 0.037841 0.1020 1.0000 1.0000
v -0.335294 -0.352463 0.030320 0.1020 1.0000 1.0000
v -0.342877 -0.348033 0.032692 0.1020 1.0000 1.0000
v -0.347943 -0.341390 0.036242 0.1020 1.0000 1.0000
v -0.349723 -0.333544 0.040432 0.1020 1.0000 1.0000
v -0.347943 -0.325689 0.044619 0.1020 1.0000 1.0000
v -0.342877 -0.319023 0.048168 0.1020 1.0000 1.0000
v -0.338037 -0.353454 0.043018 0.1020 1.0000 1.0000
v -0.341619 -0.348473 0.049733 0.1020 1.0000 1.0000
v -0.342877 -0.341212 0.055032 0.1020 1.0000 1.0000
v -0.341619 -0.332775 0.058107 0.1020 1.0000 1.0000
v -0.338037 -0.324446 0.058494 0.1020 1.0000 1.0000
v -0.332675 -0.317495 0.056128 0.1020 1.0000 1.0000
v -0.326350 -0.354004 0.029487 0.1020 1.0000 1.0000
v -0.326350 -0.355678 0.047294 0.1020 1.0000 1.0000
v -0.326350 -0.351379 0.055324 0.1020 1.0000 1.0000
v -0.326350 -0.344358 0.061084 0.1020 1.0000 1.0000
v -0.326350 -0.335682 0.063698 0.1020 1.0000 1.0000
v -0.326350 -0.326672 0.062769 0.1020 1.0000 1.0000
v -0.326350 -0.318700 0.058444 0.1020 1.0000 1.0000
v -0.326350 -0.332275 0.074081 0.1020 1.0000 0.4589
v -0.326350 -0.361820 0.058313 0.1020 1.0000 0.4589
v -0.326350 -0.363042 0.024663 0.1020 1.0000 0.4589
v -0.326350 -0.334718 0.006779 0.1020 1.0000 0.4589
v -0.326350 -0.303940 0.056193 0.1020 1.0000 0.4589
v -0.326350 -0.305161 0.022545 0.1020 1.0000 0.4589
v -0.267044 -0.332158 0.074081 0.1020 1.0000 0.4589
v -0.267044 -0.361696 0.058313 0.1020 1.0000 0.4589
v -0.267044 -0.362917 0.024663 0.1020 1.0000 0.4589
v -0.267044 -0.334600 0.006779 0.1020 1.0000 0.4589
v -0.267044 -0.303829 0.056193 0.1020 1.0000 0.4589
v -0.338037 -0.184466 -0.229956 0.2784 1.0000 0.1020
v -0.341619 -0.182256 -0.221871 0.2784 1.0000 0.1020
v -0.335294 -0.195046 -0.236961 0.2784 1.0000 0.1020
v -0.342877 -0.195923 -0.231969 0.2784 1.0000 0.1020
v -0.347944 -0.197225 -0.224500 0.2784 1.0000 0.1020
v -0.349723 -0.198756 -0.215690 0.2784 1.0000 0.1020
v -0.347944 -0.200280 -0.206879 0.2784 1.0000 0.1020
v -0.332675 -0.201237 -0.238050 0.2784 1.0000 0.1020
v -0.338037 -0.207363 -0.233982 0.2784 1.0000 0.1020
v -0.341619 -0.212172 -0.227129 0.2784 1.0000 0.1020
v -0.342877 -0.214933 -0.218536 0.2784 1.0000 0.1020
v -0.341619 -0.215226 -0.209508 0.2784 1.0000 0.1020
v -0.326350 -0.218342 -0.228220 0.2784 1.0000 0.1020
v -0.326350 -0.221611 -0.219715 0.2784 1.0000 0.1020
v -0.326350 -0.230153 -0.204127 0.8196 1.0000 0.1020
v -0.326350 -0.224407 -0.237296 0.8196 1.0000 0.1020
v -0.326350 -0.192970 -0.248859 0.8196 1.0000 0.1020
v -0.326350 -0.167274 -0.227251 0.8196 1.0000 0.1020
v -0.326350 -0.204469 -0.182520 0.8196 1.0000 0.1020
v -0.326350 -0.173026 -0.194083 0.8196 1.0000 0.1020
v -0.267044 -0.230059 -0.204127 0.8196 1.0000 0.1020
v -0.267044 -0.224314 -0.237296 0.8196 1.0000 0.1020
v -0.267044 -0.192885 -0.248859 0.8196 1.0000 0.1020
v -0.267044 -0.167193 -0.227251 0.8196 1.0000 0.1020
v -0.267044 -0.172943 -0.194083 0.8196 1.0000 0.1020
v -0.267044 -0.204380 -0.182520 0.8196 1.0000 0.1020
v -0.342877 0.101840 -0.168140 1.0000 0.6393 0.1020
v -0.347944 0.094352 -0.167072 1.0000 0.6393 0.1020
v -0.349723 0.085522 -0.165815 1.0000 0.6393 0.1020
v -0.347944 0.076696 -0.164558 1.0000 0.6393 0.1020
v -0.342877 0.069217 -0.163492 1.0000 0.6393 0.1020
v -0.335294 0.064224 -0.162778 1.0000 0.6393 0.1020
v -0.338037 0.100204 -0.179708 1.0000 0.6393 0.1020
v -0.341619 0.092214 -0.182190 1.0000 0.6393 0.1020
v -0.342877 0.083208 -0.182179 1.0000 0.6393 0.1020
v -0.341619 0.074559 -0.179675 1.0000 0.6393 0.1020
v -0.338037 0.067581 -0.175062 1.0000 0.6393 0.1020
v -0.332675 0.063338 -0.169041 1.0000 0.6393 0.1020
v -0.326350 0.099532 -0.184502 1.0000 0.6393 0.1020
v -0.326350 0.091337 -0.188451 1.0000 0.6393 0.1020
v -0.326350 0.082260 -0.188955 1.0000 0.6393 0.1020
v -0.326350 0.073683 -0.185936 1.0000 0.6393 0.1020
v -0.326350 0.064834 -0.192318 1.0000 0.1020 0.1020
v -0.326350 0.098064 -0.197053 1.0000 0.1020 0.1020
v -0.326350 0.118776 -0.170550 1.0000 0.1020 0.1020
v -0.326350 0.106248 -0.139310 1.0000 0.1020 0.1020
v -0.326350 0.052313 -0.161080 1.0000 0.1020 0.1020
v -0.326350 0.073016 -0.134577 1.0000 0.1020 0.1020
v -0.267044 0.064877 -0.192318 1.0000 0.1020 0.1020
v -0.267044 0.098103 -0.197053 1.0000 0.1020 0.1020
v -0.267044 0.118813 -0.170550 1.0000 0.1020 0.1020
v -0.267044 0.106286 -0.139310 1.0000 0.1020 0.1020
v -0.267044 0.073058 -0.134577 1.0000 0.1020 0.1020
v -0.267044 0.052359 -0.161080 1.0000 0.1020 0.1020
v -0.331782 0.014313 0.616138 1.0000 0.1020 1.0000
v -0.369161 0.003281 0.439802 1.0000 0.1020 1.0000
v -0.320251 0.185581 0.572634 1.0000 0.1020 1.0000
v -0.359884 -0.000705 0.502889 1.0000 0.1020 1.0000
v -0.321513 0.093296 0.607950 1.0000 0.1020 1.0000
v -0.351091 -0.004200 0.562607 1.0000 0.1020 1.0000
v -0.368456 -0.060534 0.449588 1.0000 0.1020 1.0000
v -0.337148 -0.119911 0.456864 1.0000 0.1020 1.0000
v -0.340899 -0.130595 0.522009 1.0000 0.1020 1.0000
v -0.327929 -0.110107 0.397811 1.0000 0.1020 1.0000
v -0.319125 -0.102370 0.351256 1.0000 0.1020 1.0000
v -0.298066 -0.101632 0.656383 1.0000 0.1020 1.0000
v -0.329528 -0.145350 0.624653 1.0000 0.1020 1.0000
v -0.258363 -0.100510 0.333239 1.0000 0.1020 1.0000
v -0.291084 -0.123776 0.285913 1.0000 0.1020 1.0000
v -0.288987 -0.109658 0.279535 1.0000 0.1020 1.0000
v -0.286108 -0.098982 0.268218 1.0000 0.1020 1.0000
v -0.275913 -0.111215 0.213435 1.0000 0.1020 1.0000
v -0.287496 -0.116941 0.269910 1.0000 0.1020 1.0000
v -0.279819 -0.093769 0.238176 1.0000 0.1020 1.0000
v -0.285478 -0.109456 0.261975 1.0000 0.1020 1.0000
v -0.282889 -0.093400 0.253693 1.0000 0.1020 1.0000
v -0.278325 -0.118020 0.223543 1.0000 0.1020 1.0000
v -0.255539 -0.113007 0.314980 1.0000 0.1020 1.0000
v -0.254325 -0.067958 0.284592 1.0000 0.1020 1.0000
v -0.250358 -0.063019 0.255229 1.0000 0.1020 1.0000
v -0.241351 -0.076655 0.200779 1.0000 0.1020 1.0000
v -0.246087 -0.065139 0.227268 1.0000 0.1020 1.0000
v -0.238219 -0.097206 0.189621 1.0000 0.1020 1.0000
v -0.256522 -0.083277 0.307036 1.0000 0.1020 1.0000
v -0.327772 -0.061150 0.398788 1.0000 0.1020 1.0000
v -0.336935 -0.070347 0.457518 1.0000 0.1020 1.0000
v -0.340845 -0.080244 0.522413 1.0000 0.1020 1.0000
v -0.350892 -0.081717 0.572356 1.0000 0.1020 1.0000
v -0.331461 -0.091875 0.625796 1.0000 0.1020 1.0000
v -0.374161 -0.051655 0.398080 1.0000 0.1020 1.0000
v -0.359512 -0.071596 0.512498 1.0000 0.1020 1.0000
v -0.375479 0.016591 0.385882 1.0000 0.1020 1.0000
v -0.270391 -0.122721 0.291096 1.0000 0.1020 1.0000
v -0.258766 -0.099218 0.293876 1.0000 0.1020 1.0000
v -0.269469 -0.094757 0.271062 1.0000 0.1020 1.0000
v -0.264907 -0.088885 0.237203 1.0000 0.1020 1.0000
v -0.267512 -0.088464 0.254681 1.0000 0.1020 1.0000
v -0.247914 -0.085251 0.213331 1.0000 0.1020 1.0000
v -0.259385 -0.108571 0.209400 1.0000 0.1020 1.0000
v -0.258654 -0.119764 0.303223 1.0000 0.1020 1.0000
v -0.261904 -0.052943 0.328659 1.0000 0.1020 1.0000
v -0.270481 -0.106797 0.283852 1.0000 0.1020 1.0000
v -0.257463 -0.083708 0.277405 1.0000 0.1020 1.0000
v -0.254943 -0.075605 0.256309 1.0000 0.1020 1.0000
v -0.251590 -0.076148 0.233809 1.0000 0.1020 1.0000
v -0.244477 -0.101520 0.197991 1.0000 0.1020 1.0000
v -0.246645 -0.056343 0.226735 1.0000 0.1020 1.0000
v -0.237132 -0.093528 0.180428 1.0000 0.1020 1.0000
v -0.256337 -0.052852 0.290823 1.0000 0.1020 1.0000
v -0.250749 -0.053013 0.252964 1.0000 0.1020 1.0000
v -0.238851 -0.066298 0.178715 1.0000 0.1020 1.0000
v -0.298066 -0.000053 0.650004 1.0000 0.1020 1.0000
v -0.298066 0.099368 0.627756 1.0000 0.1020 1.0000
v -0.298066 0.194164 0.590196 1.0000 0.1020 1.0000
v -0.270958 -0.001392 0.189164 1.0000 0.1020 1.0000
v -0.311196 0.008971 0.210503 1.0000 0.1020 1.0000
v -0.270678 -0.027082 0.199612 1.0000 0.1020 1.0000
v -0.310730 -0.018006 0.221462 1.0000 0.1020 1.0000
v -0.376470 0.044815 0.284161 1.0000 0.1020 1.0000
v -0.373765 -0.042813 0.311309 1.0000 0.1020 1.0000
v -0.375795 0.002044 0.301227 1.0000 0.1020 1.0000
v -0.370182 0.030109 0.253982 1.0000 0.1020 1.0000
v -0.354437 0.016688 0.226417 1.0000 0.1020 1.0000
v -0.369494 -0.005533 0.268282 1.0000 0.1020 1.0000
v -0.353752 -0.012719 0.238216 1.0000 0.1020 1.0000
v -0.351977 -0.043660 0.244653 1.0000 0.1020 1.0000
v -0.367360 -0.042930 0.276652 1.0000 0.1020 1.0000
v -0.272603 -0.054076 0.205492 1.0000 0.1020 1.0000
v -0.310820 -0.046434 0.227564 1.0000 0.1020 1.0000
v -0.331725 -0.004253 0.620294 1.0000 0.1020 1.0000
v -0.376540 -0.042789 0.346619 1.0000 0.1020 1.0000
v -0.378738 0.059836 0.314976 1.0000 0.1020 1.0000
v -0.378184 0.009741 0.334853 1.0000 0.1020 1.0000
v -0.234783 -0.014305 0.162599 1.0000 0.1020 1.0000
v -0.234783 -0.039643 0.172810 1.0000 0.1020 1.0000
v -0.318147 -0.053057 0.347267 1.0000 0.1020 1.0000
v -0.331782 0.325081 0.463776 1.0000 0.1020 1.0000
v -0.369161 0.192851 0.346782 1.0000 0.1020 1.0000
v -0.359884 0.245014 0.382354 1.0000 0.1020 1.0000
v -0.351091 0.294241 0.416249 1.0000 0.1020 1.0000
v -0.368456 0.239791 0.302208 1.0000 0.1020 1.0000
v -0.337148 0.282084 0.259555 1.0000 0.1020 1.0000
v -0.340899 0.340009 0.291105 1.0000 0.1020 1.0000
v -0.327929 0.229535 0.231056 1.0000 0.1020 1.0000
v -0.319125 0.188119 0.208596 1.0000 0.1020 1.0000
v -0.298066 0.428191 0.396601 1.0000 0.1020 1.0000
v -0.329528 0.430062 0.342466 1.0000 0.1020 1.0000
v -0.337360 0.312069 0.219841 1.0000 0.1020 1.0000
v -0.328085 0.258881 0.191621 1.0000 0.1020 1.0000
v -0.340952 0.370689 0.250925 1.0000 0.1020 1.0000
v -0.327595 0.462090 0.299357 1.0000 0.1020 1.0000
v -0.258363 0.172859 0.198956 1.0000 0.1020 1.0000
v -0.271658 0.133863 0.148812 1.0000 0.1020 1.0000
v -0.271029 0.122997 0.149872 1.0000 0.1020 1.0000
v -0.266410 0.099074 0.130257 1.0000 0.1020 1.0000
v -0.270858 0.151149 0.134349 1.0000 0.1020 1.0000
v -0.264751 0.098078 0.119501 1.0000 0.1020 1.0000
v -0.271597 0.143476 0.143728 1.0000 0.1020 1.0000
v -0.278169 0.100470 0.107536 1.0000 0.1020 1.0000
v -0.275682 0.089848 0.101905 1.0000 0.1020 1.0000
v -0.292087 0.159908 0.139147 1.0000 0.1020 1.0000
v -0.291084 0.149874 0.151464 1.0000 0.1020 1.0000
v -0.288987 0.136174 0.158752 1.0000 0.1020 1.0000
v -0.286108 0.120707 0.160274 1.0000 0.1020 1.0000
v -0.283218 0.111805 0.144977 1.0000 0.1020 1.0000
v -0.275913 0.085127 0.116927 1.0000 0.1020 1.0000
v -0.287496 0.133077 0.147061 1.0000 0.1020 1.0000
v -0.279345 0.098290 0.128507 1.0000 0.1020 1.0000
v -0.279819 0.093870 0.145962 1.0000 0.1020 1.0000
v -0.285478 0.122232 0.148128 1.0000 0.1020 1.0000
v -0.282889 0.105850 0.155784 1.0000 0.1020 1.0000
v -0.278325 0.097263 0.117734 1.0000 0.1020 1.0000
v -0.288963 0.142658 0.141964 1.0000 0.1020 1.0000
v -0.255539 0.166176 0.177827 1.0000 0.1020 1.0000
v -0.254326 0.114565 0.194916 1.0000 0.1020 1.0000
v -0.250358 0.088431 0.180808 1.0000 0.1020 1.0000
v -0.235507 0.067481 0.089918 1.0000 0.1020 1.0000
v -0.241351 0.053985 0.136562 1.0000 0.1020 1.0000
v -0.246087 0.067744 0.161962 1.0000 0.1020 1.0000
v -0.238219 0.057836 0.113404 1.0000 0.1020 1.0000
v -0.253188 0.184777 0.152265 1.0000 0.1020 1.0000
v -0.256522 0.141642 0.196544 1.0000 0.1020 1.0000
v -0.327772 0.200194 0.270488 1.0000 0.1020 1.0000
v -0.298066 0.482931 0.310404 1.0000 0.1020 1.0000
v -0.336935 0.252105 0.299269 1.0000 0.1020 1.0000
v -0.340845 0.309335 0.331285 1.0000 0.1020 1.0000
v -0.350892 0.349614 0.360805 1.0000 0.1020 1.0000
v -0.331461 0.398034 0.385569 1.0000 0.1020 1.0000
v -0.374161 0.193748 0.277621 1.0000 0.1020 1.0000
v -0.359512 0.296184 0.332065 1.0000 0.1020 1.0000
v -0.375479 0.142202 0.324228 1.0000 0.1020 1.0000
v -0.257347 0.085719 0.099624 1.0000 0.1020 1.0000
v -0.269261 0.164682 0.141596 1.0000 0.1020 1.0000
v -0.289645 0.149475 0.133594 1.0000 0.1020 1.0000
v -0.270391 0.153330 0.155462 1.0000 0.1020 1.0000
v -0.258766 0.141081 0.175814 1.0000 0.1020 1.0000
v -0.269469 0.120371 0.165360 1.0000 0.1020 1.0000
v -0.264907 0.090122 0.149231 1.0000 0.1020 1.0000
v -0.267512 0.103613 0.160294 1.0000 0.1020 1.0000
v -0.247914 0.069130 0.137449 1.0000 0.1020 1.0000
v -0.259385 0.080351 0.116537 1.0000 0.1020 1.0000
v -0.258654 0.161070 0.165244 1.0000 0.1020 1.0000
v -0.257180 0.175662 0.147428 1.0000 0.1020 1.0000
v -0.261904 0.140009 0.233887 1.0000 0.1020 1.0000
v -0.241840 0.073968 0.093369 1.0000 0.1020 1.0000
v -0.254822 0.196095 0.158273 1.0000 0.1020 1.0000
v -0.270481 0.137837 0.163656 1.0000 0.1020 1.0000
v -0.257463 0.118584 0.178011 1.0000 0.1020 1.0000
v -0.254943 0.097010 0.171488 1.0000 0.1020 1.0000
v -0.251590 0.079645 0.157246 1.0000 0.1020 1.0000
v -0.262053 0.081955 0.133854 1.0000 0.1020 1.0000
v -0.244477 0.067064 0.115120 1.0000 0.1020 1.0000
v -0.246645 0.061921 0.168614 1.0000 0.1020 1.0000
v -0.237132 0.048346 0.110679 1.0000 0.1020 1.0000
v -0.256337 0.110182 0.210727 1.0000 0.1020 1.0000
v -0.250749 0.080503 0.187358 1.0000 0.1020 1.0000
v -0.238851 0.030273 0.131241 1.0000 0.1020 1.0000
v -0.298066 0.360644 0.473177 1.0000 0.1020 1.0000
v -0.270678 0.022589 0.175200 1.0000 0.1020 1.0000
v -0.310730 0.034146 0.195837 1.0000 0.1020 1.0000
v -0.373765 0.119990 0.231361 1.0000 0.1020 1.0000
v -0.375795 0.084499 0.260738 1.0000 0.1020 1.0000
v -0.369494 0.063237 0.234508 1.0000 0.1020 1.0000
v -0.353752 0.044018 0.210345 1.0000 0.1020 1.0000
v -0.351977 0.068083 0.189760 1.0000 0.1020 1.0000
v -0.367360 0.092795 0.209992 1.0000 0.1020 1.0000
v -0.272603 0.043785 0.157396 1.0000 0.1020 1.0000
v -0.310820 0.056400 0.177033 1.0000 0.1020 1.0000
v -0.331725 0.339776 0.451622 1.0000 0.1020 1.0000
v -0.376540 0.147770 0.253059 1.0000 0.1020 1.0000
v -0.378184 0.106234 0.287478 1.0000 0.1020 1.0000
v -0.234783 0.009273 0.148765 1.0000 0.1020 1.0000
v -0.318147 0.154664 0.245267 1.0000 0.1020 1.0000
v -0.318147 0.212377 0.166933 1.0000 0.1020 1.0000
v -0.331782 -0.634976 0.295067 1.0000 0.1020 1.0000
v -0.369161 -0.472120 0.229938 1.0000 0.1020 1.0000
v -0.320251 -0.541663 0.444843 1.0000 0.1020 1.0000
v -0.359884 -0.532847 0.245670 1.0000 0.1020 1.0000
v -0.321513 -0.603123 0.367836 1.0000 0.1020 1.0000
v -0.351091 -0.590218 0.260832 1.0000 0.1020 1.0000
v -0.368456 -0.500936 0.172058 1.0000 0.1020 1.0000
v -0.337148 -0.525956 0.117571 1.0000 0.1020 1.0000
v -0.340899 -0.590656 0.127575 1.0000 0.1020 1.0000
v -0.327929 -0.467231 0.108620 1.0000 0.1020 1.0000
v -0.319125 -0.420908 0.101578 1.0000 0.1020 1.0000
v -0.298066 -0.708209 0.196884 1.0000 0.1020 1.0000
v -0.329528 -0.691837 0.145324 1.0000 0.1020 1.0000
v -0.258363 -0.403220 0.097710 1.0000 0.1020 1.0000
v -0.271597 -0.357145 0.055754 1.0000 0.1020 1.0000
v -0.291084 -0.365790 0.060851 1.0000 0.1020 1.0000
v -0.288987 -0.355411 0.072367 1.0000 0.1020 1.0000
v -0.286108 -0.341432 0.079063 1.0000 0.1020 1.0000
v -0.281064 -0.317722 0.064083 1.0000 0.1020 1.0000
v -0.283218 -0.327930 0.067705 1.0000 0.1020 1.0000
v -0.277369 -0.300021 0.064374 1.0000 0.1020 1.0000
v -0.279345 -0.309705 0.056811 1.0000 0.1020 1.0000
v -0.279819 -0.311448 0.074739 1.0000 0.1020 1.0000
v -0.285478 -0.338765 0.067118 1.0000 0.1020 1.0000
v -0.282889 -0.325992 0.079897 1.0000 0.1020 1.0000
v -0.288963 -0.355828 0.054368 1.0000 0.1020 1.0000
v -0.255539 -0.389840 0.080107 1.0000 0.1020 1.0000
v -0.254326 -0.347280 0.113744 1.0000 0.1020 1.0000
v -0.250358 -0.318030 0.109370 1.0000 0.1020 1.0000
v -0.241351 -0.270799 0.079482 1.0000 0.1020 1.0000
v -0.246087 -0.292276 0.098688 1.0000 0.1020 1.0000
v -0.238219 -0.266595 0.056386 1.0000 0.1020 1.0000
v -0.256522 -0.373187 0.106061 1.0000 0.1020 1.0000
v -0.327772 -0.453096 0.155687 1.0000 0.1020 1.0000
v -0.336935 -0.511343 0.165114 1.0000 0.1020 1.0000
v -0.340845 -0.575580 0.175783 1.0000 0.1020 1.0000
v -0.350892 -0.623141 0.189878 1.0000 0.1020 1.0000
v -0.331461 -0.676539 0.196738 1.0000 0.1020 1.0000
v -0.374161 -0.449621 0.164580 1.0000 0.1020 1.0000
v -0.359512 -0.563639 0.180987 1.0000 0.1020 1.0000
v -0.375479 -0.417148 0.225946 1.0000 0.1020 1.0000
v -0.270391 -0.370319 0.063440 1.0000 0.1020 1.0000
v -0.258766 -0.365681 0.086753 1.0000 0.1020 1.0000
v -0.269469 -0.342789 0.083965 1.0000 0.1020 1.0000
v -0.264907 -0.309001 0.079087 1.0000 0.1020 1.0000
v -0.267512 -0.325379 0.084901 1.0000 0.1020 1.0000
v -0.247914 -0.285313 0.075156 1.0000 0.1020 1.0000
v -0.259385 -0.288811 0.051663 1.0000 0.1020 1.0000
v -0.258654 -0.380831 0.070009 1.0000 0.1020 1.0000
v -0.261904 -0.384265 0.141739 1.0000 0.1020 1.0000
v -0.270481 -0.358574 0.076415 1.0000 0.1020 1.0000
v -0.257463 -0.345351 0.096472 1.0000 0.1020 1.0000
v -0.254943 -0.322937 0.097683 1.0000 0.1020 1.0000
v -0.251590 -0.301853 0.090198 1.0000 0.1020 1.0000
v -0.262053 -0.296157 0.067410 1.0000 0.1020 1.0000
v -0.244477 -0.275841 0.054857 1.0000 0.1020 1.0000
v -0.246645 -0.289061 0.106931 1.0000 0.1020 1.0000
v -0.237132 -0.256774 0.057055 1.0000 0.1020 1.0000
v -0.256337 -0.348512 0.130106 1.0000 0.1020 1.0000
v -0.250749 -0.312811 0.118232 1.0000 0.1020 1.0000
v -0.238851 -0.246755 0.082552 1.0000 0.1020 1.0000
v -0.298066 -0.671169 0.291840 1.0000 0.1020 1.0000
v -0.298066 -0.619890 0.379745 1.0000 0.1020 1.0000
v -0.298066 -0.555573 0.458446 1.0000 0.1020 1.0000
v -0.270958 -0.236664 0.147815 1.0000 0.1020 1.0000
v -0.311196 -0.253695 0.164343 1.0000 0.1020 1.0000
v -0.270678 -0.254451 0.126512 1.0000 0.1020 1.0000
v -0.310730 -0.272357 0.141973 1.0000 0.1020 1.0000
v -0.376470 -0.312391 0.221396 1.0000 0.1020 1.0000
v -0.373765 -0.364982 0.146154 1.0000 0.1020 1.0000
v -0.375795 -0.341663 0.185861 1.0000 0.1020 1.0000
v -0.370182 -0.288380 0.198023 1.0000 0.1020 1.0000
v -0.354437 -0.266429 0.176671 1.0000 0.1020 1.0000
v -0.369494 -0.312858 0.168427 1.0000 0.1020 1.0000
v -0.353752 -0.286631 0.152248 1.0000 0.1020 1.0000
v -0.351977 -0.302240 0.124692 1.0000 0.1020 1.0000
v -0.367360 -0.332274 0.135306 1.0000 0.1020 1.0000
v -0.272603 -0.268329 0.102546 1.0000 0.1020 1.0000
v -0.310820 -0.286881 0.116713 1.0000 0.1020 1.0000
v -0.331725 -0.644563 0.278647 1.0000 0.1020 1.0000
v -0.376540 -0.398324 0.157112 1.0000 0.1020 1.0000
v -0.378738 -0.336899 0.245263 1.0000 0.1020 1.0000
v -0.378184 -0.371066 0.203618 1.0000 0.1020 1.0000
v -0.234783 -0.215491 0.127238 1.0000 0.1020 1.0000
v -0.234783 -0.232954 0.106191 1.0000 0.1020 1.0000
v -0.318147 -0.401970 0.147447 1.0000 0.1020 1.0000
v -0.331782 -0.396289 0.543998 1.0000 0.1020 1.0000
v -0.369161 -0.326148 0.381917 1.0000 0.1020 1.0000
v -0.359884 -0.343799 0.442603 1.0000 0.1020 1.0000
v -0.321513 -0.467406 0.509428 1.0000 0.1020 1.0000
v -0.351091 -0.360790 0.499954 1.0000 0.1020 1.0000
v -0.368456 -0.269609 0.412851 1.0000 0.1020 1.0000
v -0.337148 -0.216240 0.439934 1.0000 0.1020 1.0000
v -0.340899 -0.228364 0.504830 1.0000 0.1020 1.0000
v -0.327929 -0.205371 0.381067 1.0000 0.1020 1.0000
v -0.319125 -0.196821 0.334657 1.0000 0.1020 1.0000
v -0.298066 -0.301207 0.621318 1.0000 0.1020 1.0000
v -0.329528 -0.249426 0.606368 1.0000 0.1020 1.0000
v -0.337360 -0.169455 0.456207 1.0000 0.1020 1.0000
v -0.328085 -0.159044 0.396834 1.0000 0.1020 1.0000
v -0.340952 -0.180927 0.521606 1.0000 0.1020 1.0000
v -0.327595 -0.198804 0.623510 1.0000 0.1020 1.0000
v -0.258363 -0.192312 0.317101 1.0000 0.1020 1.0000
v -0.271029 -0.161221 0.254381 1.0000 0.1020 1.0000
v -0.266410 -0.150021 0.225493 1.0000 0.1020 1.0000
v -0.269809 -0.161447 0.243452 1.0000 0.1020 1.0000
v -0.264751 -0.140147 0.221217 1.0000 0.1020 1.0000
v -0.278169 -0.128103 0.219810 1.0000 0.1020 1.0000
v -0.275682 -0.126046 0.207933 1.0000 0.1020 1.0000
v -0.292087 -0.139743 0.286277 1.0000 0.1020 1.0000
v -0.291084 -0.154483 0.280516 1.0000 0.1020 1.0000
v -0.288987 -0.165588 0.269703 1.0000 0.1020 1.0000
v -0.286108 -0.171783 0.255421 1.0000 0.1020 1.0000
v -0.283218 -0.160047 0.242201 1.0000 0.1020 1.0000
v -0.277369 -0.155818 0.214228 1.0000 0.1020 1.0000
v -0.275913 -0.141715 0.208074 1.0000 0.1020 1.0000
v -0.287496 -0.155477 0.263137 1.0000 0.1020 1.0000
v -0.279345 -0.148618 0.224211 1.0000 0.1020 1.0000
v -0.279819 -0.166496 0.225390 1.0000 0.1020 1.0000
v -0.285478 -0.159822 0.253122 1.0000 0.1020 1.0000
v -0.282889 -0.172103 0.239861 1.0000 0.1020 1.0000
v -0.278325 -0.138743 0.219904 1.0000 0.1020 1.0000
v -0.255539 -0.174374 0.304195 1.0000 0.1020 1.0000
v -0.254325 -0.206401 0.260259 1.0000 0.1020 1.0000
v -0.250358 -0.201090 0.230958 1.0000 0.1020 1.0000
v -0.235507 -0.121556 0.182857 1.0000 0.1020 1.0000
v -0.241351 -0.169843 0.184399 1.0000 0.1020 1.0000
v -0.246087 -0.189632 0.205387 1.0000 0.1020 1.0000
v -0.238219 -0.146747 0.180911 1.0000 0.1020 1.0000
v -0.253188 -0.144472 0.314026 1.0000 0.1020 1.0000
v -0.256522 -0.199618 0.286586 1.0000 0.1020 1.0000
v -0.327772 -0.251677 0.365303 1.0000 0.1020 1.0000
v -0.298066 -0.202852 0.646743 1.0000 0.1020 1.0000
v -0.336935 -0.263004 0.423662 1.0000 0.1020 1.0000
v -0.340845 -0.275778 0.488051 1.0000 0.1020 1.0000
v -0.350892 -0.291412 0.535516 1.0000 0.1020 1.0000
v -0.331461 -0.300023 0.589229 1.0000 0.1020 1.0000
v -0.374161 -0.260477 0.361387 1.0000 0.1020 1.0000
v -0.359512 -0.280574 0.475780 1.0000 0.1020 1.0000
v -0.375479 -0.320362 0.326672 1.0000 0.1020 1.0000
v -0.257347 -0.125140 0.203276 1.0000 0.1020 1.0000
v -0.269261 -0.140569 0.291575 1.0000 0.1020 1.0000
v -0.270391 -0.157181 0.285039 1.0000 0.1020 1.0000
v -0.258766 -0.180188 0.279642 1.0000 0.1020 1.0000
v -0.269469 -0.176678 0.256662 1.0000 0.1020 1.0000
v -0.264907 -0.170723 0.222818 1.0000 0.1020 1.0000
v -0.267512 -0.177040 0.239113 1.0000 0.1020 1.0000
v -0.247914 -0.166024 0.199134 1.0000 0.1020 1.0000
v -0.259385 -0.142798 0.203384 1.0000 0.1020 1.0000
v -0.258654 -0.164044 0.295438 1.0000 0.1020 1.0000
v -0.257180 -0.142698 0.303841 1.0000 0.1020 1.0000
v -0.261904 -0.235441 0.296578 1.0000 0.1020 1.0000
v -0.241840 -0.122828 0.190119 1.0000 0.1020 1.0000
v -0.254822 -0.146680 0.326672 1.0000 0.1020 1.0000
v -0.270481 -0.169696 0.272797 1.0000 0.1020 1.0000
v -0.257463 -0.189179 0.258864 1.0000 0.1020 1.0000
v -0.254943 -0.189645 0.236266 1.0000 0.1020 1.0000
v -0.251590 -0.181514 0.215291 1.0000 0.1020 1.0000
v -0.262053 -0.158691 0.210269 1.0000 0.1020 1.0000
v -0.244477 -0.145535 0.190255 1.0000 0.1020 1.0000
v -0.246645 -0.197715 0.201887 1.0000 0.1020 1.0000
v -0.237132 -0.147093 0.171013 1.0000 0.1020 1.0000
v -0.256337 -0.222699 0.260967 1.0000 0.1020 1.0000
v -0.250749 -0.209724 0.225417 1.0000 0.1020 1.0000
v -0.238851 -0.172110 0.160116 1.0000 0.1020 1.0000
v -0.298066 -0.394271 0.580735 1.0000 0.1020 1.0000
v -0.298066 -0.479756 0.525995 1.0000 0.1020 1.0000
v -0.270678 -0.216078 0.166396 1.0000 0.1020 1.0000
v -0.310730 -0.232080 0.183839 1.0000 0.1020 1.0000
v -0.373765 -0.239365 0.276771 1.0000 0.1020 1.0000
v -0.375795 -0.278052 0.252010 1.0000 0.1020 1.0000
v -0.369494 -0.259779 0.223609 1.0000 0.1020 1.0000
v -0.353752 -0.242821 0.197785 1.0000 0.1020 1.0000
v -0.351977 -0.215947 0.214381 1.0000 0.1020 1.0000
v -0.367360 -0.227503 0.244223 1.0000 0.1020 1.0000
v -0.272603 -0.192719 0.181124 1.0000 0.1020 1.0000
v -0.310820 -0.207452 0.199265 1.0000 0.1020 1.0000
v -0.331725 -0.380309 0.554223 1.0000 0.1020 1.0000
v -0.234783 -0.120681 0.177841 1.0000 0.1020 1.0000
v -0.376540 -0.251359 0.309969 1.0000 0.1020 1.0000
v -0.378184 -0.296662 0.281014 1.0000 0.1020 1.0000
v -0.234783 -0.195148 0.145479 1.0000 0.1020 1.0000
v -0.318147 -0.241779 0.314102 1.0000 0.1020 1.0000
v -0.318147 -0.149944 0.344895 1.0000 0.1020 1.0000
v -0.331782 -0.532746 -0.425859 1.0000 0.1020 1.0000
v -0.369161 -0.420756 -0.289774 1.0000 0.1020 1.0000
v -0.320251 -0.644731 -0.289789 1.0000 0.1020 1.0000
v -0.359884 -0.454441 -0.343140 1.0000 0.1020 1.0000
v -0.321513 -0.591351 -0.372695 1.0000 0.1020 1.0000
v -0.351091 -0.486568 -0.393486 1.0000 0.1020 1.0000
v -0.368456 -0.375077 -0.335332 1.0000 0.1020 1.0000
v -0.337148 -0.331370 -0.376282 1.0000 0.1020 1.0000
v -0.340899 -0.360957 -0.435246 1.0000 0.1020 1.0000
v -0.327929 -0.304654 -0.322761 1.0000 0.1020 1.0000
v -0.319125 -0.283610 -0.280558 1.0000 0.1020 1.0000
v -0.298066 -0.462992 -0.526783 1.0000 0.1020 1.0000
v -0.329528 -0.409255 -0.526920 1.0000 0.1020 1.0000
v -0.258363 -0.274407 -0.264932 1.0000 0.1020 1.0000
v -0.271597 -0.220487 -0.233718 1.0000 0.1020 1.0000
v -0.291084 -0.228002 -0.240389 1.0000 0.1020 1.0000
v -0.288987 -0.235666 -0.226892 1.0000 0.1020 1.0000
v -0.286108 -0.237659 -0.211437 1.0000 0.1020 1.0000
v -0.277369 -0.210940 -0.176331 1.0000 0.1020 1.0000
v -0.275913 -0.195699 -0.174365 1.0000 0.1020 1.0000
v -0.279819 -0.224277 -0.184065 1.0000 0.1020 1.0000
v -0.282889 -0.233661 -0.196395 1.0000 0.1020 1.0000
v -0.288963 -0.218785 -0.232850 1.0000 0.1020 1.0000
v -0.255539 -0.253626 -0.257555 1.0000 0.1020 1.0000
v -0.254326 -0.272208 -0.206376 1.0000 0.1020 1.0000
v -0.250358 -0.259012 -0.179715 1.0000 0.1020 1.0000
v -0.241351 -0.216144 -0.143738 1.0000 0.1020 1.0000
v -0.246087 -0.240944 -0.158359 1.0000 0.1020 1.0000
v -0.238219 -0.193009 -0.146855 1.0000 0.1020 1.0000
v -0.256522 -0.272979 -0.233571 1.0000 0.1020 1.0000
v -0.327772 -0.344712 -0.294650 1.0000 0.1020 1.0000
v -0.336935 -0.371713 -0.347554 1.0000 0.1020 1.0000
v -0.340845 -0.401772 -0.405852 1.0000 0.1020 1.0000
v -0.350892 -0.429896 -0.447088 1.0000 0.1020 1.0000
v -0.331461 -0.452999 -0.496289 1.0000 0.1020 1.0000
v -0.374161 -0.352093 -0.288444 1.0000 0.1020 1.0000
v -0.359513 -0.402988 -0.392725 1.0000 0.1020 1.0000
v -0.375479 -0.399954 -0.238319 1.0000 0.1020 1.0000
v -0.270391 -0.231835 -0.243969 1.0000 0.1020 1.0000
v -0.258766 -0.252416 -0.232342 1.0000 0.1020 1.0000
v -0.269469 -0.242695 -0.211254 1.0000 0.1020 1.0000
v -0.264907 -0.227618 -0.180403 1.0000 0.1020 1.0000
v -0.267512 -0.238188 -0.194289 1.0000 0.1020 1.0000
v -0.247914 -0.216553 -0.158961 1.0000 0.1020 1.0000
v -0.259385 -0.195439 -0.169553 1.0000 0.1020 1.0000
v -0.258654 -0.241294 -0.252035 1.0000 0.1020 1.0000
v -0.261904 -0.310116 -0.233139 1.0000 0.1020 1.0000
v -0.270481 -0.240457 -0.228706 1.0000 0.1020 1.0000
v -0.257463 -0.255297 -0.209862 1.0000 0.1020 1.0000
v -0.254943 -0.249495 -0.188021 1.0000 0.1020 1.0000
v -0.251590 -0.235891 -0.170146 1.0000 0.1020 1.0000
v -0.262053 -0.212599 -0.171717 1.0000 0.1020 1.0000
v -0.244477 -0.194431 -0.156169 1.0000 0.1020 1.0000
v -0.246645 -0.247735 -0.152733 1.0000 0.1020 1.0000
v -0.237132 -0.190602 -0.137246 1.0000 0.1020 1.0000
v -0.256337 -0.288045 -0.202492 1.0000 0.1020 1.0000
v -0.250749 -0.265767 -0.171976 1.0000 0.1020 1.0000
v -0.238851 -0.211604 -0.119775 1.0000 0.1020 1.0000
v -0.298066 -0.540936 -0.461716 1.0000 0.1020 1.0000
v -0.298066 -0.607734 -0.385142 1.0000 0.1020 1.0000
v -0.298066 -0.661788 -0.298943 1.0000 0.1020 1.0000
v -0.270958 -0.270187 -0.089892 1.0000 0.1020 1.0000
v -0.311196 -0.291114 -0.101016 1.0000 0.1020 1.0000
v -0.270678 -0.255556 -0.113505 1.0000 0.1020 1.0000
v -0.310730 -0.275750 -0.125798 1.0000 0.1020 1.0000
v -0.376470 -0.363237 -0.139412 1.0000 0.1020 1.0000
v -0.373765 -0.308448 -0.213062 1.0000 0.1020 1.0000
v -0.375795 -0.338733 -0.178441 1.0000 0.1020 1.0000
v -0.370182 -0.333730 -0.123681 1.0000 0.1020 1.0000
v -0.354437 -0.306755 -0.109311 1.0000 0.1020 1.0000
v -0.369494 -0.313344 -0.156272 1.0000 0.1020 1.0000
v -0.353752 -0.289925 -0.136205 1.0000 0.1020 1.0000
v -0.351977 -0.268716 -0.159672 1.0000 0.1020 1.0000
v -0.367360 -0.288063 -0.185111 1.0000 0.1020 1.0000
v -0.272603 -0.237205 -0.134198 1.0000 0.1020 1.0000
v -0.310820 -0.256372 -0.147513 1.0000 0.1020 1.0000
v -0.331725 -0.520258 -0.440163 1.0000 0.1020 1.0000
v -0.376540 -0.329134 -0.241599 1.0000 0.1020 1.0000
v -0.378738 -0.393349 -0.155475 1.0000 0.1020 1.0000
v -0.378184 -0.364604 -0.201093 1.0000 0.1020 1.0000
v -0.234783 -0.244165 -0.076043 1.0000 0.1020 1.0000
v -0.234783 -0.229675 -0.099263 1.0000 0.1020 1.0000
v -0.318147 -0.321059 -0.248222 1.0000 0.1020 1.0000
v -0.331782 -0.693093 -0.119651 1.0000 0.1020 1.0000
v -0.369161 -0.518912 -0.102825 1.0000 0.1020 1.0000
v -0.359884 -0.581528 -0.100890 1.0000 0.1020 1.0000
v -0.321513 -0.682495 -0.198522 1.0000 0.1020 1.0000
v -0.351091 -0.640758 -0.099343 1.0000 0.1020 1.0000
v -0.368456 -0.530649 -0.039133 1.0000 0.1020 1.0000
v -0.337148 -0.539663 0.020258 1.0000 0.1020 1.0000
v -0.340899 -0.604553 0.028815 1.0000 0.1020 1.0000
v -0.327929 -0.480797 0.012377 1.0000 0.1020 1.0000
v -0.319125 -0.434368 0.006151 1.0000 0.1020 1.0000
v -0.298066 -0.736489 -0.004688 1.0000 0.1020 1.0000
v -0.329528 -0.706600 0.040212 1.0000 0.1020 1.0000
v -0.337360 -0.540583 0.070028 1.0000 0.1020 1.0000
v -0.328085 -0.481378 0.061555 1.0000 0.1020 1.0000
v -0.340952 -0.605750 0.079363 1.0000 0.1020 1.0000
v -0.327595 -0.707157 0.093907 1.0000 0.1020 1.0000
v -0.258363 -0.416304 0.004941 1.0000 0.1020 1.0000
v -0.271658 -0.355682 0.022526 1.0000 0.1020 1.0000
v -0.271029 -0.347549 0.015264 1.0000 0.1020 1.0000
v -0.270858 -0.361156 0.044412 1.0000 0.1020 1.0000
v -0.292087 -0.371059 0.045701 1.0000 0.1020 1.0000
v -0.291084 -0.370170 0.029823 1.0000 0.1020 1.0000
v -0.288987 -0.363388 0.015853 1.0000 0.1020 1.0000
v -0.277369 -0.307982 0.008005 1.0000 0.1020 1.0000
v -0.279819 -0.321823 0.001255 1.0000 0.1020 1.0000
v -0.285478 -0.345949 0.016228 1.0000 0.1020 1.0000
v -0.282889 -0.337217 0.000373 1.0000 0.1020 1.0000
v -0.288963 -0.358808 0.033255 1.0000 0.1020 1.0000
v -0.255539 -0.398588 0.018095 1.0000 0.1020 1.0000
v -0.254326 -0.366998 -0.026151 1.0000 0.1020 1.0000
v -0.250358 -0.337699 -0.030151 1.0000 0.1020 1.0000
v -0.235507 -0.267720 0.031014 1.0000 0.1020 1.0000
v -0.241351 -0.284086 -0.014680 1.0000 0.1020 1.0000
v -0.246087 -0.310017 -0.027108 1.0000 0.1020 1.0000
v -0.238219 -0.273667 0.006327 1.0000 0.1020 1.0000
v -0.253188 -0.398634 0.049729 1.0000 0.1020 1.0000
v -0.256522 -0.389761 -0.011504 1.0000 0.1020 1.0000
v -0.327772 -0.480190 -0.036801 1.0000 0.1020 1.0000
v -0.298066 -0.730153 0.097225 1.0000 0.1020 1.0000
v -0.336935 -0.538722 -0.029514 1.0000 0.1020 1.0000
v -0.340845 -0.603346 -0.021731 1.0000 0.1020 1.0000
v -0.350892 -0.652893 -0.021920 1.0000 0.1020 1.0000
v -0.331461 -0.706047 -0.013487 1.0000 0.1020 1.0000
v -0.374161 -0.479316 -0.046354 1.0000 0.1020 1.0000
v -0.359512 -0.593313 -0.030099 1.0000 0.1020 1.0000
v -0.375479 -0.465047 -0.114417 1.0000 0.1020 1.0000
v -0.269261 -0.376275 0.046526 1.0000 0.1020 1.0000
v -0.289645 -0.359413 0.044044 1.0000 0.1020 1.0000
v -0.270391 -0.375233 0.028619 1.0000 0.1020 1.0000
v -0.258766 -0.377227 0.004932 1.0000 0.1020 1.0000
v -0.269469 -0.354472 0.001184 1.0000 0.1020 1.0000
v -0.264907 -0.320672 -0.003603 1.0000 0.1020 1.0000
v -0.267512 -0.338008 -0.004598 1.0000 0.1020 1.0000
v -0.247914 -0.296833 -0.006460 1.0000 0.1020 1.0000
v -0.258654 -0.387144 0.025264 1.0000 0.1020 1.0000
v -0.257180 -0.388486 0.048277 1.0000 0.1020 1.0000
v -0.261904 -0.410236 -0.042674 1.0000 0.1020 1.0000
v -0.241840 -0.274980 0.032049 1.0000 0.1020 1.0000
v -0.254822 -0.411247 0.051540 1.0000 0.1020 1.0000
v -0.270481 -0.367544 0.012860 1.0000 0.1020 1.0000
v -0.257463 -0.360382 -0.010105 1.0000 0.1020 1.0000
v -0.254943 -0.339188 -0.017551 1.0000 0.1020 1.0000
v -0.251590 -0.316871 -0.016272 1.0000 0.1020 1.0000
v -0.262053 -0.305109 0.004015 1.0000 0.1020 1.0000
v -0.244477 -0.282124 0.010381 1.0000 0.1020 1.0000
v -0.246645 -0.309205 -0.035926 1.0000 0.1020 1.0000
v -0.237132 -0.264420 0.002931 1.0000 0.1020 1.0000
v -0.256337 -0.372694 -0.041523 1.0000 0.1020 1.0000
v -0.250749 -0.335133 -0.040124 1.0000 0.1020 1.0000
v -0.238851 -0.261841 -0.024366 1.0000 0.1020 1.0000
v -0.298066 -0.726917 -0.106344 1.0000 0.1020 1.0000
v -0.298066 -0.701824 -0.205241 1.0000 0.1020 1.0000
v -0.270678 -0.281380 -0.064445 1.0000 0.1020 1.0000
v -0.310730 -0.302852 -0.074299 1.0000 0.1020 1.0000
v -0.373765 -0.392960 -0.052390 1.0000 0.1020 1.0000
v -0.375795 -0.381527 -0.097069 1.0000 0.1020 1.0000
v -0.369494 -0.349057 -0.088391 1.0000 0.1020 1.0000
v -0.353752 -0.319404 -0.080190 1.0000 0.1020 1.0000
v -0.351977 -0.326782 -0.049347 1.0000 0.1020 1.0000
v -0.367360 -0.358557 -0.051136 1.0000 0.1020 1.0000
v -0.272603 -0.288087 -0.037537 1.0000 0.1020 1.0000
v -0.310820 -0.309821 -0.045964 1.0000 0.1020 1.0000
v -0.331725 -0.697791 -0.101177 1.0000 0.1020 1.0000
v -0.234783 -0.262708 0.030295 1.0000 0.1020 1.0000
v -0.376540 -0.427999 -0.053568 1.0000 0.1020 1.0000
v -0.378184 -0.414654 -0.105886 1.0000 0.1020 1.0000
v -0.234783 -0.255118 -0.050936 1.0000 0.1020 1.0000
v -0.318147 -0.428822 -0.043223 1.0000 0.1020 1.0000
v -0.318147 -0.429564 0.054141 1.0000 0.1020 1.0000
v -0.331782 0.181206 -0.550344 1.0000 0.1020 1.0000
v -0.369161 0.086870 -0.401111 1.0000 0.1020 1.0000
v -0.320251 0.017136 -0.616023 1.0000 0.1020 1.0000
v -0.359884 0.127033 -0.449824 1.0000 0.1020 1.0000
v -0.351091 0.164838 -0.496101 1.0000 0.1020 1.0000
v -0.368456 0.144299 -0.371385 1.0000 0.1020 1.0000
v -0.337148 0.196749 -0.342207 1.0000 0.1020 1.0000
v -0.340899 0.243565 -0.388653 1.0000 0.1020 1.0000
v -0.327929 0.154239 -0.300180 1.0000 0.1020 1.0000
v -0.319125 0.120730 -0.267052 1.0000 0.1020 1.0000
v -0.298066 0.298832 -0.514536 1.0000 0.1020 1.0000
v -0.329528 0.315693 -0.463060 1.0000 0.1020 1.0000
v -0.258363 0.108769 -0.253528 1.0000 0.1020 1.0000
v -0.268187 0.059235 -0.177557 1.0000 0.1020 1.0000
v -0.266410 0.057009 -0.166944 1.0000 0.1020 1.0000
v -0.291084 0.099888 -0.201500 1.0000 0.1020 1.0000
v -0.288987 0.084714 -0.204675 1.0000 0.1020 1.0000
v -0.286108 0.069444 -0.201819 1.0000 0.1020 1.0000
v -0.281064 0.058984 -0.175670 1.0000 0.1020 1.0000
v -0.283218 0.065144 -0.184639 1.0000 0.1020 1.0000
v -0.277369 0.044456 -0.165433 1.0000 0.1020 1.0000
v -0.275913 0.047317 -0.150247 1.0000 0.1020 1.0000
v -0.287496 0.084987 -0.192580 1.0000 0.1020 1.0000
v -0.279345 0.056741 -0.165044 1.0000 0.1020 1.0000
v -0.279819 0.047653 -0.180578 1.0000 0.1020 1.0000
v -0.285478 0.074279 -0.190577 1.0000 0.1020 1.0000
v -0.282889 0.056428 -0.193358 1.0000 0.1020 1.0000
v -0.278325 0.058744 -0.154411 1.0000 0.1020 1.0000
v -0.255539 0.108222 -0.231367 1.0000 0.1020 1.0000
v -0.254326 0.053938 -0.233374 1.0000 0.1020 1.0000
v -0.250358 0.032768 -0.212521 1.0000 0.1020 1.0000
v -0.241351 0.011976 -0.160399 1.0000 0.1020 1.0000
v -0.246087 0.018139 -0.188642 1.0000 0.1020 1.0000
v -0.238219 0.022097 -0.139229 1.0000 0.1020 1.0000
v -0.256522 0.079476 -0.242495 1.0000 0.1020 1.0000
v -0.327772 0.115124 -0.329872 1.0000 0.1020 1.0000
v -0.336935 0.156939 -0.371995 1.0000 0.1020 1.0000
v -0.340845 0.202954 -0.418696 1.0000 0.1020 1.0000
v -0.350892 0.233389 -0.458274 1.0000 0.1020 1.0000
v -0.331461 0.272961 -0.495544 1.0000 0.1020 1.0000
v -0.374161 0.106945 -0.334931 1.0000 0.1020 1.0000
v -0.359512 0.190113 -0.415784 1.0000 0.1020 1.0000
v -0.375479 0.044535 -0.365318 1.0000 0.1020 1.0000
v -0.270391 0.102097 -0.206303 1.0000 0.1020 1.0000
v -0.258766 0.084691 -0.222430 1.0000 0.1020 1.0000
v -0.269469 0.067712 -0.206606 1.0000 0.1020 1.0000
v -0.264907 0.043150 -0.182666 1.0000 0.1020 1.0000
v -0.267512 0.053031 -0.197062 1.0000 0.1020 1.0000
v -0.247914 0.026269 -0.165483 1.0000 0.1020 1.0000
v -0.259385 0.042842 -0.148534 1.0000 0.1020 1.0000
v -0.258654 0.106813 -0.217857 1.0000 0.1020 1.0000
v -0.261904 0.067540 -0.277911 1.0000 0.1020 1.0000
v -0.270481 0.084951 -0.209846 1.0000 0.1020 1.0000
v -0.257463 0.062488 -0.218256 1.0000 0.1020 1.0000
v -0.254943 0.043588 -0.205968 1.0000 0.1020 1.0000
v -0.251590 0.030871 -0.187436 1.0000 0.1020 1.0000
v -0.262053 0.039576 -0.165616 1.0000 0.1020 1.0000
v -0.244477 0.030479 -0.143459 1.0000 0.1020 1.0000
v -0.246645 0.010703 -0.193404 1.0000 0.1020 1.0000
v -0.237132 0.013741 -0.133960 1.0000 0.1020 1.0000
v -0.256337 0.045343 -0.247334 1.0000 0.1020 1.0000
v -0.250749 0.023341 -0.216599 1.0000 0.1020 1.0000
v -0.238851 -0.009312 -0.148659 1.0000 0.1020 1.0000
v -0.298066 0.020490 -0.635283 1.0000 0.1020 1.0000
v -0.270958 -0.055772 -0.195454 1.0000 0.1020 1.0000
v -0.311196 -0.051748 -0.218855 1.0000 0.1020 1.0000
v -0.270678 -0.028881 -0.188742 1.0000 0.1020 1.0000
v -0.310730 -0.023518 -0.211803 1.0000 0.1020 1.0000
v -0.376470 -0.037792 -0.299641 1.0000 0.1020 1.0000
v -0.373765 0.049007 -0.269915 1.0000 0.1020 1.0000
v -0.375795 0.006791 -0.288222 1.0000 0.1020 1.0000
v -0.370182 -0.043532 -0.266543 1.0000 0.1020 1.0000
v -0.354437 -0.048764 -0.236311 1.0000 0.1020 1.0000
v -0.369494 -0.006334 -0.257089 1.0000 0.1020 1.0000
v -0.353752 -0.018074 -0.228507 1.0000 0.1020 1.0000
v -0.351977 0.010736 -0.215455 1.0000 0.1020 1.0000
v -0.367360 0.028838 -0.241794 1.0000 0.1020 1.0000
v -0.272603 -0.003598 -0.177565 1.0000 0.1020 1.0000
v -0.310820 0.003059 -0.199961 1.0000 0.1020 1.0000
v -0.331725 0.198685 -0.542763 1.0000 0.1020 1.0000
v -0.376540 0.069643 -0.298511 1.0000 0.1020 1.0000
v -0.378738 -0.031928 -0.333435 1.0000 0.1020 1.0000
v -0.378184 0.020225 -0.319980 1.0000 0.1020 1.0000
v -0.234783 -0.060800 -0.166316 1.0000 0.1020 1.0000
v -0.234783 -0.034330 -0.159621 1.0000 0.1020 1.0000
v -0.318147 0.078436 -0.292939 1.0000 0.1020 1.0000
v -0.331782 -0.159172 -0.610026 1.0000 0.1020 1.0000
v -0.369161 -0.120816 -0.437548 1.0000 0.1020 1.0000
v -0.359884 -0.142140 -0.497040 1.0000 0.1020 1.0000
v -0.321513 -0.081169 -0.624204 1.0000 0.1020 1.0000
v -0.351091 -0.162064 -0.553432 1.0000 0.1020 1.0000
v -0.368456 -0.184734 -0.429118 1.0000 0.1020 1.0000
v -0.337148 -0.243680 -0.419496 1.0000 0.1020 1.0000
v -0.340899 -0.271981 -0.479101 1.0000 0.1020 1.0000
v -0.327929 -0.217913 -0.365501 1.0000 0.1020 1.0000
v -0.319125 -0.197593 -0.322935 1.0000 0.1020 1.0000
v -0.298066 -0.281464 -0.616297 1.0000 0.1020 1.0000
v -0.329528 -0.314579 -0.573599 1.0000 0.1020 1.0000
v -0.337360 -0.291009 -0.405008 1.0000 0.1020 1.0000
v -0.328085 -0.264581 -0.350873 1.0000 0.1020 1.0000
v -0.340952 -0.320123 -0.464637 1.0000 0.1020 1.0000
v -0.327595 -0.365489 -0.557552 1.0000 0.1020 1.0000
v -0.258363 -0.190799 -0.306128 1.0000 0.1020 1.0000
v -0.270858 -0.211010 -0.241066 1.0000 0.1020 1.0000
v -0.292087 -0.215317 -0.250113 1.0000 0.1020 1.0000
v -0.291084 -0.200030 -0.254168 1.0000 0.1020 1.0000
v -0.288987 -0.184716 -0.251987 1.0000 0.1020 1.0000
v -0.288963 -0.199750 -0.242226 1.0000 0.1020 1.0000
v -0.255539 -0.197733 -0.285092 1.0000 0.1020 1.0000
v -0.254326 -0.146093 -0.268500 1.0000 0.1020 1.0000
v -0.250358 -0.133220 -0.241672 1.0000 0.1020 1.0000
v -0.235507 -0.169366 -0.155773 1.0000 0.1020 1.0000
v -0.241351 -0.131227 -0.185553 1.0000 0.1020 1.0000
v -0.246087 -0.127511 -0.214223 1.0000 0.1020 1.0000
v -0.238219 -0.147863 -0.169085 1.0000 0.1020 1.0000
v -0.253188 -0.227649 -0.275372 1.0000 0.1020 1.0000
v -0.256522 -0.167009 -0.285779 1.0000 0.1020 1.0000
v -0.327772 -0.171225 -0.380128 1.0000 0.1020 1.0000
v -0.298066 -0.375790 -0.578735 1.0000 0.1020 1.0000
v -0.336935 -0.196330 -0.433983 1.0000 0.1020 1.0000
v -0.340845 -0.223816 -0.493565 1.0000 0.1020 1.0000
v -0.350892 -0.239088 -0.541144 1.0000 0.1020 1.0000
v -0.331461 -0.263643 -0.589644 1.0000 0.1020 1.0000
v -0.374161 -0.161940 -0.382117 1.0000 0.1020 1.0000
v -0.359513 -0.212784 -0.486464 1.0000 0.1020 1.0000
v -0.375479 -0.093091 -0.389467 1.0000 0.1020 1.0000
v -0.257347 -0.178461 -0.174391 1.0000 0.1020 1.0000
v -0.269261 -0.217695 -0.254904 1.0000 0.1020 1.0000
v -0.289645 -0.210137 -0.239473 1.0000 0.1020 1.0000
v -0.270391 -0.200446 -0.259432 1.0000 0.1020 1.0000
v -0.258766 -0.178661 -0.268677 1.0000 0.1020 1.0000
v -0.247914 -0.142954 -0.195206 1.0000 0.1020 1.0000
v -0.259385 -0.164251 -0.184911 1.0000 0.1020 1.0000
v -0.258654 -0.200961 -0.271904 1.0000 0.1020 1.0000
v -0.257180 -0.223128 -0.266088 1.0000 0.1020 1.0000
v -0.261904 -0.143896 -0.315034 1.0000 0.1020 1.0000
v -0.241840 -0.172599 -0.162395 1.0000 0.1020 1.0000
v -0.254822 -0.233274 -0.286902 1.0000 0.1020 1.0000
v -0.270481 -0.183161 -0.256930 1.0000 0.1020 1.0000
v -0.257463 -0.159216 -0.257190 1.0000 0.1020 1.0000
v -0.254943 -0.145600 -0.239193 1.0000 0.1020 1.0000
v -0.251590 -0.139888 -0.217426 1.0000 0.1020 1.0000
v -0.262053 -0.155434 -0.199868 1.0000 0.1020 1.0000
v -0.244477 -0.154323 -0.175920 1.0000 0.1020 1.0000
v -0.246645 -0.118920 -0.216170 1.0000 0.1020 1.0000
v -0.237132 -0.141788 -0.161283 1.0000 0.1020 1.0000
v -0.256337 -0.133324 -0.278709 1.0000 0.1020 1.0000
v -0.250749 -0.122991 -0.242299 1.0000 0.1020 1.0000
v -0.238851 -0.115175 -0.167254 1.0000 0.1020 1.0000
v -0.298066 -0.182333 -0.638543 1.0000 0.1020 1.0000
v -0.298066 -0.080844 -0.644923 1.0000 0.1020 1.0000
v -0.270678 -0.083326 -0.198305 1.0000 0.1020 1.0000
v -0.310730 -0.080678 -0.221841 1.0000 0.1020 1.0000
v -0.373765 -0.129404 -0.301231 1.0000 0.1020 1.0000
v -0.375795 -0.083567 -0.304084 1.0000 0.1020 1.0000
v -0.369494 -0.081701 -0.270318 1.0000 0.1020 1.0000
v -0.353752 -0.080259 -0.239425 1.0000 0.1020 1.0000
v -0.351977 -0.111737 -0.236959 1.0000 0.1020 1.0000
v -0.367360 -0.119910 -0.267906 1.0000 0.1020 1.0000
v -0.272603 -0.110866 -0.196405 1.0000 0.1020 1.0000
v -0.310820 -0.109654 -0.219754 1.0000 0.1020 1.0000
v -0.331725 -0.178124 -0.608834 1.0000 0.1020 1.0000
v -0.234783 -0.167136 -0.151196 1.0000 0.1020 1.0000
v -0.376540 -0.139169 -0.335159 1.0000 0.1020 1.0000
v -0.378184 -0.085508 -0.338535 1.0000 0.1020 1.0000
v -0.234783 -0.087952 -0.169041 1.0000 0.1020 1.0000
v -0.318147 -0.149180 -0.332894 1.0000 0.1020 1.0000
v -0.318147 -0.241471 -0.303514 1.0000 0.1020 1.0000
v -0.331782 0.521181 0.093645 1.0000 0.1020 1.0000
v -0.369161 0.350039 0.049792 1.0000 0.1020 1.0000
v -0.320251 0.532839 -0.083017 1.0000 0.1020 1.0000
v -0.359884 0.408796 0.073053 1.0000 0.1020 1.0000
v -0.321513 0.537858 0.015814 1.0000 0.1020 1.0000
v -0.351091 0.464521 0.094796 1.0000 0.1020 1.0000
v -0.368456 0.339564 0.113721 1.0000 0.1020 1.0000
v -0.337148 0.328061 0.172703 1.0000 0.1020 1.0000
v -0.340899 0.386692 0.202962 1.0000 0.1020 1.0000
v -0.327929 0.274984 0.145158 1.0000 0.1020 1.0000
v -0.319125 0.233164 0.123427 1.0000 0.1020 1.0000
v -0.298066 0.523513 0.216701 1.0000 0.1020 1.0000
v -0.329528 0.479770 0.248651 1.0000 0.1020 1.0000
v -0.258363 0.216637 0.116160 1.0000 0.1020 1.0000
v -0.266410 0.118485 0.093512 1.0000 0.1020 1.0000
v -0.264751 0.109051 0.098727 1.0000 0.1020 1.0000
v -0.271597 0.154537 0.122799 1.0000 0.1020 1.0000
v -0.291084 0.164511 0.123772 1.0000 0.1020 1.0000
v -0.288987 0.162832 0.108315 1.0000 0.1020 1.0000
v -0.286108 0.155402 0.094625 1.0000 0.1020 1.0000
v -0.281064 0.127367 0.092713 1.0000 0.1020 1.0000
v -0.283218 0.137778 0.095821 1.0000 0.1020 1.0000
v -0.275913 0.099655 0.089424 1.0000 0.1020 1.0000
v -0.279345 0.116597 0.093854 1.0000 0.1020 1.0000
v -0.279819 0.128519 0.080383 1.0000 0.1020 1.0000
v -0.282889 0.143352 0.084812 1.0000 0.1020 1.0000
v -0.278325 0.107134 0.099050 1.0000 0.1020 1.0000
v -0.288963 0.152617 0.123118 1.0000 0.1020 1.0000
v -0.255539 0.195436 0.122482 1.0000 0.1020 1.0000
v -0.254326 0.180552 0.070059 1.0000 0.1020 1.0000
v -0.250358 0.154221 0.056288 1.0000 0.1020 1.0000
v -0.241351 0.098364 0.052524 1.0000 0.1020 1.0000
v -0.246087 0.127048 0.049689 1.0000 0.1020 1.0000
v -0.238219 0.081427 0.068723 1.0000 0.1020 1.0000
v -0.256522 0.197107 0.091617 1.0000 0.1020 1.0000
v -0.327772 0.291088 0.098695 1.0000 0.1020 1.0000
v -0.336935 0.344054 0.125566 1.0000 0.1020 1.0000
v -0.340845 0.402696 0.155000 1.0000 0.1020 1.0000
v -0.350892 0.449760 0.171780 1.0000 0.1020 1.0000
v -0.331461 0.497449 0.197946 1.0000 0.1020 1.0000
v -0.374161 0.293361 0.089363 1.0000 0.1020 1.0000
v -0.359512 0.395955 0.143672 1.0000 0.1020 1.0000
v -0.375479 0.302912 0.020459 1.0000 0.1020 1.0000
v -0.270391 0.169756 0.124387 1.0000 0.1020 1.0000
v -0.258766 0.179679 0.102792 1.0000 0.1020 1.0000
v -0.269469 0.159413 0.091483 1.0000 0.1020 1.0000
v -0.264907 0.129111 0.075429 1.0000 0.1020 1.0000
v -0.267512 0.145820 0.080415 1.0000 0.1020 1.0000
v -0.247914 0.107603 0.064608 1.0000 0.1020 1.0000
v -0.259385 0.096654 0.085672 1.0000 0.1020 1.0000
v -0.258654 0.182181 0.125310 1.0000 0.1020 1.0000
v -0.261904 0.227028 0.069301 1.0000 0.1020 1.0000
v -0.270481 0.167817 0.106931 1.0000 0.1020 1.0000
v -0.257463 0.168853 0.082888 1.0000 0.1020 1.0000
v -0.254943 0.151351 0.068642 1.0000 0.1020 1.0000
v -0.251590 0.129841 0.062223 1.0000 0.1020 1.0000
v -0.262053 0.111840 0.077280 1.0000 0.1020 1.0000
v -0.244477 0.088026 0.075425 1.0000 0.1020 1.0000
v -0.246645 0.129263 0.041121 1.0000 0.1020 1.0000
v -0.237132 0.073851 0.062370 1.0000 0.1020 1.0000
v -0.256337 0.191140 0.057547 1.0000 0.1020 1.0000
v -0.250749 0.155172 0.046031 1.0000 0.1020 1.0000
v -0.238851 0.080651 0.035817 1.0000 0.1020 1.0000
v -0.298066 0.548937 0.117801 1.0000 0.1020 1.0000
v -0.298066 0.558578 0.016146 1.0000 0.1020 1.0000
v -0.298066 0.552197 -0.085765 1.0000 0.1020 1.0000
v -0.270958 0.110631 -0.022987 1.0000 0.1020 1.0000
v -0.311196 0.134061 -0.026327 1.0000 0.1020 1.0000
v -0.270678 0.112586 0.004774 1.0000 0.1020 1.0000
v -0.310730 0.136105 0.002814 1.0000 0.1020 1.0000
v -0.376470 0.215035 -0.037857 1.0000 0.1020 1.0000
v -0.373765 0.213682 0.054162 1.0000 0.1020 1.0000
v -0.375795 0.217996 0.008227 1.0000 0.1020 1.0000
v -0.370182 0.181839 -0.033134 1.0000 0.1020 1.0000
v -0.354437 0.151533 -0.028818 1.0000 0.1020 1.0000
v -0.369494 0.184378 0.005300 1.0000 0.1020 1.0000
v -0.353752 0.153625 0.002897 1.0000 0.1020 1.0000
v -0.351977 0.150159 0.034432 1.0000 0.1020 1.0000
v -0.367360 0.180749 0.043592 1.0000 0.1020 1.0000
v -0.272603 0.109811 0.032374 1.0000 0.1020 1.0000
v -0.310820 0.133097 0.031850 1.0000 0.1020 1.0000
v -0.331725 0.519380 0.112637 1.0000 0.1020 1.0000
v -0.376540 0.247221 0.065030 1.0000 0.1020 1.0000
v -0.378738 0.248943 -0.042681 1.0000 0.1020 1.0000
v -0.378184 0.252311 0.011254 1.0000 0.1020 1.0000
v -0.234783 0.081462 -0.018827 1.0000 0.1020 1.0000
v -0.234783 0.083302 0.008530 1.0000 0.1020 1.0000
v -0.318147 0.244659 0.075093 1.0000 0.1020 1.0000
v -0.331782 0.472456 -0.249448 1.0000 0.1020 1.0000
v -0.369161 0.320314 -0.159675 1.0000 0.1020 1.0000
v -0.359884 0.370259 -0.198379 1.0000 0.1020 1.0000
v -0.321513 0.510143 -0.179338 1.0000 0.1020 1.0000
v -0.351091 0.417717 -0.234779 1.0000 0.1020 1.0000
v -0.368456 0.292473 -0.218157 1.0000 0.1020 1.0000
v -0.337148 0.265029 -0.271603 1.0000 0.1020 1.0000
v -0.340899 0.312890 -0.316999 1.0000 0.1020 1.0000
v -0.327929 0.221738 -0.230350 1.0000 0.1020 1.0000
v -0.319125 0.187631 -0.197817 1.0000 0.1020 1.0000
v -0.298066 0.440438 -0.368285 1.0000 0.1020 1.0000
v -0.329528 0.389529 -0.386796 1.0000 0.1020 1.0000
v -0.337360 0.236570 -0.312420 1.0000 0.1020 1.0000
v -0.328085 0.193365 -0.270487 1.0000 0.1020 1.0000
v -0.340952 0.284186 -0.358608 1.0000 0.1020 1.0000
v -0.327595 0.358437 -0.430577 1.0000 0.1020 1.0000
v -0.258363 0.173790 -0.186221 1.0000 0.1020 1.0000
v -0.266410 0.085843 -0.137072 1.0000 0.1020 1.0000
v -0.264751 0.075338 -0.139443 1.0000 0.1020 1.0000
v -0.278169 0.064729 -0.145432 1.0000 0.1020 1.0000
v -0.275682 0.056116 -0.137033 1.0000 0.1020 1.0000
v -0.292087 0.113044 -0.192362 1.0000 0.1020 1.0000
v -0.291084 0.121629 -0.178989 1.0000 0.1020 1.0000
v -0.288987 0.124309 -0.163672 1.0000 0.1020 1.0000
v -0.286108 0.120978 -0.148449 1.0000 0.1020 1.0000
v -0.281064 0.094591 -0.138787 1.0000 0.1020 1.0000
v -0.277369 0.083931 -0.124538 1.0000 0.1020 1.0000
v -0.275913 0.068897 -0.127888 1.0000 0.1020 1.0000
v -0.287496 0.112266 -0.164330 1.0000 0.1020 1.0000
v -0.279345 0.083934 -0.136874 1.0000 0.1020 1.0000
v -0.279819 0.099121 -0.127263 1.0000 0.1020 1.0000
v -0.285478 0.109930 -0.153654 1.0000 0.1020 1.0000
v -0.282889 0.112133 -0.135661 1.0000 0.1020 1.0000
v -0.278325 0.073408 -0.139220 1.0000 0.1020 1.0000
v -0.255539 0.151680 -0.186373 1.0000 0.1020 1.0000
v -0.254326 0.151949 -0.131872 1.0000 0.1020 1.0000
v -0.250358 0.130491 -0.111294 1.0000 0.1020 1.0000
v -0.235507 0.037870 -0.119369 1.0000 0.1020 1.0000
v -0.241351 0.077901 -0.092079 1.0000 0.1020 1.0000
v -0.246087 0.106230 -0.097371 1.0000 0.1020 1.0000
v -0.238219 0.057142 -0.102908 1.0000 0.1020 1.0000
v -0.253188 0.133181 -0.212003 1.0000 0.1020 1.0000
v -0.256522 0.161857 -0.157198 1.0000 0.1020 1.0000
v -0.327772 0.250116 -0.190214 1.0000 0.1020 1.0000
v -0.298066 0.375375 -0.446985 1.0000 0.1020 1.0000
v -0.336935 0.293492 -0.230783 1.0000 0.1020 1.0000
v -0.340845 0.341598 -0.275391 1.0000 0.1020 1.0000
v -0.350892 0.382110 -0.304606 1.0000 0.1020 1.0000
v -0.331461 0.420625 -0.343015 1.0000 0.1020 1.0000
v -0.374161 0.254888 -0.181888 1.0000 0.1020 1.0000
v -0.359512 0.338276 -0.262632 1.0000 0.1020 1.0000
v -0.375479 0.283220 -0.118369 1.0000 0.1020 1.0000
v -0.257347 0.052688 -0.133787 1.0000 0.1020 1.0000
v -0.269261 0.116852 -0.196146 1.0000 0.1020 1.0000
v -0.270391 0.126496 -0.181038 1.0000 0.1020 1.0000
v -0.258766 0.142021 -0.163067 1.0000 0.1020 1.0000
v -0.269469 0.125703 -0.146547 1.0000 0.1020 1.0000
v -0.264907 0.101066 -0.122668 1.0000 0.1020 1.0000
v -0.267512 0.115724 -0.132125 1.0000 0.1020 1.0000
v -0.247914 0.083418 -0.106266 1.0000 0.1020 1.0000
v -0.259385 0.067059 -0.123442 1.0000 0.1020 1.0000
v -0.258654 0.138169 -0.185393 1.0000 0.1020 1.0000
v -0.257180 0.125776 -0.204809 1.0000 0.1020 1.0000
v -0.261904 0.196785 -0.144110 1.0000 0.1020 1.0000
v -0.241840 0.043141 -0.124497 1.0000 0.1020 1.0000
v -0.254822 0.142371 -0.220935 1.0000 0.1020 1.0000
v -0.270481 0.129482 -0.163734 1.0000 0.1020 1.0000
v -0.257463 0.137153 -0.140928 1.0000 0.1020 1.0000
v -0.254943 0.124304 -0.122360 1.0000 0.1020 1.0000
v -0.251590 0.105433 -0.110188 1.0000 0.1020 1.0000
v -0.262053 0.083968 -0.119624 1.0000 0.1020 1.0000
v -0.244477 0.061618 -0.111189 1.0000 0.1020 1.0000
v -0.246645 0.110737 -0.089757 1.0000 0.1020 1.0000
v -0.237132 0.051629 -0.094690 1.0000 0.1020 1.0000
v -0.256337 0.165591 -0.122811 1.0000 0.1020 1.0000
v -0.250749 0.134253 -0.101707 1.0000 0.1020 1.0000
v -0.238851 0.065527 -0.071086 1.0000 0.1020 1.0000
v -0.298066 0.492390 -0.280378 1.0000 0.1020 1.0000
v -0.298066 0.529952 -0.185424 1.0000 0.1020 1.0000
v -0.270678 0.104809 -0.050195 1.0000 0.1020 1.0000
v -0.310730 0.127938 -0.054887 1.0000 0.1020 1.0000
v -0.373765 0.188168 -0.125864 1.0000 0.1020 1.0000
v -0.375795 0.205076 -0.082947 1.0000 0.1020 1.0000
v -0.369494 0.173605 -0.070756 1.0000 0.1020 1.0000
v -0.353752 0.144739 -0.059866 1.0000 0.1020 1.0000
v -0.351977 0.132653 -0.089184 1.0000 0.1020 1.0000
v -0.367360 0.159482 -0.106520 1.0000 0.1020 1.0000
v -0.272603 0.094483 -0.075930 1.0000 0.1020 1.0000
v -0.310820 0.116988 -0.081934 1.0000 0.1020 1.0000
v -0.331725 0.465440 -0.267185 1.0000 0.1020 1.0000
v -0.234783 0.034225 -0.115823 1.0000 0.1020 1.0000
v -0.376540 0.217352 -0.145652 1.0000 0.1020 1.0000
v -0.378184 0.237189 -0.095424 1.0000 0.1020 1.0000
v -0.234783 0.075645 -0.045619 1.0000 0.1020 1.0000
v -0.318147 0.212099 -0.154600 1.0000 0.1020 1.0000
v -0.318147 0.155588 -0.233806 1.0000 0.1020 1.0000
v -0.310639 0.016928 0.524085 0.1020 0.1020 1.0000
v -0.300572 0.016229 0.578434 0.1020 0.1020 1.0000
v -0.297491 0.019799 0.593094 0.1020 0.1020 1.0000
v -0.294496 0.029511 0.604088 0.1020 0.1020 1.0000
v -0.292272 0.043016 0.608967 0.1020 0.1020 1.0000
v -0.288843 0.105304 0.594874 0.1020 0.1020 1.0000
v -0.331002 0.039318 0.403181 0.1020 0.1020 1.0000
v -0.330773 0.032317 0.408068 0.1020 0.1020 1.0000
v -0.329906 0.026842 0.415579 0.1020 0.1020 1.0000
v -0.328633 0.024358 0.423699 0.1020 0.1020 1.0000
v -0.320381 0.020333 0.470057 0.1020 0.1020 1.0000
v -0.330114 0.091843 0.380539 0.1020 0.1020 1.0000
v -0.287186 0.181418 0.564085 0.1020 0.1020 1.0000
v -0.339050 0.101327 0.605996 0.1020 0.1020 1.0000
v -0.332846 0.098707 0.613410 0.1020 0.1020 1.0000
v -0.392472 0.027477 0.391521 0.1020 0.1020 1.0000
v -0.393804 0.019629 0.383755 0.1020 0.1020 1.0000
v -0.392323 0.019662 0.397013 0.1020 0.1020 1.0000
v -0.393709 0.011276 0.389657 0.1020 0.1020 1.0000
v -0.391369 0.013523 0.405400 0.1020 0.1020 1.0000
v -0.392699 0.004694 0.398622 0.1020 0.1020 1.0000
v -0.389853 0.010727 0.414469 0.1020 0.1020 1.0000
v -0.391024 0.001688 0.408324 0.1020 0.1020 1.0000
v -0.379824 0.006027 0.466053 0.1020 0.1020 1.0000
v -0.379829 -0.003492 0.463381 0.1020 0.1020 1.0000
v -0.367935 0.002037 0.526249 0.1020 0.1020 1.0000
v -0.366524 -0.007898 0.527671 0.1020 0.1020 1.0000
v -0.355516 0.001272 0.587038 0.1020 0.1020 1.0000
v -0.352538 -0.008715 0.592748 0.1020 0.1020 1.0000
v -0.351646 0.005276 0.603391 0.1020 0.1020 1.0000
v -0.348144 -0.004433 0.610223 0.1020 0.1020 1.0000
v -0.347529 0.016618 0.616467 0.1020 0.1020 1.0000
v -0.344379 0.032021 0.622371 0.1020 0.1020 1.0000
v -0.339422 0.024802 0.631362 0.1020 0.1020 1.0000
v -0.335589 0.185131 0.571724 0.1020 0.1020 1.0000
v -0.328202 0.187607 0.576789 0.1020 0.1020 1.0000
v -0.390969 0.080377 0.357117 0.1020 0.1020 1.0000
v -0.390405 0.084950 0.366493 0.1020 0.1020 1.0000
v -0.356255 0.016893 0.524085 0.1020 0.1020 1.0000
v -0.346188 0.016196 0.578434 0.1020 0.1020 1.0000
v -0.343107 0.019768 0.593094 0.1020 0.1020 1.0000
v -0.340112 0.029481 0.604088 0.1020 0.1020 1.0000
v -0.337888 0.042987 0.608967 0.1020 0.1020 1.0000
v -0.334459 0.105282 0.594874 0.1020 0.1020 1.0000
v -0.376618 0.039281 0.403181 0.1020 0.1020 1.0000
v -0.376389 0.032280 0.408068 0.1020 0.1020 1.0000
v -0.375521 0.026804 0.415579 0.1020 0.1020 1.0000
v -0.374249 0.024320 0.423699 0.1020 0.1020 1.0000
v -0.365997 0.020296 0.470057 0.1020 0.1020 1.0000
v -0.375730 0.091812 0.380539 0.1020 0.1020 1.0000
v -0.332801 0.181402 0.564085 0.1020 0.1020 1.0000
v -0.335712 -0.019123 0.622411 0.1020 0.1020 1.0000
v -0.342364 -0.023605 0.603471 0.1020 0.1020 1.0000
v -0.379619 -0.009842 0.387162 0.1020 0.1020 1.0000
v -0.380317 -0.002612 0.377172 0.1020 0.1020 1.0000
v -0.378313 -0.013082 0.398014 0.1020 0.1020 1.0000
v -0.380762 0.006668 0.370716 0.1020 0.1020 1.0000
v -0.381580 0.073329 0.342649 0.1020 0.1020 1.0000
v -0.360120 -0.022492 0.531831 0.1020 0.1020 1.0000
v -0.370644 -0.018199 0.459845 0.1020 0.1020 1.0000
v -0.310639 0.250914 0.409306 0.1020 0.1020 1.0000
v -0.300572 0.294191 0.442124 0.1020 0.1020 1.0000
v -0.297491 0.303553 0.453951 0.1020 0.1020 1.0000
v -0.294496 0.306254 0.468395 0.1020 0.1020 1.0000
v -0.292272 0.301799 0.482084 0.1020 0.1020 1.0000
v -0.288843 0.252416 0.522753 0.1020 0.1020 1.0000
v -0.331002 0.141912 0.352830 0.1020 0.1020 1.0000
v -0.330773 0.150059 0.350281 0.1020 0.1020 1.0000
v -0.329906 0.159337 0.350553 0.1020 0.1020 1.0000
v -0.328633 0.167259 0.353570 0.1020 0.1020 1.0000
v -0.320381 0.206250 0.378839 0.1020 0.1020 1.0000
v -0.339050 0.263600 0.526451 0.1020 0.1020 1.0000
v -0.332846 0.271061 0.528926 0.1020 0.1020 1.0000
v -0.392472 0.139937 0.336328 0.1020 0.1020 1.0000
v -0.393804 0.138641 0.325345 0.1020 0.1020 1.0000
v -0.392323 0.149063 0.333508 0.1020 0.1020 1.0000
v -0.393709 0.148418 0.322349 0.1020 0.1020 1.0000
v -0.391369 0.159439 0.333791 0.1020 0.1020 1.0000
v -0.392699 0.159525 0.322638 0.1020 0.1020 1.0000
v -0.389853 0.168300 0.337144 0.1020 0.1020 1.0000
v -0.391024 0.169013 0.326211 0.1020 0.1020 1.0000
v -0.379824 0.211835 0.365084 0.1020 0.1020 1.0000
v -0.379829 0.215577 0.355900 0.1020 0.1020 1.0000
v -0.367935 0.261731 0.398874 0.1020 0.1020 1.0000
v -0.366524 0.268961 0.391876 0.1020 0.1020 1.0000
v -0.355516 0.310136 0.435592 0.1020 0.1020 1.0000
v -0.352538 0.320782 0.431186 0.1020 0.1020 1.0000
v -0.351646 0.320573 0.448803 0.1020 0.1020 1.0000
v -0.348144 0.331935 0.445307 0.1020 0.1020 1.0000
v -0.347529 0.323916 0.465816 0.1020 0.1020 1.0000
v -0.343224 0.335693 0.464137 0.1020 0.1020 1.0000
v -0.344379 0.319104 0.481636 0.1020 0.1020 1.0000
v -0.339422 0.330635 0.481439 0.1020 0.1020 1.0000
v -0.356255 0.250901 0.409306 0.1020 0.1020 1.0000
v -0.346188 0.294183 0.442124 0.1020 0.1020 1.0000
v -0.343107 0.303546 0.453951 0.1020 0.1020 1.0000
v -0.340112 0.306247 0.468395 0.1020 0.1020 1.0000
v -0.337888 0.301792 0.482084 0.1020 0.1020 1.0000
v -0.334459 0.252405 0.522753 0.1020 0.1020 1.0000
v -0.376618 0.141887 0.352830 0.1020 0.1020 1.0000
v -0.376389 0.150034 0.350281 0.1020 0.1020 1.0000
v -0.375521 0.159313 0.350553 0.1020 0.1020 1.0000
v -0.374249 0.167236 0.353570 0.1020 0.1020 1.0000
v -0.365997 0.206232 0.378839 0.1020 0.1020 1.0000
v -0.335712 0.350589 0.441147 0.1020 0.1020 1.0000
v -0.319042 0.354137 0.460204 0.1020 0.1020 1.0000
v -0.342364 0.338406 0.425968 0.1020 0.1020 1.0000
v -0.307114 0.348096 0.478037 0.1020 0.1020 1.0000
v -0.379619 0.159445 0.304069 0.1020 0.1020 1.0000
v -0.378313 0.169984 0.308162 0.1020 0.1020 1.0000
v -0.380762 0.136352 0.307059 0.1020 0.1020 1.0000
v -0.360120 0.281220 0.382861 0.1020 0.1020 1.0000
v -0.370644 0.221839 0.342067 0.1020 0.1020 1.0000
v -0.307540 0.282760 0.532122 0.1020 0.1020 1.0000
v -0.331002 -0.426407 0.252953 0.1020 1.0000 1.0000
v -0.330773 -0.433166 0.247788 0.1020 1.0000 1.0000
v -0.329906 -0.441933 0.244886 0.1020 1.0000 1.0000
v -0.328633 -0.450357 0.245030 0.1020 1.0000 1.0000
v -0.330114 -0.388921 0.296050 0.1020 1.0000 1.0000
v -0.339050 -0.598885 0.374894 0.1020 1.0000 1.0000
v -0.332846 -0.606664 0.374693 0.1020 1.0000 1.0000
v -0.392472 -0.419173 0.238094 0.1020 1.0000 1.0000
v -0.393804 -0.414251 0.228205 0.1020 1.0000 1.0000
v -0.392323 -0.426758 0.232339 0.1020 1.0000 1.0000
v -0.393709 -0.422387 0.222060 0.1020 1.0000 1.0000
v -0.391369 -0.436558 0.229075 0.1020 1.0000 1.0000
v -0.392699 -0.432874 0.218554 0.1020 1.0000 1.0000
v -0.389853 -0.445975 0.229214 0.1020 1.0000 1.0000
v -0.391024 -0.442950 0.218688 0.1020 1.0000 1.0000
v -0.379824 -0.496084 0.240699 0.1020 1.0000 1.0000
v -0.379829 -0.496478 0.230787 0.1020 1.0000 1.0000
v -0.367935 -0.554068 0.255529 0.1020 1.0000 1.0000
v -0.366524 -0.558446 0.246492 0.1020 1.0000 1.0000
v -0.355516 -0.611600 0.273627 0.1020 1.0000 1.0000
v -0.352538 -0.620026 0.265866 0.1020 1.0000 1.0000
v -0.351646 -0.625784 0.282512 0.1020 1.0000 1.0000
v -0.348144 -0.635181 0.275365 0.1020 1.0000 1.0000
v -0.347529 -0.634638 0.297381 0.1020 1.0000 1.0000
v -0.343224 -0.645032 0.291804 0.1020 1.0000 1.0000
v -0.344379 -0.635492 0.313896 0.1020 1.0000 1.0000
v -0.339422 -0.646155 0.309795 0.1020 1.0000 1.0000
v -0.335589 -0.540981 0.444137 0.1020 1.0000 1.0000
v -0.328202 -0.544989 0.448059 0.1020 1.0000 1.0000
v -0.390969 -0.370440 0.277907 0.1020 1.0000 1.0000
v -0.390405 -0.377894 0.285170 0.1020 1.0000 1.0000
v -0.356255 -0.547442 0.269022 0.1020 1.0000 1.0000
v -0.346188 -0.598893 0.285193 0.1020 1.0000 1.0000
v -0.343107 -0.611615 0.293136 0.1020 1.0000 1.0000
v -0.340112 -0.619009 0.305805 0.1020 1.0000 1.0000
v -0.337888 -0.619479 0.320194 0.1020 1.0000 1.0000
v -0.334459 -0.587172 0.375218 0.1020 1.0000 1.0000
v -0.376618 -0.426524 0.252953 0.1020 1.0000 1.0000
v -0.376389 -0.433285 0.247788 0.1020 1.0000 1.0000
v -0.375521 -0.442055 0.244886 0.1020 1.0000 1.0000
v -0.374249 -0.450480 0.245030 0.1020 1.0000 1.0000
v -0.365997 -0.495451 0.255542 0.1020 1.0000 1.0000
v -0.375730 -0.389029 0.296050 0.1020 1.0000 1.0000
v -0.332801 -0.534896 0.438220 0.1020 1.0000 1.0000
v -0.335712 -0.651114 0.265120 0.1020 1.0000 1.0000
v -0.319042 -0.660798 0.281844 0.1020 1.0000 1.0000
v -0.342364 -0.634655 0.254977 0.1020 1.0000 1.0000
v -0.307114 -0.661156 0.300666 0.1020 1.0000 1.0000
v -0.379619 -0.426483 0.201120 0.1020 1.0000 1.0000
v -0.380317 -0.414830 0.204928 0.1020 1.0000 1.0000
v -0.378313 -0.437721 0.201389 0.1020 1.0000 1.0000
v -0.380762 -0.405887 0.211789 0.1020 1.0000 1.0000
v -0.381580 -0.358913 0.266700 0.1020 1.0000 1.0000
v -0.360120 -0.566821 0.233850 0.1020 1.0000 1.0000
v -0.370644 -0.497625 0.215650 0.1020 1.0000 1.0000
v -0.307540 -0.618572 0.373727 0.1020 1.0000 1.0000
v -0.307800 -0.552130 0.455066 0.1020 1.0000 1.0000
v -0.310639 -0.367385 0.456545 0.1020 1.0000 1.0000
v -0.300572 -0.385177 0.507897 0.1020 1.0000 1.0000
v -0.297491 -0.393498 0.520467 0.1020 1.0000 1.0000
v -0.294496 -0.406325 0.527500 0.1020 1.0000 1.0000
v -0.292272 -0.420623 0.527494 0.1020 1.0000 1.0000
v -0.331002 -0.347397 0.335220 0.1020 1.0000 1.0000
v -0.330773 -0.342492 0.342196 0.1020 1.0000 1.0000
v -0.329906 -0.339905 0.351126 0.1020 1.0000 1.0000
v -0.328633 -0.340327 0.359608 0.1020 1.0000 1.0000
v -0.320381 -0.352258 0.404580 0.1020 1.0000 1.0000
v -0.339050 -0.474304 0.504858 0.1020 1.0000 1.0000
v -0.332846 -0.474357 0.512725 0.1020 1.0000 1.0000
v -0.392472 -0.332529 0.328268 0.1020 1.0000 1.0000
v -0.393804 -0.322545 0.323633 0.1020 1.0000 1.0000
v -0.392323 -0.327064 0.336090 0.1020 1.0000 1.0000
v -0.393709 -0.316713 0.332025 0.1020 1.0000 1.0000
v -0.391369 -0.324149 0.346069 0.1020 1.0000 1.0000
v -0.392699 -0.313578 0.342703 0.1020 1.0000 1.0000
v -0.389853 -0.324597 0.355551 0.1020 1.0000 1.0000
v -0.391024 -0.314043 0.352847 0.1020 1.0000 1.0000
v -0.379824 -0.337661 0.405669 0.1020 1.0000 1.0000
v -0.379829 -0.327830 0.406391 0.1020 1.0000 1.0000
v -0.367935 -0.354327 0.463634 0.1020 1.0000 1.0000
v -0.366524 -0.345493 0.468354 0.1020 1.0000 1.0000
v -0.355516 -0.374238 0.521062 0.1020 1.0000 1.0000
v -0.352538 -0.366813 0.529831 0.1020 1.0000 1.0000
v -0.351646 -0.383541 0.535081 0.1020 1.0000 1.0000
v -0.348144 -0.376759 0.544810 0.1020 1.0000 1.0000
v -0.347529 -0.398604 0.543517 0.1020 1.0000 1.0000
v -0.344379 -0.415029 0.543832 0.1020 1.0000 1.0000
v -0.339422 -0.411314 0.554742 0.1020 1.0000 1.0000
v -0.356255 -0.367479 0.456545 0.1020 1.0000 1.0000
v -0.346188 -0.385269 0.507897 0.1020 1.0000 1.0000
v -0.343107 -0.393590 0.520467 0.1020 1.0000 1.0000
v -0.340112 -0.406418 0.527500 0.1020 1.0000 1.0000
v -0.337888 -0.420718 0.527494 0.1020 1.0000 1.0000
v -0.334459 -0.474210 0.493054 0.1020 1.0000 1.0000
v -0.376618 -0.347496 0.335220 0.1020 1.0000 1.0000
v -0.376389 -0.342589 0.342196 0.1020 1.0000 1.0000
v -0.375521 -0.340001 0.351126 0.1020 1.0000 1.0000
v -0.374249 -0.340423 0.359608 0.1020 1.0000 1.0000
v -0.365997 -0.352352 0.404580 0.1020 1.0000 1.0000
v -0.335712 -0.367107 0.561273 0.1020 1.0000 1.0000
v -0.342364 -0.356479 0.544988 0.1020 1.0000 1.0000
v -0.379619 -0.296022 0.336875 0.1020 1.0000 1.0000
v -0.380317 -0.299418 0.325018 0.1020 1.0000 1.0000
v -0.378313 -0.296658 0.348185 0.1020 1.0000 1.0000
v -0.380762 -0.305936 0.315788 0.1020 1.0000 1.0000
v -0.360120 -0.333207 0.477239 0.1020 1.0000 1.0000
v -0.370644 -0.312812 0.408076 0.1020 1.0000 1.0000
v -0.310639 -0.480871 -0.349899 0.1020 1.0000 0.1020
v -0.300572 -0.512099 -0.394259 0.1020 1.0000 0.1020
v -0.297491 -0.523543 -0.404005 0.1020 1.0000 0.1020
v -0.294496 -0.537777 -0.407171 0.1020 1.0000 0.1020
v -0.292273 -0.551475 -0.403155 0.1020 1.0000 0.1020
v -0.288843 -0.593225 -0.355059 0.1020 1.0000 0.1020
v -0.331002 -0.428226 -0.238930 0.1020 1.0000 0.1020
v -0.330773 -0.425447 -0.247008 0.1020 1.0000 0.1020
v -0.329906 -0.425429 -0.256312 0.1020 1.0000 0.1020
v -0.328633 -0.428175 -0.264344 0.1020 1.0000 0.1020
v -0.320381 -0.452025 -0.304207 0.1020 1.0000 0.1020
v -0.330114 -0.457260 -0.189651 0.1020 1.0000 0.1020
v -0.339050 -0.596718 -0.366378 0.1020 1.0000 0.1020
v -0.332846 -0.598932 -0.373921 0.1020 1.0000 0.1020
v -0.392472 -0.412076 -0.236451 0.1020 1.0000 0.1020
v -0.393804 -0.401219 -0.234798 0.1020 1.0000 0.1020
v -0.392323 -0.408994 -0.245501 0.1020 1.0000 0.1020
v -0.393709 -0.397941 -0.244496 0.1020 1.0000 0.1020
v -0.391369 -0.408952 -0.255904 0.1020 1.0000 0.1020
v -0.392699 -0.397881 -0.255631 0.1020 1.0000 0.1020
v -0.389853 -0.412000 -0.264888 0.1020 1.0000 0.1020
v -0.391024 -0.401129 -0.265248 0.1020 1.0000 0.1020
v -0.379824 -0.438366 -0.309378 0.1020 1.0000 0.1020
v -0.379829 -0.429137 -0.312827 0.1020 1.0000 0.1020
v -0.367935 -0.470351 -0.360404 0.1020 1.0000 0.1020
v -0.366524 -0.463184 -0.367413 0.1020 1.0000 0.1020
v -0.355516 -0.505296 -0.410009 0.1020 1.0000 0.1020
v -0.352538 -0.500600 -0.420515 0.1020 1.0000 0.1020
v -0.351646 -0.518082 -0.420871 0.1020 1.0000 0.1020
v -0.348144 -0.514268 -0.432120 0.1020 1.0000 0.1020
v -0.347529 -0.534847 -0.424760 0.1020 1.0000 0.1020
v -0.343224 -0.532823 -0.436483 0.1020 1.0000 0.1020
v -0.344379 -0.550671 -0.420456 0.1020 1.0000 0.1020
v -0.339422 -0.550120 -0.431980 0.1020 1.0000 0.1020
v -0.335589 -0.643898 -0.289314 0.1020 1.0000 0.1020
v -0.328202 -0.648813 -0.291953 0.1020 1.0000 0.1020
v -0.390969 -0.434553 -0.177443 0.1020 1.0000 0.1020
v -0.390405 -0.443708 -0.182329 0.1020 1.0000 0.1020
v -0.356255 -0.480993 -0.349899 0.1020 1.0000 0.1020
v -0.346188 -0.512223 -0.394259 0.1020 1.0000 0.1020
v -0.343107 -0.523668 -0.404005 0.1020 1.0000 0.1020
v -0.340112 -0.537905 -0.407171 0.1020 1.0000 0.1020
v -0.337888 -0.551606 -0.403155 0.1020 1.0000 0.1020
v -0.334459 -0.593368 -0.355059 0.1020 1.0000 0.1020
v -0.376618 -0.428345 -0.238930 0.1020 1.0000 0.1020
v -0.376389 -0.425565 -0.247008 0.1020 1.0000 0.1020
v -0.375521 -0.425547 -0.256312 0.1020 1.0000 0.1020
v -0.374249 -0.428292 -0.264344 0.1020 1.0000 0.1020
v -0.365997 -0.452145 -0.304207 0.1020 1.0000 0.1020
v -0.375730 -0.457387 -0.189651 0.1020 1.0000 0.1020
v -0.332801 -0.636433 -0.285331 0.1020 1.0000 0.1020
v -0.335712 -0.509558 -0.450640 0.1020 1.0000 0.1020
v -0.319042 -0.528314 -0.454797 0.1020 1.0000 0.1020
v -0.342364 -0.494876 -0.437970 0.1020 1.0000 0.1020
v -0.307114 -0.546143 -0.449328 0.1020 1.0000 0.1020
v -0.380317 -0.379405 -0.242599 0.1020 1.0000 0.1020
v -0.378313 -0.383157 -0.265632 0.1020 1.0000 0.1020
v -0.380762 -0.383109 -0.231906 0.1020 1.0000 0.1020
v -0.381580 -0.420394 -0.169902 0.1020 1.0000 0.1020
v -0.360120 -0.453854 -0.379387 0.1020 1.0000 0.1020
v -0.370644 -0.415194 -0.318646 0.1020 1.0000 0.1020
v -0.307540 -0.601677 -0.385725 0.1020 1.0000 0.1020
v -0.307800 -0.657567 -0.296668 0.1020 1.0000 0.1020
v -0.310639 -0.601794 -0.119229 0.1020 1.0000 0.1020
v -0.297491 -0.669977 -0.124369 0.1020 1.0000 0.1020
v -0.294496 -0.680544 -0.134464 0.1020 1.0000 0.1020
v -0.331002 -0.481356 -0.137734 0.1020 1.0000 0.1020
v -0.330773 -0.486420 -0.130873 0.1020 1.0000 0.1020
v -0.329906 -0.494036 -0.125626 0.1020 1.0000 0.1020
v -0.328633 -0.502161 -0.123400 0.1020 1.0000 0.1020
v -0.320381 -0.548204 -0.120875 0.1020 1.0000 0.1020
v -0.339050 -0.680385 -0.206513 0.1020 1.0000 0.1020
v -0.332846 -0.687783 -0.204127 0.1020 1.0000 0.1020
v -0.392472 -0.470346 -0.125532 0.1020 1.0000 0.1020
v -0.393804 -0.462896 -0.117411 0.1020 1.0000 0.1020
v -0.392323 -0.476040 -0.117874 0.1020 1.0000 0.1020
v -0.393709 -0.469012 -0.109227 0.1020 1.0000 0.1020
v -0.391369 -0.484548 -0.111992 0.1020 1.0000 0.1020
v -0.392699 -0.478113 -0.102918 0.1020 1.0000 0.1020
v -0.389853 -0.493625 -0.109481 0.1020 1.0000 0.1020
v -0.391024 -0.487822 -0.100217 0.1020 1.0000 0.1020
v -0.379824 -0.544883 -0.106449 0.1020 1.0000 0.1020
v -0.379829 -0.542533 -0.096817 0.1020 1.0000 0.1020
v -0.367935 -0.604612 -0.104414 0.1020 1.0000 0.1020
v -0.366524 -0.606329 -0.094498 0.1020 1.0000 0.1020
v -0.355516 -0.664793 -0.105637 0.1020 1.0000 0.1020
v -0.352538 -0.670750 -0.095811 0.1020 1.0000 0.1020
v -0.351646 -0.680841 -0.110188 0.1020 1.0000 0.1020
v -0.348144 -0.687899 -0.100676 0.1020 1.0000 0.1020
v -0.347529 -0.693414 -0.121984 0.1020 1.0000 0.1020
v -0.343224 -0.701856 -0.113701 0.1020 1.0000 0.1020
v -0.344379 -0.698762 -0.137614 0.1020 1.0000 0.1020
v -0.339422 -0.707864 -0.130671 0.1020 1.0000 0.1020
v -0.356255 -0.601955 -0.119229 0.1020 1.0000 0.1020
v -0.346188 -0.655767 -0.120307 0.1020 1.0000 0.1020
v -0.343107 -0.670154 -0.124369 0.1020 1.0000 0.1020
v -0.340112 -0.680723 -0.134464 0.1020 1.0000 0.1020
v -0.337888 -0.685122 -0.148158 0.1020 1.0000 0.1020
v -0.334459 -0.669235 -0.210109 0.1020 1.0000 0.1020
v -0.376618 -0.481490 -0.137734 0.1020 1.0000 0.1020
v -0.376389 -0.486555 -0.130873 0.1020 1.0000 0.1020
v -0.375521 -0.494173 -0.125626 0.1020 1.0000 0.1020
v -0.374249 -0.502300 -0.123400 0.1020 1.0000 0.1020
v -0.365997 -0.548352 -0.120875 0.1020 1.0000 0.1020
v -0.335712 -0.700374 -0.086341 0.1020 1.0000 0.1020
v -0.319042 -0.714240 -0.099675 0.1020 1.0000 0.1020
v -0.342364 -0.681799 -0.081229 0.1020 1.0000 0.1020
v -0.307114 -0.719732 -0.117651 0.1020 1.0000 0.1020
v -0.379619 -0.467168 -0.087952 0.1020 1.0000 0.1020
v -0.380317 -0.457031 -0.094876 0.1020 1.0000 0.1020
v -0.378313 -0.478030 -0.085054 0.1020 1.0000 0.1020
v -0.380762 -0.450336 -0.103975 0.1020 1.0000 0.1020
v -0.360120 -0.610892 -0.079994 0.1020 1.0000 0.1020
v -0.370644 -0.539464 -0.081942 0.1020 1.0000 0.1020
v -0.307540 -0.698917 -0.199832 0.1020 1.0000 0.1020
v -0.310639 0.125214 -0.477355 1.0000 1.0000 0.1020
v -0.300572 0.157606 -0.520938 1.0000 1.0000 0.1020
v -0.292273 0.153790 -0.561440 1.0000 1.0000 0.1020
v -0.288843 0.095113 -0.586737 1.0000 1.0000 0.1020
v -0.331002 0.036327 -0.392701 1.0000 1.0000 0.1020
v -0.330773 0.044851 -0.392527 1.0000 1.0000 0.1020
v -0.329906 0.053678 -0.395378 1.0000 1.0000 0.1020
v -0.328633 0.060441 -0.400486 1.0000 1.0000 0.1020
v -0.320381 0.090831 -0.435634 1.0000 1.0000 0.1020
v -0.330114 -0.019403 -0.405344 1.0000 1.0000 0.1020
v -0.287186 0.015533 -0.606646 1.0000 1.0000 0.1020
v -0.339050 0.104796 -0.593411 1.0000 1.0000 0.1020
v -0.392472 0.038997 -0.376312 1.0000 1.0000 0.1020
v -0.393804 0.040803 -0.365398 1.0000 1.0000 0.1020
v -0.392323 0.048536 -0.376149 1.0000 1.0000 0.1020
v -0.393709 0.051017 -0.365248 1.0000 1.0000 0.1020
v -0.391369 0.058414 -0.379315 1.0000 1.0000 0.1020
v -0.392699 0.061595 -0.368626 1.0000 1.0000 0.1020
v -0.389853 0.065986 -0.385006 1.0000 1.0000 0.1020
v -0.391024 0.069707 -0.374703 1.0000 1.0000 0.1020
v -0.379824 0.099995 -0.423985 1.0000 1.0000 0.1020
v -0.379829 0.106138 -0.416207 1.0000 1.0000 0.1020
v -0.367935 0.138476 -0.470354 1.0000 1.0000 0.1020
v -0.366524 0.147359 -0.465644 1.0000 1.0000 0.1020
v -0.355516 0.174706 -0.519108 1.0000 1.0000 0.1020
v -0.352538 0.186146 -0.517841 1.0000 1.0000 0.1020
v -0.351646 0.181043 -0.534705 1.0000 1.0000 0.1020
v -0.348144 0.192917 -0.534512 1.0000 1.0000 0.1020
v -0.347529 0.179517 -0.551977 1.0000 1.0000 0.1020
v -0.344379 0.170500 -0.565835 1.0000 1.0000 0.1020
v -0.335589 0.016952 -0.615024 1.0000 1.0000 0.1020
v -0.328202 0.017920 -0.620579 1.0000 1.0000 0.1020
v -0.390969 -0.023920 -0.379655 1.0000 1.0000 0.1020
v -0.390405 -0.022135 -0.389936 1.0000 1.0000 0.1020
v -0.356255 0.125189 -0.477355 1.0000 1.0000 0.1020
v -0.346188 0.157586 -0.520938 1.0000 1.0000 0.1020
v -0.343107 0.163279 -0.534907 1.0000 1.0000 0.1020
v -0.340112 0.161853 -0.549532 1.0000 1.0000 0.1020
v -0.337888 0.153771 -0.561440 1.0000 1.0000 0.1020
v -0.334459 0.095089 -0.586737 1.0000 1.0000 0.1020
v -0.376618 0.036289 -0.392701 1.0000 1.0000 0.1020
v -0.376389 0.044814 -0.392527 1.0000 1.0000 0.1020
v -0.375521 0.053642 -0.395378 1.0000 1.0000 0.1020
v -0.374249 0.060406 -0.400486 1.0000 1.0000 0.1020
v -0.365997 0.090801 -0.435634 1.0000 1.0000 0.1020
v -0.375730 -0.019447 -0.405344 1.0000 1.0000 0.1020
v -0.332802 0.015501 -0.606646 1.0000 1.0000 0.1020
v -0.342364 0.204506 -0.517739 1.0000 1.0000 0.1020
v -0.379619 0.066679 -0.350767 1.0000 1.0000 0.1020
v -0.380317 0.054978 -0.346943 1.0000 1.0000 0.1020
v -0.378313 0.075655 -0.357639 1.0000 1.0000 0.1020
v -0.380762 0.043688 -0.347195 1.0000 1.0000 0.1020
v -0.381580 -0.026664 -0.363788 1.0000 1.0000 0.1020
v -0.360120 0.161630 -0.460403 1.0000 1.0000 0.1020
v -0.370644 0.115994 -0.404666 1.0000 1.0000 0.1020
v -0.294496 -0.141237 -0.602686 1.0000 1.0000 0.1020
v -0.292273 -0.129644 -0.611142 1.0000 1.0000 0.1020
v -0.288843 -0.066009 -0.614991 1.0000 1.0000 0.1020
v -0.331002 -0.076074 -0.412425 1.0000 1.0000 0.1020
v -0.330773 -0.084145 -0.415163 1.0000 1.0000 0.1020
v -0.328633 -0.096116 -0.427958 1.0000 1.0000 0.1020
v -0.320381 -0.112837 -0.471365 1.0000 1.0000 0.1020
v -0.339050 -0.072934 -0.624570 1.0000 1.0000 0.1020
v -0.332846 -0.077505 -0.630963 1.0000 1.0000 0.1020
v -0.392472 -0.084220 -0.397930 1.0000 1.0000 0.1020
v -0.393804 -0.089594 -0.388278 1.0000 1.0000 0.1020
v -0.392323 -0.093241 -0.401024 1.0000 1.0000 0.1020
v -0.393709 -0.099244 -0.391614 1.0000 1.0000 0.1020
v -0.391369 -0.101456 -0.407365 1.0000 1.0000 0.1020
v -0.392699 -0.108046 -0.398390 1.0000 1.0000 0.1020
v -0.389853 -0.106654 -0.415296 1.0000 1.0000 0.1020
v -0.391024 -0.113620 -0.406868 1.0000 1.0000 0.1020
v -0.379824 -0.125472 -0.463539 1.0000 1.0000 0.1020
v -0.379829 -0.133858 -0.458310 1.0000 1.0000 0.1020
v -0.367935 -0.145998 -0.520247 1.0000 1.0000 0.1020
v -0.366524 -0.155919 -0.518838 1.0000 1.0000 0.1020
v -0.355516 -0.163603 -0.578433 1.0000 1.0000 0.1020
v -0.352538 -0.174762 -0.581130 1.0000 1.0000 0.1020
v -0.351646 -0.164304 -0.595262 1.0000 1.0000 0.1020
v -0.348144 -0.175509 -0.599114 1.0000 1.0000 0.1020
v -0.347529 -0.157062 -0.610992 1.0000 1.0000 0.1020
v -0.344379 -0.143934 -0.620962 1.0000 1.0000 0.1020
v -0.356255 -0.131146 -0.522314 1.0000 1.0000 0.1020
v -0.346188 -0.146901 -0.574333 1.0000 1.0000 0.1020
v -0.343107 -0.147546 -0.589411 1.0000 1.0000 0.1020
v -0.340112 -0.141287 -0.602686 1.0000 1.0000 0.1020
v -0.337888 -0.129692 -0.611142 1.0000 1.0000 0.1020
v -0.334459 -0.066049 -0.614991 1.0000 1.0000 0.1020
v -0.376618 -0.076126 -0.412425 1.0000 1.0000 0.1020
v -0.376389 -0.084198 -0.415163 1.0000 1.0000 0.1020
v -0.375521 -0.091534 -0.420849 1.0000 1.0000 0.1020
v -0.374249 -0.096170 -0.427958 1.0000 1.0000 0.1020
v -0.365997 -0.112891 -0.471365 1.0000 1.0000 0.1020
v -0.342364 -0.192009 -0.587272 1.0000 1.0000 0.1020
v -0.379619 -0.118805 -0.383316 1.0000 1.0000 0.1020
v -0.380317 -0.109099 -0.375737 1.0000 1.0000 0.1020
v -0.378313 -0.124923 -0.392836 1.0000 1.0000 0.1020
v -0.380762 -0.098405 -0.372130 1.0000 1.0000 0.1020
v -0.360120 -0.171065 -0.518759 1.0000 1.0000 0.1020
v -0.370644 -0.146978 -0.450801 1.0000 1.0000 0.1020
v -0.310639 0.434411 0.062797 1.0000 0.1020 0.1020
v -0.300572 0.485899 0.080222 1.0000 0.1020 0.1020
v -0.297491 0.500949 0.081333 1.0000 0.1020 0.1020
v -0.294496 0.514419 0.075461 1.0000 0.1020 0.1020
v -0.292273 0.523244 0.064083 1.0000 0.1020 0.1020
v -0.288843 0.529135 0.000352 1.0000 0.1020 0.1020
v -0.331002 0.326390 0.004144 1.0000 0.1020 0.1020
v -0.330773 0.328865 0.012331 1.0000 0.1020 0.1020
v -0.328633 0.341258 0.024748 1.0000 0.1020 0.1020
v -0.320381 0.384083 0.042888 1.0000 0.1020 0.1020
v -0.330114 0.321139 -0.052945 1.0000 0.1020 0.1020
v -0.287186 0.523415 -0.081679 1.0000 0.1020 0.1020
v -0.339050 0.538489 0.007549 1.0000 0.1020 0.1020
v -0.332846 0.544732 0.012337 1.0000 0.1020 0.1020
v -0.392472 0.311643 0.011797 1.0000 0.1020 0.1020
v -0.393804 0.301833 0.016889 1.0000 0.1020 0.1020
v -0.392323 0.314444 0.020948 1.0000 0.1020 0.1020
v -0.393709 0.304853 0.026679 1.0000 0.1020 0.1020
v -0.391369 0.320512 0.029393 1.0000 0.1020 0.1020
v -0.392699 0.311338 0.035727 1.0000 0.1020 0.1020
v -0.389853 0.328265 0.034859 1.0000 0.1020 0.1020
v -0.391024 0.319625 0.041588 1.0000 0.1020 0.1020
v -0.379824 0.375854 0.055256 1.0000 0.1020 0.1020
v -0.379829 0.370360 0.063513 1.0000 0.1020 0.1020
v -0.367935 0.431869 0.077628 1.0000 0.1020 0.1020
v -0.366524 0.430141 0.087546 1.0000 0.1020 0.1020
v -0.355516 0.489461 0.097099 1.0000 0.1020 0.1020
v -0.352538 0.491796 0.108390 1.0000 0.1020 0.1020
v -0.351646 0.506258 0.098323 1.0000 0.1020 0.1020
v -0.348144 0.509749 0.109692 1.0000 0.1020 0.1020
v -0.347529 0.522213 0.091538 1.0000 0.1020 0.1020
v -0.343224 0.527442 0.102227 1.0000 0.1020 0.1020
v -0.344379 0.532602 0.078671 1.0000 0.1020 0.1020
v -0.339422 0.538916 0.088327 1.0000 0.1020 0.1020
v -0.335589 0.531835 -0.082874 1.0000 0.1020 0.1020
v -0.328202 0.537417 -0.083666 1.0000 0.1020 0.1020
v -0.390969 0.295333 -0.049278 1.0000 0.1020 0.1020
v -0.390405 0.305656 -0.050746 1.0000 0.1020 0.1020
v -0.356255 0.434411 0.062797 1.0000 0.1020 0.1020
v -0.346188 0.485899 0.080222 1.0000 0.1020 0.1020
v -0.343107 0.500949 0.081333 1.0000 0.1020 0.1020
v -0.340112 0.514419 0.075461 1.0000 0.1020 0.1020
v -0.337888 0.523244 0.064083 1.0000 0.1020 0.1020
v -0.334459 0.529135 0.000352 1.0000 0.1020 0.1020
v -0.376618 0.326381 0.004144 1.0000 0.1020 0.1020
v -0.376389 0.328856 0.012331 1.0000 0.1020 0.1020
v -0.375521 0.334300 0.019873 1.0000 0.1020 0.1020
v -0.374249 0.341251 0.024748 1.0000 0.1020 0.1020
v -0.365997 0.384080 0.042888 1.0000 0.1020 0.1020
v -0.375730 0.321130 -0.052945 1.0000 0.1020 0.1020
v -0.332801 0.523415 -0.081679 1.0000 0.1020 0.1020
v -0.335712 0.516786 0.127471 1.0000 0.1020 0.1020
v -0.319042 0.534548 0.119702 1.0000 0.1020 0.1020
v -0.342364 0.497381 0.125906 1.0000 0.1020 0.1020
v -0.379619 0.295942 0.046075 1.0000 0.1020 0.1020
v -0.380317 0.288687 0.036095 1.0000 0.1020 0.1020
v -0.378313 0.305251 0.052517 1.0000 0.1020 0.1020
v -0.380762 0.285430 0.025246 1.0000 0.1020 0.1020
v -0.381580 0.279406 -0.047014 1.0000 0.1020 0.1020
v -0.360120 0.429574 0.102761 1.0000 0.1020 0.1020
v -0.370644 0.362437 0.076469 1.0000 0.1020 0.1020
v -0.310639 0.397711 -0.195661 1.0000 0.1020 0.1020
v -0.300572 0.442308 -0.226732 1.0000 0.1020 0.1020
v -0.297491 0.456453 -0.231989 1.0000 0.1020 0.1020
v -0.294496 0.471025 -0.230098 1.0000 0.1020 0.1020
v -0.292273 0.482669 -0.221629 1.0000 0.1020 0.1020
v -0.288843 0.506071 -0.162058 1.0000 0.1020 0.1020
v -0.331002 0.310305 -0.109243 1.0000 0.1020 0.1020
v -0.330773 0.310405 -0.117794 1.0000 0.1020 0.1020
v -0.329906 0.313534 -0.126553 1.0000 0.1020 0.1020
v -0.328633 0.318851 -0.133174 1.0000 0.1020 0.1020
v -0.320381 0.354927 -0.162525 1.0000 0.1020 0.1020
v -0.339050 0.513051 -0.171574 1.0000 0.1020 0.1020
v -0.332846 0.517715 -0.177910 1.0000 0.1020 0.1020
v -0.392472 0.294013 -0.112485 1.0000 0.1020 0.1020
v -0.393804 0.283176 -0.114641 1.0000 0.1020 0.1020
v -0.392323 0.294157 -0.122054 1.0000 0.1020 0.1020
v -0.393709 0.283354 -0.124887 1.0000 0.1020 0.1020
v -0.391369 0.297636 -0.131856 1.0000 0.1020 0.1020
v -0.392699 0.287064 -0.135384 1.0000 0.1020 0.1020
v -0.389853 0.303560 -0.139266 1.0000 0.1020 0.1020
v -0.391024 0.293391 -0.143322 1.0000 0.1020 0.1020
v -0.379824 0.343580 -0.172115 1.0000 0.1020 0.1020
v -0.379829 0.336007 -0.178515 1.0000 0.1020 0.1020
v -0.367935 0.391139 -0.209198 1.0000 0.1020 0.1020
v -0.366524 0.386719 -0.218243 1.0000 0.1020 0.1020
v -0.355516 0.441029 -0.243935 1.0000 0.1020 0.1020
v -0.352538 0.440129 -0.255428 1.0000 0.1020 0.1020
v -0.351646 0.456822 -0.249786 1.0000 0.1020 0.1020
v -0.348144 0.457009 -0.261678 1.0000 0.1020 0.1020
v -0.347529 0.474035 -0.247712 1.0000 0.1020 0.1020
v -0.343224 0.476080 -0.259435 1.0000 0.1020 0.1020
v -0.344379 0.487596 -0.238243 1.0000 0.1020 0.1020
v -0.339422 0.490971 -0.249278 1.0000 0.1020 0.1020
v -0.356255 0.397709 -0.195661 1.0000 0.1020 0.1020
v -0.346188 0.442308 -0.226732 1.0000 0.1020 0.1020
v -0.343107 0.456453 -0.231989 1.0000 0.1020 0.1020
v -0.340112 0.471025 -0.230098 1.0000 0.1020 0.1020
v -0.337888 0.482669 -0.221629 1.0000 0.1020 0.1020
v -0.334459 0.506071 -0.162058 1.0000 0.1020 0.1020
v -0.376618 0.310295 -0.109243 1.0000 0.1020 0.1020
v -0.376389 0.310395 -0.117794 1.0000 0.1020 0.1020
v -0.375521 0.313525 -0.126553 1.0000 0.1020 0.1020
v -0.374249 0.318842 -0.133174 1.0000 0.1020 0.1020
v -0.365997 0.354921 -0.162525 1.0000 0.1020 0.1020
v -0.335712 0.458819 -0.280711 1.0000 0.1020 0.1020
v -0.319042 0.478040 -0.278197 1.0000 0.1020 0.1020
v -0.342364 0.440617 -0.273809 1.0000 0.1020 0.1020
v -0.379619 0.269403 -0.141033 1.0000 0.1020 0.1020
v -0.380317 0.265213 -0.129423 1.0000 0.1020 0.1020
v -0.378313 0.276551 -0.149812 1.0000 0.1020 0.1020
v -0.380762 0.265101 -0.118096 1.0000 0.1020 0.1020
v -0.360120 0.381939 -0.232699 1.0000 0.1020 0.1020
v -0.370644 0.324797 -0.188750 1.0000 0.1020 0.1020
v -0.529062 -0.053338 0.129152 1.0000 0.1020 0.1020
v -0.529062 -0.049155 0.142821 1.0000 0.1020 0.1020
v -0.529062 -0.093180 0.134831 1.0000 0.1020 0.1020
v -0.529062 -0.093410 0.149128 1.0000 0.1020 0.1020
v -0.529062 -0.028303 0.134541 1.0000 0.1020 0.1020
v -0.529062 -0.034565 0.121701 1.0000 0.1020 0.1020
v -0.529062 -0.071038 0.147720 1.0000 0.1020 0.1020
v -0.529062 -0.073038 0.133568 1.0000 0.1020 0.1020
v -0.493633 -0.042981 0.161146 1.0000 0.1020 0.1020
v -0.493633 -0.019817 0.151849 1.0000 0.1020 0.1020
v -0.493633 -0.056901 0.164264 1.0000 0.1020 0.1020
v -0.515484 -0.047297 0.148650 1.0000 0.1020 0.1020
v -0.515663 -0.093488 0.155210 1.0000 0.1020 0.1020
v -0.515484 -0.025600 0.140046 1.0000 0.1020 0.1020
v -0.515484 -0.070163 0.153771 1.0000 0.1020 0.1020
v -0.490845 -0.056229 0.119532 1.0000 0.1020 0.1020
v -0.490845 -0.092959 0.124768 1.0000 0.1020 0.1020
v -0.490845 -0.038922 0.112660 1.0000 0.1020 0.1020
v -0.490845 -0.074390 0.123602 1.0000 0.1020 0.1020
v -0.293903 -0.054288 0.215532 1.0000 0.1020 0.1020
v -0.293903 0.002807 0.197821 1.0000 0.1020 0.1020
v -0.293903 -0.025535 0.209086 1.0000 0.1020 0.1020
v -0.240408 -0.096830 0.198491 1.0000 0.1020 0.1020
v -0.240408 -0.069784 0.197036 1.0000 0.1020 0.1020
v -0.529062 0.022570 0.066183 1.0000 0.1020 0.1020
v -0.529062 0.035165 0.072879 1.0000 0.1020 0.1020
v -0.529062 -0.017182 0.111391 1.0000 0.1020 0.1020
v -0.529062 -0.008993 0.123091 1.0000 0.1020 0.1020
v -0.529062 0.011742 0.083287 1.0000 0.1020 0.1020
v -0.529062 0.023137 0.091875 1.0000 0.1020 0.1020
v -0.529062 0.008296 0.108750 1.0000 0.1020 0.1020
v -0.529062 -0.001618 0.098481 1.0000 0.1020 0.1020
v -0.493633 0.001711 0.139189 1.0000 0.1020 0.1020
v -0.493633 0.012709 0.130069 1.0000 0.1020 0.1020
v -0.515484 -0.005517 0.128125 1.0000 0.1020 0.1020
v -0.515663 0.028001 0.095531 1.0000 0.1020 0.1020
v -0.515484 0.012550 0.113143 1.0000 0.1020 0.1020
v -0.515663 0.040540 0.075726 1.0000 0.1020 0.1020
v -0.490845 0.013748 0.061469 1.0000 0.1020 0.1020
v -0.490845 -0.022898 0.103156 1.0000 0.1020 0.1020
v -0.490845 0.003767 0.077240 1.0000 0.1020 0.1020
v -0.490845 -0.008550 0.091251 1.0000 0.1020 0.1020
v -0.293903 0.051784 0.163406 1.0000 0.1020 0.1020
v -0.293903 0.029060 0.182260 1.0000 0.1020 0.1020
v -0.240408 0.064580 0.119146 1.0000 0.1020 0.1020
v -0.240408 0.078951 0.096019 1.0000 0.1020 0.1020
v -0.240408 0.046824 0.139718 1.0000 0.1020 0.1020
v -0.529062 -0.196307 0.079944 1.0000 0.1020 0.1020
v -0.529062 -0.207949 0.088161 1.0000 0.1020 0.1020
v -0.529062 -0.213982 0.043659 1.0000 0.1020 0.1020
v -0.529062 -0.227579 0.047859 1.0000 0.1020 0.1020
v -0.529062 -0.193682 0.105505 1.0000 0.1020 0.1020
v -0.529062 -0.183460 0.095557 1.0000 0.1020 0.1020
v -0.529062 -0.219342 0.068786 1.0000 0.1020 0.1020
v -0.529062 -0.206565 0.062500 1.0000 0.1020 0.1020
v -0.493633 -0.223325 0.099672 1.0000 0.1020 0.1020
v -0.493633 -0.207386 0.118911 1.0000 0.1020 0.1020
v -0.493633 -0.230570 0.087350 1.0000 0.1020 0.1020
v -0.515484 -0.212871 0.091720 1.0000 0.1020 0.1020
v -0.515663 -0.233336 0.049646 1.0000 0.1020 0.1020
v -0.515484 -0.198036 0.109767 1.0000 0.1020 0.1020
v -0.515484 -0.224775 0.071473 1.0000 0.1020 0.1020
v -0.490845 -0.176191 0.088554 1.0000 0.1020 0.1020
v -0.293903 -0.277910 0.105469 1.0000 0.1020 0.1020
v -0.293903 -0.243583 0.154521 1.0000 0.1020 0.1020
v -0.293903 -0.262960 0.130940 1.0000 0.1020 0.1020
v -0.240408 -0.274860 0.059492 1.0000 0.1020 0.1020
v -0.240408 -0.265144 0.084891 1.0000 0.1020 0.1020
v -0.529062 -0.113267 0.132920 1.0000 0.1020 0.1020
v -0.529062 -0.115722 0.147002 1.0000 0.1020 0.1020
v -0.529062 -0.168339 0.108961 1.0000 0.1020 0.1020
v -0.529062 -0.176888 0.120392 1.0000 0.1020 0.1020
v -0.529062 -0.132806 0.127875 1.0000 0.1020 0.1020
v -0.529062 -0.137423 0.141399 1.0000 0.1020 0.1020
v -0.529062 -0.157980 0.132455 1.0000 0.1020 0.1020
v -0.529062 -0.151314 0.119822 1.0000 0.1020 0.1020
v -0.493633 -0.188769 0.135545 1.0000 0.1020 0.1020
v -0.493633 -0.176745 0.143220 1.0000 0.1020 0.1020
v -0.515484 -0.180561 0.125251 1.0000 0.1020 0.1020
v -0.515663 -0.139365 0.147155 1.0000 0.1020 0.1020
v -0.515484 -0.160805 0.137858 1.0000 0.1020 0.1020
v -0.515663 -0.116744 0.152996 1.0000 0.1020 0.1020
v -0.490845 -0.111478 0.123005 1.0000 0.1020 0.1020
v -0.490845 -0.162250 0.100914 1.0000 0.1020 0.1020
v -0.490845 -0.129491 0.118353 1.0000 0.1020 0.1020
v -0.490845 -0.146554 0.110929 1.0000 0.1020 0.1020
v -0.293903 -0.195965 0.190634 1.0000 0.1020 0.1020
v -0.293903 -0.220787 0.174771 1.0000 0.1020 0.1020
v -0.240408 -0.150105 0.189126 1.0000 0.1020 0.1020
v -0.240408 -0.123800 0.195695 1.0000 0.1020 0.1020
v -0.240408 -0.175032 0.178539 1.0000 0.1020 0.1020
v -0.529062 -0.193884 -0.071827 1.0000 0.1020 0.1020
v -0.529062 -0.205259 -0.080415 1.0000 0.1020 0.1020
v -0.529062 -0.165004 -0.099931 1.0000 0.1020 0.1020
v -0.529062 -0.173184 -0.111631 1.0000 0.1020 0.1020
v -0.529062 -0.217263 -0.061418 1.0000 0.1020 0.1020
v -0.529062 -0.204694 -0.054723 1.0000 0.1020 0.1020
v -0.529062 -0.190444 -0.097292 1.0000 0.1020 0.1020
v -0.529062 -0.180545 -0.087021 1.0000 0.1020 0.1020
v -0.493633 -0.220854 -0.091626 1.0000 0.1020 0.1020
v -0.493633 -0.234127 -0.070440 1.0000 0.1020 0.1020
v -0.493633 -0.211433 -0.102360 1.0000 0.1020 0.1020
v -0.515484 -0.210128 -0.084047 1.0000 0.1020 0.1020
v -0.515663 -0.176639 -0.116611 1.0000 0.1020 0.1020
v -0.515484 -0.222623 -0.064287 1.0000 0.1020 0.1020
v -0.515484 -0.194649 -0.101682 1.0000 0.1020 0.1020
v -0.490845 -0.185802 -0.065782 1.0000 0.1020 0.1020
v -0.490845 -0.159175 -0.091696 1.0000 0.1020 0.1020
v -0.490845 -0.195768 -0.050012 1.0000 0.1020 0.1020
v -0.490845 -0.173504 -0.079791 1.0000 0.1020 0.1020
v -0.293903 -0.242954 -0.142430 1.0000 0.1020 0.1020
v -0.293903 -0.278688 -0.094405 1.0000 0.1020 0.1020
v -0.293903 -0.262398 -0.120244 1.0000 0.1020 0.1020
v -0.240408 -0.198504 -0.153804 1.0000 0.1020 0.1020
v -0.240408 -0.219504 -0.136654 1.0000 0.1020 0.1020
v -0.529062 -0.218377 0.023884 1.0000 0.1020 0.1020
v -0.529062 -0.232460 0.025895 1.0000 0.1020 0.1020
v -0.529062 -0.212708 -0.036132 1.0000 0.1020 0.1020
v -0.529062 -0.226164 -0.040765 1.0000 0.1020 0.1020
v -0.529062 -0.219640 0.003662 1.0000 0.1020 0.1020
v -0.529062 -0.233863 0.003433 1.0000 0.1020 0.1020
v -0.529062 -0.231743 -0.018970 1.0000 0.1020 0.1020
v -0.529062 -0.217731 -0.016508 1.0000 0.1020 0.1020
v -0.493633 -0.244110 -0.047503 1.0000 0.1020 0.1020
v -0.493633 -0.247658 -0.033637 1.0000 0.1020 0.1020
v -0.515484 -0.231874 -0.042799 1.0000 0.1020 0.1020
v -0.515663 -0.239885 0.003337 1.0000 0.1020 0.1020
v -0.515484 -0.237703 -0.020023 1.0000 0.1020 0.1020
v -0.515663 -0.238423 0.026751 1.0000 0.1020 0.1020
v -0.490845 -0.208384 0.022469 1.0000 0.1020 0.1020
v -0.490845 -0.203158 -0.032869 1.0000 0.1020 0.1020
v -0.490845 -0.209549 0.003824 1.0000 0.1020 0.1020
v -0.490845 -0.207789 -0.014776 1.0000 0.1020 0.1020
v -0.293903 -0.298099 -0.037670 1.0000 0.1020 0.1020
v -0.293903 -0.290778 -0.066324 1.0000 0.1020 0.1020
v -0.240408 -0.282464 0.005659 1.0000 0.1020 0.1020
v -0.240408 -0.280543 0.032845 1.0000 0.1020 0.1020
v -0.240408 -0.280149 -0.021458 1.0000 0.1020 0.1020
v -0.529062 -0.049415 -0.116415 1.0000 0.1020 0.1020
v -0.529062 -0.044798 -0.129942 1.0000 0.1020 0.1020
v -0.529062 -0.013845 -0.097501 1.0000 0.1020 0.1020
v -0.529062 -0.005286 -0.108932 1.0000 0.1020 0.1020
v -0.529062 -0.066513 -0.135545 1.0000 0.1020 0.1020
v -0.529062 -0.068965 -0.121460 1.0000 0.1020 0.1020
v -0.529062 -0.024220 -0.120997 1.0000 0.1020 0.1020
v -0.529062 -0.030889 -0.108363 1.0000 0.1020 0.1020
v -0.493633 -0.038980 -0.148383 1.0000 0.1020 0.1020
v -0.493633 -0.063159 -0.154527 1.0000 0.1020 0.1020
v -0.493633 -0.025890 -0.142694 1.0000 0.1020 0.1020
v -0.515484 -0.042854 -0.135744 1.0000 0.1020 0.1020
v -0.515663 -0.001628 -0.113796 1.0000 0.1020 0.1020
v -0.515484 -0.065443 -0.141581 1.0000 0.1020 0.1020
v -0.515484 -0.021351 -0.126397 1.0000 0.1020 0.1020
v -0.490845 -0.052612 -0.106895 1.0000 0.1020 0.1020
v -0.490845 -0.019821 -0.089454 1.0000 0.1020 0.1020
v -0.490845 -0.070635 -0.111546 1.0000 0.1020 0.1020
v -0.490845 -0.035534 -0.099471 1.0000 0.1020 0.1020
v -0.293903 0.002410 -0.185579 1.0000 0.1020 0.1020
v -0.293903 -0.054146 -0.204947 1.0000 0.1020 0.1020
v -0.293903 -0.024631 -0.197336 1.0000 0.1020 0.1020
v -0.240408 0.026978 -0.146629 1.0000 0.1020 0.1020
v -0.240408 0.004226 -0.161429 1.0000 0.1020 0.1020
v -0.529062 -0.147641 -0.110241 1.0000 0.1020 0.1020
v -0.529062 -0.153900 -0.123083 1.0000 0.1020 0.1020
v -0.529062 -0.089056 -0.123374 1.0000 0.1020 0.1020
v -0.529062 -0.088830 -0.137668 1.0000 0.1020 0.1020
v -0.529062 -0.128884 -0.117694 1.0000 0.1020 0.1020
v -0.529062 -0.133068 -0.131360 1.0000 0.1020 0.1020
v -0.529062 -0.111198 -0.136262 1.0000 0.1020 0.1020
v -0.529062 -0.109194 -0.122107 1.0000 0.1020 0.1020
v -0.493633 -0.087975 -0.156983 1.0000 0.1020 0.1020
v -0.493633 -0.102204 -0.156087 1.0000 0.1020 0.1020
v -0.515484 -0.088659 -0.143784 1.0000 0.1020 0.1020
v -0.515663 -0.134825 -0.137176 1.0000 0.1020 0.1020
v -0.515484 -0.112033 -0.142314 1.0000 0.1020 0.1020
v -0.515663 -0.156539 -0.128546 1.0000 0.1020 0.1020
v -0.490845 -0.143168 -0.101202 1.0000 0.1020 0.1020
v -0.490845 -0.089157 -0.113309 1.0000 0.1020 0.1020
v -0.490845 -0.125875 -0.108072 1.0000 0.1020 0.1020
v -0.490845 -0.107723 -0.112142 1.0000 0.1020 0.1020
v -0.293903 -0.113856 -0.205997 1.0000 0.1020 0.1020
v -0.293903 -0.084472 -0.207845 1.0000 0.1020 0.1020
v -0.240408 -0.149958 -0.177711 1.0000 0.1020 0.1020
v -0.240408 -0.175071 -0.167477 1.0000 0.1020 0.1020
v -0.240408 -0.123596 -0.183882 1.0000 0.1020 0.1020
v -0.529062 0.037531 0.007798 1.0000 0.1020 0.1020
v -0.529062 0.051785 0.008025 1.0000 0.1020 0.1020
v -0.529062 0.030597 0.047590 1.0000 0.1020 0.1020
v -0.529062 0.044083 0.052227 1.0000 0.1020 0.1020
v -0.529062 0.050385 -0.014435 1.0000 0.1020 0.1020
v -0.529062 0.036271 -0.012425 1.0000 0.1020 0.1020
v -0.529062 0.049669 0.030428 1.0000 0.1020 0.1020
v -0.529062 0.035625 0.027968 1.0000 0.1020 0.1020
v -0.493633 0.071095 0.007838 1.0000 0.1020 0.1020
v -0.493633 0.069446 -0.017145 1.0000 0.1020 0.1020
v -0.493633 0.069749 0.022090 1.0000 0.1020 0.1020
v -0.515484 0.057898 0.008071 1.0000 0.1020 0.1020
v -0.515663 0.049835 0.054198 1.0000 0.1020 0.1020
v -0.515484 0.056450 -0.015296 1.0000 0.1020 0.1020
v -0.515484 0.055686 0.031483 1.0000 0.1020 0.1020
v -0.490845 0.027539 0.007636 1.0000 0.1020 0.1020
v -0.490845 0.021148 0.044327 1.0000 0.1020 0.1020
v -0.490845 0.026378 -0.011009 1.0000 0.1020 0.1020
v -0.490845 0.025783 0.026234 1.0000 0.1020 0.1020
v -0.293903 0.119261 0.035655 1.0000 0.1020 0.1020
v -0.293903 0.120132 -0.024342 1.0000 0.1020 0.1020
v -0.293903 0.122044 0.006201 1.0000 0.1020 0.1020
v -0.240408 0.089951 0.071101 1.0000 0.1020 0.1020
v -0.240408 0.096944 0.044805 1.0000 0.1020 0.1020
v -0.529062 0.001299 -0.084098 1.0000 0.1020 0.1020
v -0.529062 0.011536 -0.094045 1.0000 0.1020 0.1020
v -0.529062 0.031872 -0.032199 1.0000 0.1020 0.1020
v -0.529062 0.045499 -0.036399 1.0000 0.1020 0.1020
v -0.529062 0.014168 -0.068483 1.0000 0.1020 0.1020
v -0.529062 0.025831 -0.076701 1.0000 0.1020 0.1020
v -0.529062 0.037246 -0.057325 1.0000 0.1020 0.1020
v -0.529062 0.024443 -0.051041 1.0000 0.1020 0.1020
v -0.493633 0.064099 -0.041601 1.0000 0.1020 0.1020
v -0.493633 0.058849 -0.054913 1.0000 0.1020 0.1020
v -0.515484 0.051358 -0.038146 1.0000 0.1020 0.1020
v -0.515663 0.030809 -0.080197 1.0000 0.1020 0.1020
v -0.515484 0.042734 -0.060013 1.0000 0.1020 0.1020
v -0.515663 0.015908 -0.098278 1.0000 0.1020 0.1020
v -0.490845 -0.005860 -0.077097 1.0000 0.1020 0.1020
v -0.490845 0.022323 -0.029243 1.0000 0.1020 0.1020
v -0.490845 0.006003 -0.062698 1.0000 0.1020 0.1020
v -0.490845 0.015475 -0.046615 1.0000 0.1020 0.1020
v -0.293903 0.102646 -0.081724 1.0000 0.1020 0.1020
v -0.293903 0.113495 -0.054212 1.0000 0.1020 0.1020
v -0.240408 0.064667 -0.107572 1.0000 0.1020 0.1020
v -0.240408 0.047191 -0.128433 1.0000 0.1020 0.1020
v -0.240408 0.078679 -0.084269 1.0000 0.1020 0.1020
v -0.519997 -0.052783 0.130923 1.0000 0.1020 0.1020
v -0.519997 -0.093196 0.136684 1.0000 0.1020 0.1020
v -0.519997 -0.033742 0.123364 1.0000 0.1020 0.1020
v -0.519997 -0.072765 0.135401 1.0000 0.1020 0.1020
v -0.519997 0.024212 0.067051 1.0000 0.1020 0.1020
v -0.519997 -0.016110 0.112906 1.0000 0.1020 0.1020
v -0.519997 0.013229 0.084399 1.0000 0.1020 0.1020
v -0.519997 -0.000323 0.099811 1.0000 0.1020 0.1020
v -0.519997 -0.197797 0.081006 1.0000 0.1020 0.1020
v -0.519997 -0.215725 0.044201 1.0000 0.1020 0.1020
v -0.519997 -0.184767 0.096848 1.0000 0.1020 0.1020
v -0.519997 -0.208202 0.063314 1.0000 0.1020 0.1020
v -0.519997 -0.113570 0.134744 1.0000 0.1020 0.1020
v -0.519997 -0.169429 0.110440 1.0000 0.1020 0.1020
v -0.519997 -0.133388 0.129627 1.0000 0.1020 0.1020
v -0.519997 -0.152162 0.121459 1.0000 0.1020 0.1020
v -0.519997 -0.195340 -0.072939 1.0000 0.1020 0.1020
v -0.519997 -0.166047 -0.101448 1.0000 0.1020 0.1020
v -0.519997 -0.206304 -0.055591 1.0000 0.1020 0.1020
v -0.519997 -0.181810 -0.088351 1.0000 0.1020 0.1020
v -0.519997 -0.220182 0.024144 1.0000 0.1020 0.1020
v -0.519997 -0.214433 -0.036731 1.0000 0.1020 0.1020
v -0.519997 -0.221464 0.003632 1.0000 0.1020 0.1020
v -0.519997 -0.219528 -0.016827 1.0000 0.1020 0.1020
v -0.519997 -0.048804 -0.118169 1.0000 0.1020 0.1020
v -0.519997 -0.012724 -0.098983 1.0000 0.1020 0.1020
v -0.519997 -0.068634 -0.123286 1.0000 0.1020 0.1020
v -0.519997 -0.030013 -0.110001 1.0000 0.1020 0.1020
v -0.519997 -0.148436 -0.111905 1.0000 0.1020 0.1020
v -0.519997 -0.089013 -0.125226 1.0000 0.1020 0.1020
v -0.519997 -0.129411 -0.119465 1.0000 0.1020 0.1020
v -0.519997 -0.109439 -0.123941 1.0000 0.1020 0.1020
v -0.519997 -0.091108 0.005729 1.0000 0.1020 0.1020
v -0.519997 0.039387 0.007826 1.0000 0.1020 0.1020
v -0.519997 0.032354 0.048191 1.0000 0.1020 0.1020
v -0.519997 0.038109 -0.012686 1.0000 0.1020 0.1020
v -0.519997 0.037455 0.028285 1.0000 0.1020 0.1020
v -0.519997 0.002637 -0.085387 1.0000 0.1020 0.1020
v -0.519997 0.033648 -0.032743 1.0000 0.1020 0.1020
v -0.519997 0.015689 -0.069549 1.0000 0.1020 0.1020
v -0.519997 0.026112 -0.051855 1.0000 0.1020 0.1020
v 0.467652 0.641718 -0.970980 1.0000 0.1020 0.1020
v 0.378146 0.463008 -0.733110 1.0000 0.1020 0.1020
v 0.378146 0.532755 -0.675144 1.0000 0.1020 0.1020
v 0.178807 -0.205232 0.652931 1.0000 0.1020 0.1020
v 0.178807 -0.102593 0.662663 1.0000 0.1020 0.1020
v -0.298960 -0.205231 0.652931 1.0000 0.1020 0.1020
v 0.178807 0.100926 0.633762 1.0000 0.1020 0.1020
v 0.178807 0.196795 0.595837 1.0000 0.1020 0.1020
v 0.178807 0.433212 0.400374 1.0000 0.1020 0.1020
v 0.178807 0.488482 0.313345 1.0000 0.1020 0.1020
v 0.178807 0.365009 0.477691 1.0000 0.1020 0.1020
v 0.178807 -0.682182 0.294601 1.0000 0.1020 0.1020
v 0.178807 -0.205232 0.652931 1.0000 0.1020 0.1020
v 0.178807 -0.399689 0.586287 1.0000 0.1020 0.1020
v 0.178807 -0.486721 0.531017 1.0000 0.1020 0.1020
v 0.178807 -0.469702 -0.531923 1.0000 0.1020 0.1020
v 0.178807 -0.549160 -0.466229 1.0000 0.1020 0.1020
v 0.178807 -0.617364 -0.388915 1.0000 0.1020 0.1020
v 0.178807 -0.672632 -0.301884 1.0000 0.1020 0.1020
v 0.178807 -0.749009 -0.004788 1.0000 0.1020 0.1020
v 0.178807 -0.742566 0.098109 1.0000 0.1020 0.1020
v 0.178807 -0.739276 -0.107426 1.0000 0.1020 0.1020
v 0.178807 0.302569 -0.519559 1.0000 0.1020 0.1020
v 0.178807 0.215537 -0.574827 1.0000 0.1020 0.1020
v 0.178807 0.120931 -0.615801 1.0000 0.1020 0.1020
v 0.178807 -0.380945 -0.584377 1.0000 0.1020 0.1020
v 0.178807 -0.081557 -0.651203 1.0000 0.1020 0.1020
v 0.178807 0.529455 0.218738 1.0000 0.1020 0.1020
v 0.178807 0.564858 0.016248 1.0000 0.1020 0.1020
v 0.178807 0.558416 -0.086648 1.0000 0.1020 0.1020
v 0.178807 0.379884 -0.451355 1.0000 0.1020 0.1020
v 0.178807 0.498032 -0.283140 1.0000 0.1020 0.1020
v 0.178807 0.535956 -0.187271 1.0000 0.1020 0.1020
v 0.414903 0.723639 -0.110111 1.0000 0.1020 0.1020
v 0.414904 0.714067 0.175864 1.0000 0.1020 0.1020
v 0.414904 0.672276 0.313263 1.0000 0.1020 0.1020
v 0.414904 0.607261 0.441321 1.0000 0.1020 0.1020
v 0.414904 0.416105 0.654240 1.0000 0.1020 0.1020
v 0.414904 0.520996 0.556141 1.0000 0.1020 0.1020
v 0.414903 0.163655 0.788937 1.0000 0.1020 0.1020
v 0.414904 0.295771 0.732632 1.0000 0.1020 0.1020
v 0.414903 0.023767 0.821446 1.0000 0.1020 0.1020
v 0.414904 -0.262211 0.811871 1.0000 0.1020 0.1020
v 0.414903 -0.119641 0.829166 1.0000 0.1020 0.1020
v 0.414904 -0.527667 0.705068 1.0000 0.1020 0.1020
v 0.414904 -0.399611 0.770082 1.0000 0.1020 0.1020
v 0.414904 -0.642488 0.618801 1.0000 0.1020 0.1020
v 0.414904 -0.740584 0.513909 1.0000 0.1020 0.1020
v 0.414904 -0.818976 0.393574 1.0000 0.1020 0.1020
v 0.414904 -0.875282 0.261460 1.0000 0.1020 0.1020
v 0.414904 -0.907790 0.121572 1.0000 0.1020 0.1020
v 0.414903 -0.898217 -0.164406 1.0000 0.1020 0.1020
v 0.414904 -0.915514 -0.021837 1.0000 0.1020 0.1020
v 0.414903 -0.791411 -0.429862 1.0000 0.1020 0.1020
v 0.414903 -0.856426 -0.301806 1.0000 0.1020 0.1020
v 0.414903 -0.600255 -0.642779 1.0000 0.1020 0.1020
v 0.414903 -0.705147 -0.544683 1.0000 0.1020 0.1020
v 0.414904 -0.347805 -0.777477 1.0000 0.1020 0.1020
v 0.414903 -0.479922 -0.721171 1.0000 0.1020 0.1020
v 0.414904 -0.207918 -0.809984 1.0000 0.1020 0.1020
v 0.414904 -0.064510 -0.817709 1.0000 0.1020 0.1020
v 0.414903 0.215460 -0.758622 1.0000 0.1020 0.1020
v 0.414903 0.078060 -0.800411 1.0000 0.1020 0.1020
v 0.414903 0.343516 -0.693607 1.0000 0.1020 0.1020
v 0.414904 0.458337 -0.607341 1.0000 0.1020 0.1020
v 0.414904 0.634826 -0.382117 1.0000 0.1020 0.1020
v 0.414904 0.556434 -0.502449 1.0000 0.1020 0.1020
v 0.414903 0.691131 -0.249999 1.0000 0.1020 0.1020
v 0.414903 0.731363 0.033295 1.0000 0.1020 0.1020
v 0.414904 0.470691 0.607480 1.0000 0.1020 0.1020
v 0.414904 0.230941 0.763667 1.0000 0.1020 0.1020
v 0.414904 -0.191303 0.823630 1.0000 0.1020 0.1020
v 0.414904 -0.465057 0.740366 1.0000 0.1020 0.1020
v 0.414903 -0.909976 -0.093498 1.0000 0.1020 0.1020
v 0.414903 -0.826712 -0.367251 1.0000 0.1020 0.1020
v 0.414903 -0.654841 -0.596020 1.0000 0.1020 0.1020
v 0.414903 -0.415092 -0.752207 1.0000 0.1020 0.1020
v 0.414903 0.147672 -0.782514 1.0000 0.1020 0.1020
v 0.414904 0.598255 -0.443992 1.0000 0.1020 0.1020
v 0.414903 0.730630 -0.038577 1.0000 0.1020 0.1020
v 0.414904 0.725825 0.104958 1.0000 0.1020 0.1020
v 0.414904 0.696169 0.245479 1.0000 0.1020 0.1020
v 0.414904 0.642562 0.378712 1.0000 0.1020 0.1020
v 0.414904 0.566633 0.500612 1.0000 0.1020 0.1020
v 0.414904 0.357648 0.696061 1.0000 0.1020 0.1020
v 0.414903 0.094420 0.808243 1.0000 0.1020 0.1020
v 0.414903 -0.047769 0.828436 1.0000 0.1020 0.1020
v 0.414904 -0.331822 0.793974 1.0000 0.1020 0.1020
v 0.414904 -0.586959 0.664438 1.0000 0.1020 0.1020
v 0.414904 -0.693825 0.568497 1.0000 0.1020 0.1020
v 0.414904 -0.782405 0.455452 1.0000 0.1020 0.1020
v 0.414904 -0.850011 0.328746 1.0000 0.1020 0.1020
v 0.414904 -0.894588 0.192224 1.0000 0.1020 0.1020
v 0.414904 -0.914780 0.050037 1.0000 0.1020 0.1020
v 0.414903 -0.880319 -0.234017 1.0000 0.1020 0.1020
v 0.414903 -0.750784 -0.489155 1.0000 0.1020 0.1020
v 0.414903 -0.541799 -0.684600 1.0000 0.1020 0.1020
v 0.414904 -0.278570 -0.796782 1.0000 0.1020 0.1020
v 0.414904 -0.136382 -0.816975 1.0000 0.1020 0.1020
v 0.414903 0.007152 -0.812170 1.0000 0.1020 0.1020
v 0.414903 0.280906 -0.728907 1.0000 0.1020 0.1020
v 0.414903 0.402808 -0.652979 1.0000 0.1020 0.1020
v 0.414904 0.509674 -0.557036 1.0000 0.1020 0.1020
v 0.414904 0.665861 -0.317286 1.0000 0.1020 0.1020
v 0.414903 0.710437 -0.180765 1.0000 0.1020 0.1020
v 0.417452 0.822952 0.198845 1.0000 0.1020 0.1020
v 0.417452 0.775517 0.354802 1.0000 0.1020 0.1020
v 0.417452 0.701720 0.500155 1.0000 0.1020 0.1020
v 0.417452 0.603804 0.630485 1.0000 0.1020 0.1020
v 0.417452 0.198196 0.894723 1.0000 0.1020 0.1020
v 0.417452 0.348158 0.830811 1.0000 0.1020 0.1020
v 0.417452 -0.586502 0.799526 1.0000 0.1020 0.1020
v 0.417452 -0.441149 0.873323 1.0000 0.1020 0.1020
v 0.417452 -0.828178 0.582550 1.0000 0.1020 0.1020
v 0.417452 -0.917159 0.445962 1.0000 0.1020 0.1020
v 0.417452 -0.981070 0.296000 1.0000 0.1020 0.1020
v 0.417452 -1.017969 0.137216 1.0000 0.1020 0.1020
v 0.417452 -1.007103 -0.187385 1.0000 0.1020 0.1020
v 0.417452 -0.959667 -0.343344 1.0000 0.1020 0.1020
v 0.417452 -0.668895 -0.730373 1.0000 0.1020 0.1020
v 0.417452 0.256999 -0.861862 1.0000 0.1020 0.1020
v 0.417452 0.101040 -0.909296 1.0000 0.1020 0.1020
v 0.417452 0.796919 -0.284540 1.0000 0.1020 0.1020
v 0.417452 0.546703 0.688758 1.0000 0.1020 0.1020
v 0.417452 0.274571 0.866040 1.0000 0.1020 0.1020
v 0.417452 -0.515436 0.839595 1.0000 0.1020 0.1020
v 0.417452 -0.925940 -0.417631 1.0000 0.1020 0.1020
v 0.417452 -0.458722 -0.854580 1.0000 0.1020 0.1020
v 0.417452 0.180055 -0.888981 1.0000 0.1020 0.1020
v 0.417452 0.418392 0.789305 1.0000 0.1020 0.1020
v 0.417452 -0.364205 0.900440 1.0000 0.1020 0.1020
v 0.417452 -0.653803 0.753411 1.0000 0.1020 0.1020
v 0.417452 -0.875648 0.516197 1.0000 0.1020 0.1020
v 0.417452 -0.952386 0.372375 1.0000 0.1020 0.1020
v 0.417452 -0.839756 -0.555998 1.0000 0.1020 0.1020
v 0.417452 -0.602543 -0.777843 1.0000 0.1020 0.1020
v 0.417452 -0.303760 -0.905179 1.0000 0.1020 0.1020
v 0.417452 0.020555 -0.922644 1.0000 0.1020 0.1020
v 0.417452 0.331285 -0.828135 1.0000 0.1020 0.1020
v 0.417452 0.469652 -0.741951 1.0000 0.1020 0.1020
v 0.178807 -0.102593 0.662663 1.0000 0.1020 0.1020
v 0.178807 0.000303 0.656221 1.0000 0.1020 0.1020
v 0.178807 -0.713606 -0.207278 1.0000 0.1020 0.1020
v 0.178807 0.021080 -0.641470 1.0000 0.1020 0.1020
v 0.178807 -0.285076 -0.622301 1.0000 0.1020 0.1020
v 0.178807 -0.184454 -0.644760 1.0000 0.1020 0.1020
v 0.178807 0.555125 0.118885 1.0000 0.1020 0.1020
v 0.178807 0.445578 -0.371896 1.0000 0.1020 0.1020
v 0.417452 0.484745 0.741832 1.0000 0.1020 0.1020
v 0.417452 0.039414 0.931622 1.0000 0.1020 0.1020
v 0.417452 -0.123364 0.940391 1.0000 0.1020 0.1020
v 0.417452 -0.382346 -0.883264 1.0000 0.1020 0.1020
v 0.417452 -0.532308 -0.819354 1.0000 0.1020 0.1020
v 0.417452 0.402351 -0.788065 1.0000 0.1020 0.1020
v 0.417452 -1.020449 -0.106902 1.0000 0.1020 0.1020
v 0.417452 -0.730853 -0.677297 1.0000 0.1020 0.1020
v 0.417452 0.691498 -0.504738 1.0000 0.1020 0.1020
v 0.417452 0.119610 0.916636 1.0000 0.1020 0.1020
v 0.417452 -0.041784 0.939557 1.0000 0.1020 0.1020
v 0.417452 -0.775103 0.644508 1.0000 0.1020 0.1020
v 0.417452 -1.025903 0.056020 1.0000 0.1020 0.1020
v 0.417452 -0.986787 -0.266400 1.0000 0.1020 0.1020
v 0.178807 0.285551 0.543383 1.0000 0.1020 0.1020
v 0.178807 -0.720106 0.198731 1.0000 0.1020 0.1020
v 0.178807 -0.629728 0.383359 1.0000 0.1020 0.1020
v 0.178807 -0.564035 0.462815 1.0000 0.1020 0.1020
v 0.178807 -0.305083 0.627262 1.0000 0.1020 0.1020
v -0.298960 -0.102593 0.662663 1.0000 0.1020 0.1020
v -0.298960 0.000303 0.656221 1.0000 0.1020 0.1020
v -0.298960 0.100926 0.633762 1.0000 0.1020 0.1020
v -0.298960 0.196795 0.595837 1.0000 0.1020 0.1020
v -0.298960 0.433212 0.400374 1.0000 0.1020 0.1020
v -0.298960 0.488482 0.313345 1.0000 0.1020 0.1020
v -0.298960 0.365009 0.477691 1.0000 0.1020 0.1020
v -0.298960 0.285551 0.543383 1.0000 0.1020 0.1020
v -0.298960 -0.720106 0.198731 1.0000 0.1020 0.1020
v -0.298960 -0.682182 0.294601 1.0000 0.1020 0.1020
v -0.298960 -0.629728 0.383359 1.0000 0.1020 0.1020
v -0.298960 -0.564035 0.462815 1.0000 0.1020 0.1020
v -0.298960 -0.305083 0.627262 1.0000 0.1020 0.1020
v -0.298960 -0.205231 0.652931 1.0000 0.1020 0.1020
v -0.298960 -0.399689 0.586287 1.0000 0.1020 0.1020
v -0.298960 -0.486721 0.531017 1.0000 0.1020 0.1020
v -0.298960 -0.469702 -0.531923 1.0000 0.1020 0.1020
v -0.298960 -0.549160 -0.466229 1.0000 0.1020 0.1020
v -0.298960 -0.617364 -0.388915 1.0000 0.1020 0.1020
v -0.298960 -0.672632 -0.301884 1.0000 0.1020 0.1020
v -0.298960 -0.749009 -0.004788 1.0000 0.1020 0.1020
v -0.298960 -0.742566 0.098109 1.0000 0.1020 0.1020
v -0.298960 -0.739276 -0.107426 1.0000 0.1020 0.1020
v -0.298960 -0.713606 -0.207278 1.0000 0.1020 0.1020
v -0.298960 0.302569 -0.519559 1.0000 0.1020 0.1020
v -0.298960 0.215537 -0.574827 1.0000 0.1020 0.1020
v -0.298960 0.120931 -0.615801 1.0000 0.1020 0.1020
v -0.298960 0.021080 -0.641470 1.0000 0.1020 0.1020
v -0.298960 -0.285076 -0.622301 1.0000 0.1020 0.1020
v -0.298960 -0.380945 -0.584377 1.0000 0.1020 0.1020
v -0.298960 -0.184454 -0.644760 1.0000 0.1020 0.1020
v -0.298960 -0.081557 -0.651203 1.0000 0.1020 0.1020
v -0.298960 0.529455 0.218738 1.0000 0.1020 0.1020
v -0.298960 0.555125 0.118885 1.0000 0.1020 0.1020
v -0.298960 0.564858 0.016248 1.0000 0.1020 0.1020
v -0.298960 0.558416 -0.086648 1.0000 0.1020 0.1020
v -0.298960 0.445578 -0.371896 1.0000 0.1020 0.1020
v -0.298960 0.379884 -0.451355 1.0000 0.1020 0.1020
v -0.298960 0.498032 -0.283140 1.0000 0.1020 0.1020
v -0.298960 0.535956 -0.187271 1.0000 0.1020 0.1020
v 0.417452 0.833818 -0.125759 1.0000 0.1020 0.1020
v 0.417452 -0.285191 0.920756 1.0000 0.1020 0.1020
v 0.417452 -0.716832 0.701609 1.0000 0.1020 0.1020
v 0.417452 -1.026735 -0.025560 1.0000 0.1020 0.1020
v 0.417452 -0.885870 -0.488697 1.0000 0.1020 0.1020
v 0.417452 -0.787954 -0.619027 1.0000 0.1020 0.1020
v 0.417452 -0.223564 -0.920164 1.0000 0.1020 0.1020
v 0.417452 -0.060787 -0.928930 1.0000 0.1020 0.1020
v 0.417452 0.532681 -0.690149 1.0000 0.1020 0.1020
v 0.417452 0.733008 -0.434502 1.0000 0.1020 0.1020
v 0.417452 0.644028 -0.571089 1.0000 0.1020 0.1020
v 0.417452 0.842585 0.037019 1.0000 0.1020 0.1020
v 0.417452 -0.204706 0.934104 1.0000 0.1020 0.1020
v 0.417452 0.841753 -0.044561 1.0000 0.1020 0.1020
v 0.417452 0.836299 0.118362 1.0000 0.1020 0.1020
v 0.417452 0.802637 0.277858 1.0000 0.1020 0.1020
v 0.417452 0.741790 0.429090 1.0000 0.1020 0.1020
v 0.417452 0.655605 0.567457 1.0000 0.1020 0.1020
v 0.417452 -1.002983 0.217415 1.0000 0.1020 0.1020
v 0.417452 -0.142367 -0.928097 1.0000 0.1020 0.1020
v 0.417452 0.590952 -0.633049 1.0000 0.1020 0.1020
v 0.417452 0.768235 -0.360917 1.0000 0.1020 0.1020
v 0.417452 0.818833 -0.205955 1.0000 0.1020 0.1020
v -0.535057 0.723639 -0.110111 1.0000 0.1020 0.1020
v -0.535057 0.714067 0.175864 1.0000 0.1020 0.1020
v -0.535057 0.672276 0.313263 1.0000 0.1020 0.1020
v -0.535057 0.607261 0.441321 1.0000 0.1020 0.1020
v -0.535057 0.416105 0.654240 1.0000 0.1020 0.1020
v -0.535057 0.520996 0.556141 1.0000 0.1020 0.1020
v -0.535057 0.163655 0.788937 1.0000 0.1020 0.1020
v -0.535057 0.295771 0.732632 1.0000 0.1020 0.1020
v -0.535057 0.023767 0.821446 1.0000 0.1020 0.1020
v -0.535056 -0.262211 0.811871 1.0000 0.1020 0.1020
v -0.535057 -0.119641 0.829166 1.0000 0.1020 0.1020
v -0.535056 -0.527667 0.705068 1.0000 0.1020 0.1020
v -0.535056 -0.399611 0.770082 1.0000 0.1020 0.1020
v -0.535057 -0.642488 0.618801 1.0000 0.1020 0.1020
v -0.535057 -0.740584 0.513909 1.0000 0.1020 0.1020
v -0.535057 -0.818976 0.393574 1.0000 0.1020 0.1020
v -0.535056 -0.875282 0.261460 1.0000 0.1020 0.1020
v -0.535057 -0.907790 0.121572 1.0000 0.1020 0.1020
v -0.535056 -0.898217 -0.164406 1.0000 0.1020 0.1020
v -0.535057 -0.915514 -0.021837 1.0000 0.1020 0.1020
v -0.535056 -0.791411 -0.429862 1.0000 0.1020 0.1020
v -0.535056 -0.856426 -0.301806 1.0000 0.1020 0.1020
v -0.535056 -0.600255 -0.642779 1.0000 0.1020 0.1020
v -0.535056 -0.705147 -0.544683 1.0000 0.1020 0.1020
v -0.535057 -0.347805 -0.777477 1.0000 0.1020 0.1020
v -0.535057 -0.479922 -0.721171 1.0000 0.1020 0.1020
v -0.535057 -0.207918 -0.809984 1.0000 0.1020 0.1020
v -0.535057 -0.064510 -0.817709 1.0000 0.1020 0.1020
v -0.535057 0.215460 -0.758622 1.0000 0.1020 0.1020
v -0.535057 0.078060 -0.800411 1.0000 0.1020 0.1020
v -0.535057 0.343516 -0.693607 1.0000 0.1020 0.1020
v -0.535057 0.458337 -0.607341 1.0000 0.1020 0.1020
v -0.535057 0.634826 -0.382117 1.0000 0.1020 0.1020
v -0.535057 0.556434 -0.502449 1.0000 0.1020 0.1020
v -0.535057 0.691131 -0.249999 1.0000 0.1020 0.1020
v -0.535057 0.731363 0.033295 1.0000 0.1020 0.1020
v -0.535057 0.470690 0.607480 1.0000 0.1020 0.1020
v -0.535057 0.230941 0.763667 1.0000 0.1020 0.1020
v -0.535056 -0.191303 0.823630 1.0000 0.1020 0.1020
v -0.535056 -0.465057 0.740366 1.0000 0.1020 0.1020
v -0.535056 -0.909976 -0.093498 1.0000 0.1020 0.1020
v -0.535056 -0.826712 -0.367251 1.0000 0.1020 0.1020
v -0.535056 -0.654841 -0.596020 1.0000 0.1020 0.1020
v -0.535056 -0.415092 -0.752207 1.0000 0.1020 0.1020
v -0.535057 0.147672 -0.782514 1.0000 0.1020 0.1020
v -0.535057 0.598255 -0.443992 1.0000 0.1020 0.1020
v -0.535057 0.730630 -0.038577 1.0000 0.1020 0.1020
v -0.535057 0.725825 0.104958 1.0000 0.1020 0.1020
v -0.535057 0.696169 0.245479 1.0000 0.1020 0.1020
v -0.535057 0.642562 0.378712 1.0000 0.1020 0.1020
v -0.535057 0.566633 0.500612 1.0000 0.1020 0.1020
v -0.535057 0.357648 0.696061 1.0000 0.1020 0.1020
v -0.535057 0.094420 0.808243 1.0000 0.1020 0.1020
v -0.535057 -0.047769 0.828436 1.0000 0.1020 0.1020
v -0.535056 -0.331822 0.793974 1.0000 0.1020 0.1020
v -0.535056 -0.586959 0.664438 1.0000 0.1020 0.1020
v -0.535057 -0.693825 0.568497 1.0000 0.1020 0.1020
v -0.535057 -0.782405 0.455452 1.0000 0.1020 0.1020
v -0.535057 -0.850011 0.328746 1.0000 0.1020 0.1020
v -0.535056 -0.894588 0.192224 1.0000 0.1020 0.1020
v -0.535057 -0.914780 0.050037 1.0000 0.1020 0.1020
v -0.535056 -0.880319 -0.234017 1.0000 0.1020 0.1020
v -0.535057 -0.750784 -0.489155 1.0000 0.1020 0.1020
v -0.535057 -0.541799 -0.684600 1.0000 0.1020 0.1020
v -0.535057 -0.278570 -0.796782 1.0000 0.1020 0.1020
v -0.535057 -0.136382 -0.816975 1.0000 0.1020 0.1020
v -0.535057 0.007152 -0.812170 1.0000 0.1020 0.1020
v -0.535057 0.280906 -0.728907 1.0000 0.1020 0.1020
v -0.535057 0.402808 -0.652979 1.0000 0.1020 0.1020
v -0.535057 0.509674 -0.557036 1.0000 0.1020 0.1020
v -0.535057 0.665861 -0.317286 1.0000 0.1020 0.1020
v -0.535057 0.710437 -0.180765 1.0000 0.1020 0.1020
v -0.537605 0.833818 -0.125759 1.0000 0.1020 0.1020
v -0.537605 0.822953 0.198845 1.0000 0.1020 0.1020
v -0.537605 0.775517 0.354802 1.0000 0.1020 0.1020
v -0.537605 0.701720 0.500155 1.0000 0.1020 0.1020
v -0.537605 0.484745 0.741832 1.0000 0.1020 0.1020
v -0.537605 0.603804 0.630485 1.0000 0.1020 0.1020
v -0.537605 0.198196 0.894723 1.0000 0.1020 0.1020
v -0.537605 0.348158 0.830811 1.0000 0.1020 0.1020
v -0.537605 0.039414 0.931622 1.0000 0.1020 0.1020
v -0.537605 -0.285191 0.920756 1.0000 0.1020 0.1020
v -0.537605 -0.123364 0.940391 1.0000 0.1020 0.1020
v -0.537605 -0.586502 0.799526 1.0000 0.1020 0.1020
v -0.537605 -0.441149 0.873323 1.0000 0.1020 0.1020
v -0.537605 -0.716832 0.701609 1.0000 0.1020 0.1020
v -0.537605 -0.828178 0.582550 1.0000 0.1020 0.1020
v -0.537605 -0.917159 0.445962 1.0000 0.1020 0.1020
v -0.537605 -0.981070 0.296000 1.0000 0.1020 0.1020
v -0.537605 -1.017969 0.137216 1.0000 0.1020 0.1020
v -0.537605 -1.007103 -0.187385 1.0000 0.1020 0.1020
v -0.537605 -1.026735 -0.025560 1.0000 0.1020 0.1020
v -0.537605 -0.885870 -0.488697 1.0000 0.1020 0.1020
v -0.537605 -0.959667 -0.343344 1.0000 0.1020 0.1020
v -0.537605 -0.668895 -0.730373 1.0000 0.1020 0.1020
v -0.537605 -0.787954 -0.619027 1.0000 0.1020 0.1020
v -0.537605 -0.382346 -0.883264 1.0000 0.1020 0.1020
v -0.537605 -0.532308 -0.819354 1.0000 0.1020 0.1020
v -0.537605 -0.223564 -0.920164 1.0000 0.1020 0.1020
v -0.537605 -0.060787 -0.928930 1.0000 0.1020 0.1020
v -0.537605 0.256999 -0.861862 1.0000 0.1020 0.1020
v -0.537605 0.101040 -0.909296 1.0000 0.1020 0.1020
v -0.537605 0.402351 -0.788065 1.0000 0.1020 0.1020
v -0.537605 0.532681 -0.690149 1.0000 0.1020 0.1020
v -0.537605 0.733008 -0.434502 1.0000 0.1020 0.1020
v -0.537605 0.644028 -0.571088 1.0000 0.1020 0.1020
v -0.537605 0.796919 -0.284540 1.0000 0.1020 0.1020
v -0.537605 0.842585 0.037019 1.0000 0.1020 0.1020
v -0.537605 0.546703 0.688758 1.0000 0.1020 0.1020
v -0.537605 0.274571 0.866040 1.0000 0.1020 0.1020
v -0.537605 -0.204706 0.934104 1.0000 0.1020 0.1020
v -0.537605 -0.515436 0.839595 1.0000 0.1020 0.1020
v -0.537605 -1.020449 -0.106902 1.0000 0.1020 0.1020
v -0.537605 -0.925940 -0.417631 1.0000 0.1020 0.1020
v -0.537605 -0.730853 -0.677297 1.0000 0.1020 0.1020
v -0.537605 -0.458722 -0.854580 1.0000 0.1020 0.1020
v -0.537605 0.180055 -0.888981 1.0000 0.1020 0.1020
v -0.537605 0.691498 -0.504738 1.0000 0.1020 0.1020
v -0.537605 0.841753 -0.044561 1.0000 0.1020 0.1020
v -0.537605 0.836299 0.118362 1.0000 0.1020 0.1020
v -0.537605 0.802637 0.277858 1.0000 0.1020 0.1020
v -0.537605 0.741790 0.429090 1.0000 0.1020 0.1020
v -0.537605 0.655605 0.567457 1.0000 0.1020 0.1020
v -0.537605 0.418392 0.789305 1.0000 0.1020 0.1020
v -0.537605 0.119610 0.916636 1.0000 0.1020 0.1020
v -0.537605 -0.041784 0.939557 1.0000 0.1020 0.1020
v -0.537605 -0.364205 0.900440 1.0000 0.1020 0.1020
v -0.537605 -0.653803 0.753411 1.0000 0.1020 0.1020
v -0.537605 -0.775103 0.644508 1.0000 0.1020 0.1020
v -0.537605 -0.875648 0.516197 1.0000 0.1020 0.1020
v -0.537605 -0.952386 0.372375 1.0000 0.1020 0.1020
v -0.537605 -1.002983 0.217415 1.0000 0.1020 0.1020
v -0.537605 -1.025903 0.056020 1.0000 0.1020 0.1020
v -0.537605 -0.986787 -0.266400 1.0000 0.1020 0.1020
v -0.537605 -0.839756 -0.555998 1.0000 0.1020 0.1020
v -0.537605 -0.602543 -0.777843 1.0000 0.1020 0.1020
v -0.537605 -0.303760 -0.905179 1.0000 0.1020 0.1020
v -0.537605 -0.142367 -0.928097 1.0000 0.1020 0.1020
v -0.537605 0.020555 -0.922644 1.0000 0.1020 0.1020
v -0.537605 0.331285 -0.828135 1.0000 0.1020 0.1020
v -0.537605 0.469652 -0.741951 1.0000 0.1020 0.1020
v -0.537605 0.590952 -0.633049 1.0000 0.1020 0.1020
v -0.537605 0.768235 -0.360917 1.0000 0.1020 0.1020
v -0.537605 0.818833 -0.205955 1.0000 0.1020 0.1020
vn 0.9921 0.0006 -0.1254
vn 0.9717 0.0323 0.2338
vn 0.9912 -0.0182 -0.1314
vn 0.9921 -0.0118 -0.1250
vn 0.9648 0.0881 0.2478
vn 0.9688 -0.2316 -0.0878
vn 0.9911 0.1132 0.0695
vn 0.9912 0.1189 0.0577
vn 0.9705 -0.1970 -0.1393
vn 0.9912 0.1057 0.0801
vn 0.9688 -0.2391 -0.0647
vn 0.9912 0.1244 0.0460
vn 0.9916 -0.1293 -0.0090
vn 0.9678 0.2502 -0.0260
vn 0.9899 -0.1407 0.0152
vn 0.9688 -0.1961 -0.1513
vn 0.9912 0.0880 0.0991
vn 0.9912 0.0970 0.0898
vn 0.9705 -0.1824 -0.1579
vn 0.9921 -0.0242 -0.1234
vn 0.9648 0.1121 0.2378
vn 0.9689 0.1444 0.2010
vn 0.9911 -0.0676 -0.1146
vn 0.9689 0.1637 0.1856
vn 0.9911 -0.0787 -0.1076
vn 0.9921 0.1155 0.0487
vn 0.9718 -0.2283 -0.0597
vn 0.9911 0.1284 0.0336
vn 0.9917 -0.1283 0.0109
vn 0.9622 0.2630 -0.0710
vn 0.9688 -0.2476 0.0075
vn 0.9912 0.1323 0.0079
vn 0.9920 -0.1121 0.0590
vn 0.9718 0.1924 -0.1365
vn 0.9909 -0.1093 0.0781
vn 0.9688 -0.1698 0.1804
vn 0.9912 0.1073 -0.0779
vn 0.9912 0.0989 -0.0877
vn 0.9651 0.2617 -0.0067
vn 0.9899 -0.1404 -0.0182
vn 0.9897 -0.1427 -0.0069
vn 0.9678 0.2516 -0.0072
vn 0.9897 -0.1430 0.0040
vn 0.9705 -0.2040 0.1287
vn 0.9911 0.1146 -0.0671
vn 0.9689 0.0649 -0.2389
vn 0.9911 -0.0584 0.1195
vn 0.9911 -0.0462 0.1245
vn 0.9689 -0.2347 0.0791
vn 0.9912 0.1309 -0.0180
vn 0.9912 0.1288 -0.0308
vn 0.9688 0.0411 -0.2442
vn 0.9912 -0.0337 0.1284
vn 0.9687 0.2333 0.0849
vn 0.9909 -0.1155 -0.0695
vn 0.9908 -0.1223 -0.0580
vn 0.9688 -0.1513 0.1961
vn 0.9912 0.0900 -0.0973
vn 0.9705 -0.2406 0.0173
vn 0.9912 0.1325 -0.0051
vn 0.9921 0.1228 -0.0237
vn 0.9717 -0.2230 0.0772
vn 0.9911 0.1255 -0.0435
vn 0.9574 -0.1001 0.2707
vn 0.9573 -0.1264 0.2600
vn 0.9532 -0.2942 0.0689
vn 0.9576 0.2802 -0.0671
vn 0.9576 0.2722 -0.0943
vn -0.0666 -0.8061 0.5881
vn 0.0660 -0.7462 0.6624
vn -0.0661 -0.7462 0.6624
vn 0.9688 -0.1313 0.2100
vn 0.9995 0.0234 -0.0210
vn 0.9688 -0.0557 -0.2414
vn 0.9912 0.0051 0.1325
vn 0.9912 0.0181 0.1313
vn 0.9705 0.0063 -0.2412
vn 0.9912 -0.0079 0.1324
vn 0.9689 -0.1100 0.2219
vn 0.9911 0.0694 -0.1132
vn 0.9921 0.0799 -0.0963
vn 0.9705 -0.2412 -0.0064
vn 0.9569 -0.1757 0.2313
vn 0.9910 -0.0912 0.0975
vn 0.9566 -0.1982 0.2137
vn 0.9705 0.0299 -0.2394
vn 0.9912 -0.0209 0.1310
vn 0.9921 0.0487 -0.1155
vn 0.9718 -0.0597 0.2283
vn 0.9912 0.0335 -0.1281
vn 0.9689 -0.0791 -0.2347
vn 0.9913 0.0307 0.1283
vn 0.9921 0.0115 0.1249
vn 0.9921 0.0252 -0.1228
vn 0.9717 -0.0140 0.2356
vn 0.9912 0.0079 -0.1323
vn 0.9705 -0.1481 -0.1904
vn 0.9911 0.0780 0.1075
vn 0.9939 0.0763 -0.0800
vn 0.9576 0.1259 -0.2591
vn 0.9576 0.0998 -0.2702
vn 0.9518 -0.3040 0.0405
vn 0.9510 -0.3091 0.0120
vn 0.9648 -0.0136 0.2627
vn 0.9655 0.2587 0.0286
vn 0.9905 -0.1289 -0.0470
vn 0.9903 -0.1354 -0.0324
vn 0.9927 -0.0406 0.1137
vn 0.9718 0.1613 -0.1719
vn 0.9695 0.2284 0.0892
vn 0.9553 -0.2556 0.1489
vn 0.9908 -0.1235 0.0554
vn 0.9547 -0.2705 0.1239
vn 0.9510 -0.3088 -0.0183
vn 0.9705 0.1986 0.1367
vn 0.9909 -0.1077 -0.0803
vn 0.9562 -0.2192 0.1940
vn 0.9705 -0.1287 -0.2040
vn 0.9912 0.0670 0.1145
vn 0.9575 -0.0730 0.2790
vn 0.9911 -0.0695 0.1135
vn 0.9571 -0.1517 0.2468
vn 0.9576 0.0112 0.2879
vn 0.9576 -0.0171 0.2876
vn 0.9648 0.0379 0.2603
vn 0.9718 -0.0987 -0.2143
vn 0.9912 0.0554 0.1203
vn 0.9705 -0.0982 0.2204
vn 0.9665 0.2526 0.0465
vn 0.9649 0.1367 -0.2243
vn 0.9576 -0.0112 -0.2879
vn 0.9576 -0.0394 -0.2855
vn 0.9576 0.2845 0.0452
vn 0.9576 0.2787 0.0729
vn 0.9576 0.2876 0.0171
vn 0.9553 -0.2524 -0.1541
vn 0.9547 -0.2679 -0.1294
vn 0.9576 0.0393 0.2854
vn 0.9573 -0.1210 -0.2625
vn 0.9571 -0.1465 -0.2498
vn 0.9576 0.2331 -0.1692
vn 0.9576 0.2486 -0.1456
vn 0.9576 0.2879 -0.0112
vn 0.9576 0.2702 0.0998
vn 0.9576 0.2154 -0.1913
vn 0.9576 0.2021 -0.2054
vn 0.9542 -0.2809 -0.1032
vn 0.9533 -0.2927 -0.0749
vn 0.9576 0.0452 -0.2845
vn 0.9576 0.0171 -0.2876
vn 0.9576 0.2617 -0.1205
vn 0.9576 0.2296 0.1740
vn 0.9576 0.2456 0.1506
vn 0.9576 0.1913 0.2154
vn 0.9576 0.2591 0.1259
vn -0.0685 0.0550 -0.9961
vn 0.0660 0.1567 -0.9854
vn 0.0660 0.0593 -0.9961
vn 0.9925 -0.0832 0.0896
vn 0.9716 0.2161 -0.0961
vn 0.9649 0.1138 -0.2369
vn 0.9705 0.0533 -0.2352
vn 0.9541 -0.2831 0.0974
vn 0.9518 -0.3031 -0.0467
vn 0.9569 -0.1708 -0.2349
vn 0.9576 0.1456 0.2486
vn 0.9576 0.1692 0.2331
vn 0.9576 0.2115 0.1957
vn 0.9649 0.2133 -0.1535
vn 0.9576 0.2854 -0.0393
vn -0.0685 -0.1404 -0.9877
vn 0.0661 -0.0387 -0.9971
vn 0.0660 -0.1362 -0.9885
vn 0.9576 0.0671 0.2802
vn 0.9576 0.0943 0.2722
vn 0.9576 0.0729 -0.2787
vn 0.9705 -0.2157 0.1081
vn 0.9649 0.1784 -0.1927
vn 0.9575 -0.0672 -0.2804
vn 0.9574 -0.0945 -0.2727
vn 0.9576 0.1205 0.2617
vn 0.9938 -0.0464 -0.1014
vn 0.9566 -0.1938 -0.2177
vn 0.9562 -0.2151 -0.1984
vn 0.9576 -0.0453 0.2846
vn 0.9576 0.1506 -0.2456
vn 0.3278 -0.9348 0.1368
vn 0.0660 -0.9429 0.3265
vn 0.0660 -0.9704 0.2325
vn 0.9558 -0.2384 0.1724
vn 0.9558 -0.2347 -0.1772
vn 0.0706 0.9184 0.3893
vn 0.2864 0.8222 0.4919
vn 0.2851 0.8809 0.3777
vn 0.9912 -0.0977 -0.0892
vn 0.3013 0.9025 -0.3078
vn 0.0620 0.9657 -0.2521
vn 0.2541 0.9327 -0.2559
vn 0.3278 -0.8889 -0.3200
vn 0.0660 -0.9855 -0.1566
vn 0.0660 -0.9654 -0.2524
vn 0.3121 0.9290 0.1987
vn 0.0700 0.9964 0.0474
vn 0.0659 0.9900 0.1248
vn 0.3017 -0.7491 0.5898
vn 0.0709 -0.8043 0.5899
vn 0.2868 -0.7753 0.5627
vn 0.3100 0.9132 0.2644
vn 0.0625 0.9771 0.2035
vn -0.0479 0.9901 0.1320
vn -0.0433 0.9976 0.0537
vn 0.0683 -0.1606 0.9846
vn 0.2857 -0.2424 0.9271
vn 0.2859 -0.1504 0.9464
vn 0.3288 0.6383 -0.6960
vn 0.0663 0.5242 -0.8490
vn 0.0666 0.6059 -0.7928
vn 0.0668 -0.4382 0.8964
vn 0.2852 -0.3322 0.8991
vn 0.0660 -0.3458 0.9360
vn 0.0683 -0.5826 -0.8099
vn 0.2856 -0.4842 -0.8270
vn 0.2858 -0.5629 -0.7756
vn 0.3281 -0.9434 -0.0478
vn 0.0660 -0.9885 0.1362
vn 0.0661 -0.9971 0.0387
vn 0.3016 -0.0193 0.9532
vn 0.0660 -0.0592 0.9961
vn 0.2862 -0.0569 0.9565
vn 0.0666 0.9925 -0.1020
vn 0.2656 0.9496 -0.1664
vn 0.0624 0.9811 -0.1831
vn -0.0666 -0.9962 -0.0568
vn -0.0660 -0.9971 0.0387
vn 0.3292 0.7044 0.6289
vn 0.0722 0.8583 0.5081
vn 0.0670 0.8006 0.5954
vn 0.3804 -0.8972 0.2243
vn 0.2822 0.9593 -0.0098
vn 0.0699 0.9972 -0.0268
vn 0.3012 -0.6200 0.7245
vn 0.0660 -0.6777 0.7324
vn 0.2856 -0.6509 0.7034
vn 0.3018 0.6914 -0.6564
vn 0.0667 0.7509 -0.6570
vn 0.2865 0.7212 -0.6307
vn 0.0660 -0.9360 -0.3458
vn 0.2862 -0.8988 -0.3321
vn 0.3282 -0.5637 0.7580
vn 0.0660 -0.5218 0.8505
vn 0.3017 -0.9488 -0.0938
vn 0.0758 -0.9954 -0.0592
vn 0.0683 -0.8631 0.5004
vn 0.2858 -0.8705 0.4008
vn 0.2857 -0.8270 0.4842
vn 0.0715 0.6850 -0.7250
vn 0.0684 0.2568 -0.9641
vn 0.2860 0.3331 -0.8985
vn 0.2859 0.2430 -0.9270
vn -0.0660 -0.9885 0.1362
vn 0.0660 -0.6624 -0.7462
vn -0.0666 -0.7967 -0.6007
vn 0.0660 -0.8505 -0.5218
vn -0.0660 -0.8505 -0.5218
vn 0.2953 0.8882 0.3519
vn 0.0621 0.9602 0.2722
vn 0.3278 -0.1368 -0.9348
vn 0.0660 -0.3265 -0.9429
vn 0.0660 -0.2325 -0.9704
vn 0.2862 -0.1308 -0.9492
vn 0.3017 0.1676 0.9386
vn 0.0660 0.1364 0.9885
vn 0.2857 0.1310 0.9493
vn 0.7821 -0.4999 0.3719
vn 0.7847 -0.5350 0.3132
vn 0.9689 0.1814 0.1684
vn 0.7650 0.6438 -0.0193
vn 0.0680 0.8678 -0.4923
vn 0.2865 0.7805 -0.5557
vn 0.0670 0.8128 -0.5787
vn 0.3287 0.5652 0.7566
vn 0.0668 0.7372 0.6724
vn 0.0666 0.6665 0.7425
vn 0.3020 0.4349 0.8483
vn 0.0662 0.4189 0.9056
vn 0.2862 0.4023 0.8696
vn -0.0667 -0.1542 0.9858
vn -0.0660 -0.0592 0.9961
vn 0.3012 -0.7818 -0.5459
vn 0.0709 -0.7980 -0.5985
vn 0.2864 -0.7636 -0.5786
vn 0.3286 0.4883 -0.8084
vn 0.0711 0.3421 -0.9370
vn 0.0662 0.4375 -0.8968
vn 0.3017 -0.8810 0.3645
vn 0.0709 -0.9040 0.4217
vn 0.7847 0.0974 -0.6122
vn 0.7848 0.1572 -0.5995
vn 0.7849 0.2155 -0.5810
vn 0.7676 0.6378 -0.0637
vn 0.4503 0.8926 -0.0227
vn 0.3023 0.7409 0.5998
vn 0.3280 0.1401 -0.9342
vn 0.3804 -0.1361 -0.9148
vn 0.7824 0.2665 -0.5628
vn 0.4721 0.4633 -0.7500
vn 0.7850 0.3256 -0.5270
vn 0.9572 -0.2618 0.1234
vn 0.0709 0.0338 0.9969
vn 0.7790 -0.4747 0.4097
vn 0.7847 -0.4210 0.4550
vn 0.9602 0.1021 -0.2601
vn 0.3804 0.2438 -0.8921
vn 0.0662 0.3274 0.9426
vn 0.2860 0.3145 0.9052
vn 0.3280 -0.6333 -0.7010
vn 0.0660 -0.7324 -0.6777
vn 0.7654 0.6182 0.1788
vn 0.7847 -0.3744 0.4941
vn 0.7821 -0.5864 0.2108
vn 0.7847 -0.6028 0.1444
vn 0.7827 0.4200 -0.4594
vn 0.7852 0.4662 -0.4076
vn 0.7794 -0.5727 0.2541
vn 0.7692 0.6283 0.1163
vn 0.7826 0.3722 -0.4990
vn 0.3281 -0.8095 -0.4868
vn 0.0660 -0.8976 -0.4359
vn 0.0665 0.5893 0.8052
vn 0.2863 0.5660 0.7731
vn 0.9635 0.2475 -0.1023
vn 0.9689 0.1973 0.1495
vn 0.9705 0.1838 0.1557
vn -0.0507 0.9772 0.2062
vn 0.7668 0.6366 0.0828
vn 0.0713 0.5021 0.8619
vn 0.7634 0.6449 0.0369
vn 0.3018 -0.6738 -0.6744
vn 0.7821 -0.6047 -0.1505
vn 0.7846 -0.5815 -0.2149
vn 0.7671 0.6167 -0.1767
vn 0.7842 0.4184 0.4582
vn 0.7795 0.4690 0.4154
vn 0.7835 -0.6207 0.0295
vn 0.7850 0.5317 0.3180
vn 0.7824 0.5667 0.2583
vn 0.7851 0.3660 0.4997
vn 0.7851 0.4971 0.3694
vn 0.7847 -0.0973 0.6122
vn -0.0657 0.6681 0.7412
vn -0.0645 0.7370 0.6728
vn 0.4151 0.9097 -0.0114
vn 0.7683 0.6316 -0.1039
vn 0.7847 -0.5576 -0.2708
vn 0.7841 0.3196 0.5321
vn 0.7821 -0.6162 0.0924
vn 0.7847 -0.4115 -0.4636
vn 0.7847 -0.3641 -0.5017
vn 0.9584 0.1059 0.2650
vn 0.7849 0.2602 0.5623
vn 0.7847 -0.5284 -0.3241
vn 0.7848 0.2034 0.5853
vn 0.7848 0.1448 0.6027
vn 0.7847 -0.4941 -0.3744
vn 0.7750 0.5759 -0.2601
vn 0.3033 0.7975 -0.5215
vn 0.7852 0.5046 -0.3590
vn 0.7738 -0.6324 -0.0376
vn 0.3804 -0.9118 -0.1548
vn 0.3028 -0.3643 0.8807
vn 0.7847 -0.2148 0.5815
vn 0.7835 -0.0902 -0.6148
vn 0.7737 -0.2773 0.5696
vn 0.7847 -0.3242 0.5284
vn 0.7790 -0.4543 -0.4322
vn 0.7821 0.0315 0.6223
vn 0.7738 -0.0369 0.6324
vn 0.9601 -0.1214 -0.2518
vn 0.7847 -0.2592 -0.5631
vn -0.0667 -0.5197 0.8518
vn -0.0660 -0.4359 0.8976
vn -0.0667 -0.8986 -0.4337
vn -0.0660 -0.9360 -0.3458
vn 0.9583 -0.0789 -0.2745
vn 0.7847 -0.2028 -0.5858
vn -0.0666 0.1388 0.9881
vn 0.0710 0.2377 0.9688
vn -0.0659 0.2329 0.9703
vn 0.7846 0.0368 -0.6188
vn -0.0667 -0.6007 0.7967
vn 0.4709 -0.2886 -0.8336
vn -0.0639 0.8004 0.5961
vn -0.0666 -0.6759 0.7340
vn 0.0709 -0.5985 0.7980
vn -0.0669 0.7478 -0.6605
vn 0.7794 -0.1501 0.6083
vn -0.0666 0.0411 0.9969
vn -0.0675 0.6783 -0.7317
vn 0.7794 -0.0156 -0.6263
vn -0.0666 -0.9421 0.3288
vn -0.0660 -0.9064 0.4173
vn -0.0543 0.9605 0.2728
vn 0.7738 -0.3206 -0.5463
vn 0.7790 -0.6206 -0.0898
vn 0.7837 -0.1399 -0.6052
vn 0.7840 0.5417 -0.3031
vn -0.0683 0.4335 -0.8986
vn -0.0664 0.4210 0.9046
vn -0.0656 0.5064 0.8598
vn -0.0667 -0.7340 -0.6759
vn -0.0666 -0.2348 -0.9698
vn -0.0660 -0.3264 -0.9429
vn -0.0667 -0.4195 -0.9053
vn 0.0759 -0.5038 -0.8605
vn -0.0660 -0.5041 -0.8611
vn -0.0665 0.3296 0.9418
vn -0.0666 -0.6642 -0.7445
vn -0.0660 -0.8611 0.5041
vn -0.0666 0.1591 -0.9850
vn -0.0666 0.2552 -0.9646
vn 0.4323 -0.4505 -0.7811
vn 0.0709 -0.4216 -0.9040
vn -0.0654 0.5892 0.8053
vn -0.0619 0.9205 0.3858
vn -0.0630 0.8558 0.5134
vn -0.0666 -0.3435 0.9368
vn 0.0758 -0.2522 0.9647
vn -0.0661 -0.2524 0.9654
vn -0.0667 -0.9698 0.2348
vn -0.0678 0.6022 -0.7955
vn -0.0491 0.9918 -0.1179
vn -0.0660 -0.9654 -0.2524
vn -0.0662 0.5261 -0.8478
vn -0.0667 -0.9858 -0.1542
vn -0.0654 0.8640 -0.4992
vn 0.0768 0.9278 -0.3652
vn -0.0645 0.8139 -0.5774
vn -0.3005 0.9335 -0.1955
vn -0.0479 0.9981 -0.0381
vn -0.0550 0.9643 -0.2589
vn -0.0667 -0.5880 -0.8061
vn 0.9575 0.1627 -0.2381
vn 0.7835 0.0796 0.6163
vn 0.9584 -0.1383 0.2499
vn -0.0620 0.9284 -0.3665
vn -0.0507 0.9813 -0.1858
vn -0.3013 -0.7928 -0.5298
vn -0.2856 -0.8169 -0.5011
vn -0.2859 -0.8620 -0.4186
vn -0.3012 -0.2768 -0.9125
vn -0.2858 -0.3135 -0.9056
vn -0.2853 0.0372 0.9577
vn -0.2859 -0.0569 0.9566
vn -0.3012 -0.9490 0.0934
vn -0.2858 -0.9493 0.1308
vn -0.3278 -0.7117 0.6213
vn -0.2951 0.8965 0.3304
vn -0.2453 0.9277 0.2816
vn -0.2845 0.6545 -0.7005
vn -0.2838 0.7207 -0.6325
vn -0.2853 -0.0372 -0.9577
vn -0.2856 0.0569 -0.9567
vn -0.2856 0.3329 -0.8987
vn -0.2855 0.4199 -0.8615
vn -0.2856 -0.6509 0.7034
vn -0.2864 -0.7165 0.6361
vn -0.2854 -0.9057 0.3136
vn -0.2865 -0.9317 0.2232
vn -0.3280 0.4221 -0.8452
vn -0.3015 -0.2770 0.9123
vn -0.2859 -0.2424 0.9271
vn -0.3282 -0.5012 0.8007
vn -0.2734 0.9589 0.0755
vn -0.2567 0.9650 0.0527
vn -0.3995 0.9111 0.1012
vn -0.2546 0.9507 -0.1771
vn -0.3278 -0.4198 0.8463
vn -0.3016 0.1857 0.9352
vn -0.2858 0.2236 0.9318
vn -0.2859 -0.4008 -0.8704
vn -0.2864 0.8956 -0.3404
vn -0.3016 -0.8498 0.4323
vn -0.3016 -0.9123 -0.2771
vn -0.2864 -0.9269 -0.2424
vn -0.2856 0.3143 0.9054
vn -0.2862 -0.1504 0.9463
vn -0.3016 0.2050 -0.9311
vn -0.2857 -0.9464 -0.1504
vn -0.3016 -0.5295 -0.7929
vn -0.2857 -0.5629 -0.7756
vn -0.3016 -0.9467 -0.1127
vn -0.2973 0.8454 0.4437
vn -0.9688 0.0832 0.2336
vn -0.7847 0.3144 0.5341
vn -0.9718 0.1197 0.2033
vn -0.3195 0.8415 -0.4357
vn -0.7847 -0.5576 -0.2708
vn -0.7847 -0.5284 -0.3242
vn -0.3011 0.5312 0.7919
vn -0.2850 0.5657 0.7738
vn -0.3007 0.6222 -0.7228
vn -0.3804 -0.8769 0.2939
vn -0.3256 0.7168 -0.6166
vn -0.7847 -0.4941 -0.3744
vn -0.7838 0.2652 0.5616
vn -0.2996 0.7406 0.6014
vn -0.2828 0.7687 0.5737
vn 0.9584 -0.2793 -0.0598
vn -0.3804 -0.0265 -0.9244
vn -0.9687 -0.2124 -0.1282
vn -0.7847 -0.5815 -0.2148
vn -0.9717 -0.2214 -0.0818
vn -0.2858 -0.4186 0.8620
vn -0.7847 0.3658 0.5004
vn -0.9718 0.1392 0.1904
vn -0.2845 0.6398 0.7139
vn -0.7845 0.4137 0.4619
vn -0.4318 0.4516 0.7808
vn -0.2973 0.8544 -0.4261
vn -0.7821 -0.6009 -0.1647
vn -0.7847 -0.6122 -0.0973
vn -0.9686 0.2003 0.1474
vn -0.7806 0.5674 0.2622
vn -0.9716 0.2137 0.1018
vn -0.7813 0.4954 0.3796
vn -0.7723 0.5437 0.3286
vn -0.9687 -0.2453 -0.0371
vn -0.7847 -0.6194 0.0240
vn -0.9717 -0.2360 0.0092
vn -0.7830 0.5088 -0.3578
vn -0.9701 0.2072 -0.1267
vn -0.7777 0.5493 -0.3056
vn -0.7796 0.5765 -0.2448
vn -0.7837 -0.6160 0.0799
vn -0.9718 -0.2337 0.0322
vn -0.7843 0.4577 0.4187
vn -0.3536 0.9328 0.0698
vn -0.7663 0.6360 0.0911
vn -0.7684 0.6390 0.0347
vn -0.9701 0.1935 -0.1464
vn -0.7843 0.4663 -0.4091
vn -0.7837 -0.6052 0.1399
vn -0.9717 -0.2295 0.0550
vn -0.9701 -0.2297 -0.0781
vn -0.7511 0.6237 0.2165
vn -0.9718 0.1610 -0.1724
vn -0.7837 0.3809 -0.4907
vn -0.9654 0.2503 0.0731
vn -0.9683 0.2478 0.0327
vn -0.9702 0.1419 -0.1966
vn -0.7847 0.3254 -0.5275
vn -0.7847 -0.5858 0.2028
vn -0.9687 0.1481 0.1990
vn -0.9717 0.1741 0.1593
vn -0.7737 -0.6324 -0.0383
vn -0.9717 0.1892 0.1414
vn -0.9717 -0.2331 -0.0370
vn -0.7847 0.2153 -0.5812
vn -0.7848 0.2716 -0.5571
vn -0.7673 0.6375 -0.0705
vn -0.7847 -0.5631 0.2593
vn -0.7642 0.6331 0.1234
vn -0.9717 -0.2230 0.0772
vn -0.7792 0.4343 -0.4520
vn -0.7821 -0.4708 0.4082
vn -0.7847 -0.4210 0.4550
vn -0.9687 -0.1843 0.1661
vn -0.7847 -0.3744 0.4941
vn -0.9717 -0.1426 0.1881
vn -0.9687 0.0843 -0.2333
vn -0.7847 0.0974 -0.6122
vn -0.9717 0.0371 -0.2331
vn -0.7847 0.0368 -0.6188
vn -0.9717 0.0140 -0.2356
vn -0.7745 0.1560 -0.6131
vn -0.4714 0.2234 -0.8531
vn -0.7847 -0.3242 0.5284
vn -0.9687 0.1068 -0.2239
vn -0.9687 -0.1997 0.1473
vn -0.7847 -0.5017 0.3641
vn -0.0665 0.3490 -0.9348
vn -0.7573 0.6216 -0.2000
vn -0.9718 0.1034 -0.2121
vn -0.9684 0.2490 0.0131
vn -0.9687 -0.2246 0.1054
vn -0.9641 -0.1975 0.1776
vn -0.7745 -0.5482 0.3158
vn -0.7837 -0.1399 -0.6052
vn -0.7837 0.0799 0.6160
vn -0.9701 -0.0318 0.2405
vn -0.7847 -0.0973 0.6122
vn -0.7847 -0.0368 0.6188
vn -0.7790 0.0330 0.6262
vn -0.9701 -0.0080 0.2425
vn -0.7837 -0.3608 -0.5056
vn -0.7847 -0.1568 0.5998
vn -0.7847 -0.2148 0.5815
vn -0.9701 0.0158 0.2421
vn -0.7837 -0.4086 -0.4678
vn -0.2860 -0.6362 -0.7166
vn -0.7821 -0.2788 0.5573
vn -0.9687 -0.0597 -0.2408
vn -0.7847 -0.2592 -0.5631
vn -0.9718 -0.0987 -0.2143
vn -0.7847 0.1446 0.6028
vn -0.9717 -0.0597 0.2283
vn -0.9718 -0.0818 0.2213
vn -0.9687 -0.1472 -0.1997
vn -0.7847 -0.4550 -0.4210
vn -0.9718 -0.1732 -0.1602
vn -0.2862 -0.7033 -0.6507
vn -0.7847 0.2033 0.5856
vn -0.9701 -0.1214 0.2101
vn -0.9718 0.0551 0.2295
vn -0.9688 0.0599 0.2407
vn -0.7794 -0.1967 -0.5948
vn -0.9641 -0.0140 0.2652
vn -0.9687 -0.0794 -0.2350
vn -0.7790 -0.0769 -0.6223
vn -0.9717 -0.1882 -0.1426
vn -0.7847 -0.0240 -0.6194
vn -0.9717 -0.0092 -0.2359
vn -0.9717 -0.1193 -0.2038
vn -0.9641 -0.1144 0.2397
vn -0.7790 -0.3243 -0.5367
vn -0.9718 -0.2011 -0.1234
vn -0.9668 0.2552 -0.0131
vn -0.7642 0.6448 -0.0154
vn -0.9641 -0.2516 0.0852
vn -0.9688 0.1319 -0.2100
vn -0.9619 0.2497 0.1113
vn -0.9699 0.2284 -0.0838
vn -0.9670 0.2357 -0.0967
vn -0.7660 0.6343 -0.1045
vn -0.9559 -0.2912 0.0384
vn -0.9903 -0.1386 0.0039
vn -0.9905 -0.1366 0.0151
vn -0.9686 0.2033 -0.1432
vn -0.9608 0.2671 -0.0745
vn -0.9927 0.1138 0.0396
vn -0.9921 0.1034 0.0712
vn -0.9954 0.0307 0.0907
vn -0.9928 -0.0722 -0.0957
vn -0.9921 0.0006 -0.1251
vn -0.9912 -0.0556 -0.1202
vn -0.9921 -0.0959 -0.0805
vn -0.9912 -0.0884 -0.0986
vn -0.9928 0.1201 0.0051
vn -0.9922 0.0962 0.0797
vn -0.9912 -0.0672 -0.1141
vn -0.9927 0.1202 -0.0069
vn -0.9925 -0.1027 0.0669
vn -0.9954 0.0476 0.0834
vn -0.9921 -0.1154 -0.0488
vn -0.9912 -0.1136 -0.0686
vn -0.9928 0.1164 -0.0300
vn -0.9921 -0.1099 -0.0600
vn -0.9927 0.1129 -0.0414
vn -0.9927 -0.0805 0.0893
vn -0.9921 -0.1234 0.0228
vn -0.9928 -0.0712 0.0967
vn -0.9921 0.1155 0.0486
vn -0.9928 -0.0508 0.1087
vn -0.9921 -0.1229 -0.0253
vn -0.9909 -0.1260 -0.0464
vn -0.9908 -0.1318 -0.0319
vn -0.9928 0.1027 -0.0625
vn -0.9921 -0.1112 0.0577
vn -0.9954 0.0896 0.0337
vn -0.9928 0.0884 -0.0810
vn -0.9921 0.1250 -0.0114
vn -0.9927 0.0801 -0.0899
vn -0.9928 -0.0285 0.1165
vn -0.9905 -0.1363 -0.0179
vn -0.9921 -0.0975 0.0785
vn -0.9920 -0.1255 0.0093
vn -0.9904 -0.1383 -0.0068
vn -0.9611 0.2757 0.0169
vn -0.9928 -0.0052 0.1197
vn -0.9921 -0.0801 0.0962
vn -0.9928 0.0709 -0.0970
vn -0.9928 0.0611 -0.1033
vn -0.9921 0.0226 0.1231
vn -0.9912 0.0051 0.1324
vn -0.9921 0.0104 0.1247
vn -0.9921 -0.0020 0.1251
vn -0.9912 0.0900 -0.0973
vn -0.9928 0.0169 -0.1188
vn -0.9921 0.0496 -0.1150
vn -0.9954 0.0836 -0.0474
vn -0.9928 -0.0299 -0.1163
vn -0.9921 0.0486 -0.1154
vn -0.9927 0.0724 0.0961
vn -0.9911 0.0460 -0.1245
vn -0.9927 0.0900 0.0801
vn -0.9954 -0.0068 0.0957
vn -0.9921 0.0597 -0.1101
vn -0.9928 -0.0412 -0.1128
vn -0.9921 -0.0007 0.1253
vn -0.9641 -0.0085 -0.2655
vn -0.9575 -0.2499 0.1441
vn -0.9576 0.0394 0.2854
vn -0.9576 0.0671 0.2802
vn -0.9571 -0.1702 -0.2344
vn -0.9912 0.0776 0.1070
vn -0.9576 0.0452 -0.2845
vn -0.9576 -0.0112 -0.2879
vn -0.9921 0.0129 -0.1245
vn -0.9576 0.2876 0.0171
vn -0.9576 -0.0171 0.2876
vn -0.9576 0.0112 0.2879
vn -0.9576 0.1205 0.2617
vn -0.9576 0.1455 0.2486
vn -0.9576 -0.0731 0.2785
vn -0.9576 -0.0453 0.2844
vn -0.9576 0.1957 -0.2115
vn -0.9576 0.1740 -0.2296
vn -0.9954 -0.0342 0.0896
vn -0.9576 0.1692 0.2332
vn -0.9576 0.1913 0.2154
vn -0.9559 -0.2903 -0.0444
vn -0.9552 -0.2953 -0.0174
vn -0.9577 -0.1002 0.2699
vn -0.9576 0.2154 -0.1913
vn -0.9576 0.2617 -0.1205
vn -0.9576 0.2486 -0.1456
vn -0.9576 0.1259 -0.2591
vn -0.9576 0.2332 -0.1692
vn -0.9573 -0.2716 -0.0986
vn -0.9569 -0.2815 -0.0713
vn -0.9577 -0.1513 0.2449
vn -0.9575 -0.2468 -0.1492
vn -0.9574 -0.2605 -0.1245
vn -0.9552 -0.2956 0.0113
vn -0.9577 -0.1966 0.2103
vn -0.9576 0.2802 -0.0671
vn -0.9576 0.2722 -0.0943
vn -0.9576 0.0729 -0.2787
vn -0.9576 0.0999 -0.2702
vn -0.9577 -0.1922 -0.2143
vn -0.9576 -0.2125 -0.1944
vn -0.9576 0.2854 -0.0393
vn -0.9576 -0.2343 0.1678
vn -0.9576 -0.2165 0.1899
vn -0.9577 -0.1748 0.2287
vn -0.9576 -0.2308 -0.1726
vn -0.9573 -0.2736 0.0930
vn -0.9576 0.2879 -0.0112
vn -0.9576 0.2702 0.0998
vn -0.9576 0.2787 0.0729
vn -0.9576 0.2845 0.0452
vn -0.9569 -0.2828 0.0659
vn -0.9577 -0.1700 -0.2323
vn -0.9577 -0.1210 -0.2612
vn -0.9577 -0.1462 -0.2479
vn -0.9576 0.1506 -0.2456
vn -0.9574 -0.2630 0.1190
vn -0.9576 0.2591 0.1259
vn -0.9576 -0.0394 -0.2853
vn -0.9576 0.2456 0.1506
vn -0.9577 -0.0946 -0.2719
vn -0.9576 0.2115 0.1957
vn -0.9576 0.2296 0.1740
vn -0.9576 -0.0673 -0.2800
vn -0.9576 0.0171 -0.2876
vn -0.9576 0.0943 0.2722
vn -0.9577 -0.1264 0.2586
vn -0.0667 -0.0363 -0.9971
vn -0.1945 -0.3544 -0.9146
vn -0.1765 -0.3156 -0.9323
vn -0.1621 -0.3869 -0.9078
vn -0.5385 -0.5532 -0.6356
vn -0.5227 -0.5941 -0.6114
vn -0.5785 -0.5468 -0.6052
vn -0.0009 -0.4743 0.8804
vn 0.0330 -0.4643 0.8851
vn -0.0016 -0.4743 0.8803
vn 0.1945 0.4221 0.8854
vn 0.1200 0.4739 0.8724
vn 0.1098 0.4614 0.8804
vn 0.1148 -0.3090 0.9441
vn 0.1073 -0.2922 0.9503
vn 0.0974 -0.3026 0.9481
vn 0.1910 -0.7178 0.6696
vn 0.1154 -0.6907 0.7139
vn 0.1089 -0.6978 0.7079
vn 0.0169 0.4472 -0.8943
vn 0.0126 0.4401 -0.8979
vn 0.0107 0.4450 -0.8955
vn 0.0124 -0.9789 -0.2038
vn 0.0080 -0.9772 -0.2122
vn 0.0189 -0.9772 -0.2114
vn 0.1833 -0.8935 0.4099
vn 0.0931 -0.9401 0.3280
vn 0.1022 -0.9791 0.1756
vn -0.0548 -0.4782 -0.8766
vn -0.0419 -0.4693 -0.8820
vn -0.0487 -0.4977 -0.8660
vn 0.1409 -0.2872 -0.9474
vn 0.0020 -0.3690 -0.9294
vn -0.0002 -0.2942 -0.9558
vn 0.2141 -0.6364 0.7411
vn -0.0029 -0.9112 0.4119
vn 0.2726 -0.8651 0.4211
vn 0.1825 -0.3831 -0.9055
vn -0.0009 -0.2714 -0.9625
vn 0.0876 -0.3927 -0.9155
vn -0.0032 -0.9588 -0.2842
vn 0.1183 -0.9883 -0.0964
vn -0.0007 -0.2365 -0.9716
vn 0.1449 -0.2153 -0.9657
vn 0.3328 -0.6845 0.6486
vn -0.0024 -0.8153 0.5790
vn 0.1974 -0.3842 0.9019
vn -0.1420 -0.4341 0.8896
vn -0.0015 -0.6192 0.7852
vn -0.0019 -0.7247 0.6890
vn -0.0096 -0.6771 -0.7359
vn -0.0114 -0.8489 -0.5284
vn 0.0044 -0.6177 -0.7864
vn 0.2086 -0.7107 -0.6718
vn -0.0012 -0.3472 -0.9378
vn -0.0024 -0.7121 -0.7021
vn 0.2328 -0.9680 -0.0937
vn -0.1804 -0.9406 -0.2878
vn -0.0035 -0.9411 -0.3382
vn -0.0031 -0.8841 -0.4673
vn -0.0359 -0.2149 0.9760
vn 0.0002 -0.0213 0.9998
vn -0.0922 -0.0318 0.9952
vn 0.0418 -0.9801 -0.1939
vn -0.0011 -0.9722 0.2342
vn -0.0399 -0.9986 0.0354
vn -0.0348 -0.9994 -0.0017
vn -0.0011 -0.9508 0.3097
vn -0.3361 -0.9418 0.0015
vn -0.1622 -0.9492 -0.2695
vn -0.2672 -0.9547 -0.1311
vn 0.0449 -0.8902 0.4533
vn -0.0011 -0.9427 0.3336
vn 0.3899 -0.5320 -0.7516
vn 0.0023 -0.6148 -0.7887
vn 0.0158 -0.4275 -0.9039
vn -0.3778 -0.8603 -0.3424
vn -0.4229 -0.8977 0.1237
vn -0.3410 -0.9394 -0.0346
vn -0.4085 -0.9098 0.0733
vn -0.6559 -0.7447 0.1233
vn -0.2356 -0.9439 0.2314
vn -0.2509 0.1699 -0.9530
vn -0.2187 0.1313 -0.9669
vn -0.2301 0.1317 -0.9642
vn 0.0107 -0.5058 0.8626
vn -0.3257 -0.4141 0.8500
vn -0.3215 -0.4110 0.8531
vn 0.0962 -0.9952 -0.0160
vn 0.1090 -0.9932 0.0413
vn 0.0886 -0.9961 0.0042
vn 0.1322 -0.6090 0.7821
vn 0.0174 0.4366 -0.8995
vn 0.1135 -0.6085 -0.7854
vn 0.1323 -0.7028 -0.6990
vn 0.1034 -0.6496 -0.7532
vn 0.0440 -0.4286 -0.9024
vn -0.0536 -0.1851 -0.9813
vn 0.0619 -0.9886 0.1376
vn 0.1517 0.0293 0.9880
vn 0.0318 -0.8844 0.4656
vn -0.3287 -0.9254 0.1885
vn -0.9083 0.3925 0.1450
vn -0.9886 0.0477 0.1431
vn -0.7951 0.3729 0.4783
vn -0.2014 -0.1709 0.9645
vn -0.2273 -0.1245 0.9658
vn -0.2337 -0.1789 0.9557
vn -0.6579 0.1948 0.7275
vn -0.7335 -0.4896 0.4715
vn -0.5192 -0.1267 0.8452
vn -0.6507 0.7576 0.0518
vn -0.6455 0.4464 -0.6197
vn -0.6227 -0.7759 -0.1017
vn -0.5750 -0.4341 0.6935
vn 0.0006 -0.9977 -0.0683
vn 0.0004 -0.5589 0.8292
vn -0.7064 -0.6361 0.3105
vn -0.3750 -0.8963 0.2366
vn -0.3814 -0.8307 0.4056
vn -0.0002 0.4402 0.8979
vn -0.0005 0.9977 0.0682
vn 0.0003 -0.4401 -0.8980
vn -0.0003 0.5586 -0.8294
vn -0.9300 -0.2646 0.2551
vn -0.5953 -0.3964 -0.6989
vn -0.9303 0.1618 0.3293
vn -0.7419 -0.4025 0.5362
vn -0.5740 0.3845 0.7229
vn -0.9885 -0.0940 0.1187
vn -0.6928 -0.7095 0.1293
vn -0.0791 -0.8392 0.5381
vn -0.0373 -0.8305 0.5558
vn -0.1224 -0.8221 0.5561
vn -0.7728 0.3314 0.5413
vn -0.7899 -0.0633 0.6099
vn -0.7305 0.5375 0.4213
vn -0.8669 -0.4980 -0.0197
vn -0.8680 0.4737 0.1490
vn -0.5766 -0.7229 0.3806
vn -0.5956 -0.5783 0.5575
vn -0.6939 -0.6744 0.2524
vn -0.1240 -0.2780 -0.9526
vn -0.0807 -0.2556 -0.9634
vn -0.0343 -0.2553 -0.9663
vn -0.4381 -0.3111 0.8434
vn -0.3255 0.4755 -0.8173
vn -0.3231 0.4813 -0.8148
vn -0.3255 0.4758 -0.8171
vn -0.3753 -0.7378 0.5611
vn -0.6479 -0.6742 -0.3545
vn -0.6430 -0.6618 0.3855
vn -0.8277 0.2958 0.4769
vn 0.0018 -0.8851 -0.4654
vn 0.0018 -0.8488 0.5286
vn -0.0001 0.0370 0.9993
vn -0.0019 0.5339 0.8456
vn -0.9296 -0.3265 -0.1712
vn -0.9237 0.1797 -0.3383
vn -0.7395 -0.1306 -0.6604
vn -0.7746 -0.3666 -0.5153
vn 0.0011 -0.5344 -0.8452
vn -0.5737 0.0565 0.8171
vn -1.0000 -0.0002 0.0002
vn -0.9085 0.3371 -0.2471
vn -0.8327 -0.4874 -0.2628
vn -0.5899 -0.2104 -0.7796
vn -0.1917 -0.8284 -0.5263
vn -0.1739 -0.8077 -0.5634
vn -0.1729 -0.8532 -0.4921
vn -0.3764 0.5040 0.7774
vn -0.3595 0.3588 0.8614
vn -0.7955 -0.2250 0.5626
vn -0.9467 0.2223 0.2329
vn -0.2910 0.0225 0.9565
vn -0.2339 -0.1574 0.9594
vn -0.5903 -0.7644 0.2592
vn -0.6492 -0.5480 0.5275
vn -0.6498 0.1859 0.7370
vn -0.8279 0.3875 0.4055
vn 0.0013 -0.9618 -0.2738
vn -0.7752 -0.4645 -0.4282
vn 0.0009 -0.6979 -0.7162
vn 0.0009 -0.7202 0.6938
vn -0.0003 0.2444 0.9697
vn -0.6575 0.0164 0.7532
vn -0.7880 0.3079 0.5332
vn -0.7378 -0.6216 0.2632
vn -0.2913 0.2463 0.9244
vn -0.2277 0.4236 0.8768
vn -0.4993 0.2825 0.8191
vn -0.3758 -0.2673 0.8873
vn -0.0013 0.6973 0.7168
vn -0.3231 -0.8314 0.4521
vn -0.3255 -0.0967 -0.9406
vn -0.3263 -0.0903 -0.9409
vn -0.3593 -0.1042 0.9274
vn -0.3246 0.8337 -0.4467
vn -0.3264 0.8301 -0.4520
vn -0.3254 0.8338 -0.4460
vn -0.6226 0.7502 -0.2224
vn -0.0011 0.7689 0.6394
vn -0.0013 0.9396 -0.3423
vn -0.6213 -0.7508 0.2240
vn -0.6488 -0.5853 -0.4864
vn -0.7857 0.4753 -0.3959
vn -0.7852 0.4719 -0.4010
vn -0.7881 0.4699 -0.3976
vn -0.6932 -0.2912 -0.6594
vn -0.9085 -0.2326 -0.3472
vn -0.6931 -0.2916 -0.6593
vn -0.3736 -0.8658 -0.3328
vn -0.6919 -0.6518 -0.3105
vn -0.5729 -0.8155 -0.0823
vn -0.5347 -0.8379 -0.1094
vn -0.5389 -0.8362 -0.1018
vn -0.7947 -0.5834 -0.1673
vn -0.9079 -0.3422 -0.2423
vn -0.9144 -0.3219 -0.2456
vn -0.9762 0.0263 0.2152
vn -0.9893 0.0136 0.1455
vn 0.0007 -0.9901 0.1405
vn -0.6499 -0.4698 -0.5974
vn 0.0005 -0.6181 -0.7861
vn -0.0002 0.3738 -0.9275
vn -0.6510 0.7515 -0.1065
vn -0.0006 0.9901 -0.1405
vn -0.6229 0.4443 0.6438
vn 0.0003 -0.3736 0.9276
vn -0.0004 0.6179 0.7862
vn -0.5779 0.2743 -0.7687
vn -0.9081 -0.4032 0.1134
vn -0.9231 -0.3791 -0.0655
vn -0.5406 -0.0758 -0.8378
vn -0.5585 -0.1216 -0.8205
vn -0.5789 -0.0892 -0.8105
vn -0.7876 0.4149 -0.4556
vn -0.7853 0.4126 -0.4617
vn -0.7880 0.4071 -0.4618
vn -0.3258 0.4105 -0.8517
vn -0.3201 0.4101 -0.8540
vn -0.3266 0.4045 -0.8542
vn 0.0015 -0.9397 0.3420
vn 0.0012 -0.7689 -0.6393
vn -0.3760 -0.3076 -0.8741
vn -0.0002 0.1729 -0.9849
vn -0.6405 0.6099 0.4667
vn 0.0003 -0.1729 0.9849
vn -0.5742 -0.1144 0.8107
vn -0.5959 0.0897 -0.7980
vn -0.9990 -0.0413 -0.0196
vn -0.9481 -0.2245 0.2254
vn -0.8315 -0.4739 0.2899
vn -0.6623 -0.7387 0.1249
vn -0.8506 -0.5012 0.1593
vn -0.6651 -0.7070 0.2405
vn -0.9994 0.0353 -0.0005
vn -0.9072 0.3818 0.1770
vn -0.9507 0.2671 0.1574
vn -0.7198 -0.1209 0.6835
vn -0.9559 0.0317 0.2921
vn -0.7212 0.0223 0.6924
vn -0.7704 0.2244 -0.5968
vn -0.6980 -0.5771 -0.4240
vn -0.4909 0.0093 -0.8712
vn -0.9987 0.0451 0.0239
vn -0.6016 -0.6496 0.4649
vn -0.1906 -0.8156 0.5463
vn -0.1966 -0.5415 0.8174
vn -0.6477 -0.7456 -0.1566
vn -0.8277 -0.5570 0.0683
vn -0.5758 -0.7525 -0.3196
vn -0.6930 -0.6373 -0.3371
vn -0.4286 -0.7988 -0.4222
vn -0.9946 0.0067 -0.1038
vn -0.9859 0.0289 -0.1645
vn -0.9948 0.0176 -0.1000
vn -0.9735 -0.1986 -0.1135
vn -0.7090 -0.4225 -0.5646
vn -0.9746 -0.2228 -0.0241
vn -0.9948 -0.0896 -0.0475
vn -0.9946 -0.0848 -0.0592
vn -0.7669 -0.5976 -0.2338
vn -0.6987 0.0181 -0.7152
vn -0.9853 0.0062 -0.1710
vn -0.3836 0.1865 -0.9045
vn -0.9999 0.0128 0.0069
vn -0.9972 0.0048 0.0743
vn -0.9973 0.0517 0.0520
vn -0.9957 -0.0690 -0.0611
vn -0.8829 0.4644 0.0696
vn -0.2780 0.5576 -0.7822
vn -0.4769 0.4778 -0.7378
vn -0.7271 0.3699 -0.5783
vn -0.3264 0.3812 -0.8650
vn -0.6358 0.6535 -0.4108
vn -0.8166 0.2951 -0.4961
vn -0.8714 0.3190 0.3728
vn -0.5512 0.7299 0.4042
vn -0.5322 0.5035 0.6807
vn -0.7913 -0.4181 -0.4460
vn -0.9780 -0.1811 -0.1033
vn -0.9715 -0.1851 -0.1483
vn -0.5714 -0.4832 -0.6634
vn -0.4399 -0.5922 -0.6751
vn -0.7236 -0.4913 -0.4849
vn -0.3844 -0.8994 0.2081
vn -0.9699 0.0568 -0.2368
vn -0.9747 0.1177 -0.1900
vn -0.5448 -0.2325 -0.8057
vn -0.5266 -0.7608 -0.3793
vn -0.3819 -0.8299 -0.4067
vn -0.9962 -0.0271 -0.0823
vn -0.9937 -0.1112 -0.0140
vn -0.9955 0.0526 -0.0794
vn -0.2254 -0.9742 -0.0139
vn -0.9827 0.1343 -0.1277
vn -0.9613 -0.0023 -0.2753
vn -0.9860 -0.0681 -0.1519
vn -0.9863 -0.0067 -0.1646
vn -0.8413 0.1335 0.5238
vn -0.2495 0.7563 0.6048
vn -0.2521 0.7400 0.6236
vn -0.9931 0.0801 -0.0853
vn -0.9730 0.0616 -0.2224
vn -0.9736 -0.0291 -0.2263
vn -0.0462 0.9934 -0.1046
vn -0.0479 0.9948 -0.0897
vn -0.0491 0.9964 -0.0695
vn -0.4674 0.8091 0.3563
vn -0.7607 0.4649 0.4530
vn -0.5706 -0.3618 -0.7372
vn -0.4439 -0.2688 -0.8548
vn -0.4422 -0.3955 -0.8050
vn -0.7172 -0.6324 -0.2928
vn -0.9074 -0.3653 -0.2078
vn -0.7975 -0.5714 -0.1935
vn -0.9491 -0.1210 -0.2908
vn -0.9927 -0.0533 -0.1086
vn -0.9499 -0.1378 -0.2805
vn -0.3422 -0.9349 -0.0945
vn -0.9548 -0.2633 -0.1378
vn -0.9990 0.0273 -0.0353
vn -0.9635 0.2058 0.1714
vn -0.3052 -0.9165 -0.2588
vn -0.9111 0.4121 -0.0005
vn -0.9069 0.3972 0.1408
vn -0.9105 0.3377 -0.2385
vn -0.7937 0.3806 -0.4745
vn -0.9658 0.2178 -0.1410
vn -0.5745 0.4199 -0.7026
vn -0.8639 0.3942 0.3134
vn -0.9762 0.1540 0.1527
vn -0.9600 0.1783 0.2160
vn -0.9912 0.0994 0.0873
vn -0.7169 0.4038 -0.5683
vn -0.9997 0.0165 -0.0186
vn -0.9143 0.1331 -0.3824
vn -0.9759 -0.1984 0.0912
vn -0.9891 -0.1353 0.0578
vn 0.1145 0.9934 -0.0013
vn 0.1057 0.9942 -0.0199
vn 0.0957 0.9954 -0.0096
vn -0.7641 0.0426 -0.6437
vn -0.7270 -0.1519 -0.6696
vn -0.4909 0.2889 -0.8219
vn -0.9918 -0.0476 -0.1190
vn -0.0353 -0.3346 0.9417
vn -0.5044 -0.4540 0.7345
vn -0.4382 -0.1522 0.8859
vn -0.8691 0.0614 -0.4907
vn -0.9201 -0.1635 -0.3560
vn -0.9911 -0.1240 0.0483
vn -0.5330 -0.7040 0.4694
vn -0.5595 -0.8257 -0.0716
vn -0.5493 -0.8250 0.1328
vn -0.9971 -0.0702 0.0294
vn -0.9997 -0.0093 -0.0231
vn -0.6333 -0.7664 0.1077
vn -0.9498 -0.3074 0.0577
vn -0.9155 -0.3984 0.0559
vn -0.7055 -0.0887 -0.7031
vn -0.4204 0.7557 -0.5021
vn -0.3589 0.3158 -0.8783
vn -0.6618 -0.6764 0.3233
vn -0.9054 -0.4229 0.0364
vn -0.6604 -0.7173 0.2223
vn -0.5522 0.6819 -0.4797
vn -0.9987 0.0360 -0.0359
vn -0.9999 -0.0103 0.0099
vn -0.7755 0.2287 -0.5884
vn -0.9946 0.1004 -0.0269
vn -0.9990 -0.0430 0.0090
vn -0.9987 -0.0486 0.0128
vn -0.7346 0.1887 0.6518
vn -0.6846 0.3343 0.6477
vn -0.7021 0.1803 0.6889
vn -0.9857 0.1667 -0.0235
vn -0.9947 0.1014 -0.0143
vn -0.6875 0.6999 0.1938
vn -0.6512 0.7225 0.2324
vn -0.6486 0.7314 0.2106
vn -0.8212 0.2026 -0.5334
vn -0.9981 0.0248 -0.0565
vn -0.5012 0.2988 -0.8121
vn -0.9990 0.0422 0.0150
vn -0.9994 0.0113 0.0333
vn -0.9072 -0.0506 0.4176
vn -0.9507 -0.0675 0.3026
vn -0.4772 -0.2039 -0.8548
vn -0.8170 0.2899 -0.4985
vn -0.8330 -0.3389 -0.4372
vn -0.9867 0.1565 -0.0443
vn -0.9732 0.2293 0.0158
vn -0.9793 0.2025 -0.0010
vn -0.9786 0.1904 -0.0785
vn -0.9916 0.1297 -0.0011
vn -0.9957 0.0890 -0.0240
vn -0.3860 0.2969 -0.8734
vn -0.9893 0.1028 -0.1039
vn -0.9859 0.1195 -0.1174
vn -0.9902 0.1380 -0.0194
vn -0.9354 0.3529 -0.0234
vn -0.7694 0.6382 0.0274
vn -0.6987 0.2266 -0.6786
vn -0.4901 0.8324 -0.2586
vn -0.9987 -0.0088 0.0502
vn -0.6937 0.1248 -0.7094
vn -0.4298 0.1561 -0.8893
vn -0.9946 0.0303 -0.0988
vn -0.6617 -0.4461 0.6026
vn -0.6595 -0.5426 0.5203
vn -0.6593 -0.5430 0.5200
vn -0.9916 0.0873 -0.0949
vn -0.9926 0.0875 -0.0841
vn -0.4758 0.8503 0.2249
vn -0.7257 0.6661 0.1724
vn -0.9496 -0.1515 -0.2743
vn -0.3445 0.4997 -0.7948
vn -0.9762 -0.0983 0.1934
vn -0.9655 0.2027 0.1633
vn -0.9893 -0.0625 0.1322
vn -0.9869 0.0270 -0.1592
vn -0.6093 -0.7725 0.1789
vn -0.9796 -0.0713 -0.1877
vn -0.8516 0.0100 -0.5242
vn -0.9946 0.0559 0.0879
vn -0.9859 0.0739 0.1499
vn -0.9948 0.0449 0.0911
vn -0.4429 -0.5120 -0.7360
vn -0.2062 -0.9614 -0.1823
vn -0.5587 -0.8010 -0.2150
vn -0.9912 -0.0526 0.1212
vn -0.8356 0.5246 0.1628
vn -0.9971 -0.0319 0.0687
vn -0.1729 0.9607 0.2171
vn -0.3583 0.8895 -0.2836
vn -0.3493 0.8608 0.3703
vn -0.4438 0.5438 -0.7123
vn -0.3065 0.9495 0.0668
vn -0.6415 -0.2568 0.7229
vn -0.4210 0.6417 -0.6410
vn -0.6865 0.4231 -0.5914
vn -0.9867 0.1169 -0.1125
vn -0.0461 0.4086 0.9115
vn -0.0478 0.3949 0.9175
vn -0.0490 0.3767 0.9250
vn -0.9498 0.2255 -0.2169
vn -0.9495 0.2153 -0.2281
vn -0.9917 -0.0662 -0.1106
vn -0.3439 0.9109 0.2279
vn -0.3571 -0.7406 -0.5692
vn -0.8861 -0.1521 -0.4378
vn -0.9991 -0.0217 -0.0378
vn -0.9507 -0.1502 -0.2714
vn -0.5579 -0.5608 -0.6117
vn -0.9916 0.1003 -0.0815
vn -0.8177 0.5051 -0.2761
vn -0.8550 0.2039 -0.4769
vn -0.9038 0.2633 -0.3373
vn -0.9996 0.0256 0.0091
vn -0.6350 0.5567 -0.5356
vn -0.5546 0.5154 -0.6533
vn -0.6378 0.5143 -0.5734
vn -0.9492 0.2392 -0.2045
vn -0.3441 -0.2006 -0.9173
vn -0.5912 0.5684 -0.5722
vn -0.0833 0.0567 0.9949
vn -0.2576 -0.9019 -0.3468
vn -0.5858 -0.6604 -0.4698
vn -0.5719 -0.2296 -0.7875
vn -0.6384 -0.3402 -0.6904
vn -0.9170 -0.1764 -0.3577
vn -0.9548 0.0499 -0.2932
vn -0.9699 0.0918 -0.2256
vn -0.9868 0.1168 -0.1125
vn -0.8752 0.4809 0.0528
vn -0.9855 0.0301 -0.1671
vn -0.2275 0.9209 0.3166
vn -0.9827 -0.0829 -0.1657
vn -0.5368 0.7771 -0.3285
vn -0.2088 0.9658 0.1539
vn -0.9955 -0.0224 -0.0924
vn -0.8776 -0.2106 0.4306
vn -0.9991 -0.0075 0.0424
vn -0.8701 -0.0975 0.4832
vn -0.9866 0.0647 -0.1500
vn -0.5523 0.6686 0.4979
vn -0.9981 0.0519 0.0330
vn -0.9990 0.0363 -0.0260
vn -0.5904 0.6857 -0.4257
vn -0.5890 -0.3351 -0.7354
vn -0.2217 -0.4149 -0.8824
vn -0.5655 -0.1330 -0.8139
vn -0.6742 0.7331 0.0889
vn -0.6027 0.7623 -0.2361
vn -0.5578 0.8133 0.1656
vn -0.6542 0.1393 -0.7434
vn -0.7504 -0.0171 -0.6608
vn -0.7871 -0.1899 -0.5868
vn -0.3734 -0.0556 -0.9260
vn -0.9639 -0.1298 -0.2325
vn -0.7011 -0.3946 -0.5939
vn -0.8150 0.5253 -0.2447
vn -0.9912 -0.0846 -0.1019
vn -0.9973 -0.0507 -0.0532
vn -0.8541 -0.4747 -0.2127
vn -0.7672 0.6208 -0.1614
vn -0.6984 0.4079 0.5881
vn -0.9852 0.0960 0.1417
vn -0.9093 -0.4162 0.0035
vn -0.8104 0.3003 -0.5031
vn -0.9892 -0.0972 -0.1096
vn -0.6602 0.2766 0.6983
vn -0.6626 0.2123 0.7182
vn -0.6600 0.2767 0.6985
vn -0.9229 -0.3251 0.2063
vn -0.7251 -0.6524 0.2205
vn -0.8464 0.1435 -0.5128
vn -0.9761 -0.1488 -0.1584
vn -0.8233 -0.4393 -0.3595
vn -0.9643 -0.2645 -0.0103
vn -0.9071 -0.0948 0.4100
vn -0.8257 -0.4088 -0.3886
vn -0.9991 0.0092 0.0403
vn -0.7990 -0.2795 0.5324
vn -0.4715 0.5918 0.6538
vn -0.6652 -0.3488 0.6602
vn -0.8099 -0.3128 0.4963
vn -0.8485 -0.4612 -0.2594
vn -0.7936 0.5697 0.2135
vn -0.5753 0.7974 0.1820
vn -0.8180 0.1247 0.5616
vn -0.8448 0.2272 -0.4844
vn -0.9507 -0.0397 0.3074
vn -0.7295 0.6834 -0.0287
vn -0.9198 -0.3899 0.0438
vn -0.6601 -0.5980 -0.4546
vn -0.8090 -0.4402 -0.3896
vn -0.6640 -0.5206 -0.5367
vn -0.6650 -0.2479 0.7045
vn -0.7761 -0.6299 0.0313
vn -0.7357 -0.6768 0.0265
vn -0.9912 0.0081 0.1319
vn -0.6389 -0.1331 0.7577
vn -0.7738 -0.1095 0.6239
vn -0.8161 -0.3832 -0.4326
vn -0.8101 0.1240 0.5730
vn -0.6657 0.1021 0.7392
vn -0.9986 -0.0230 -0.0482
vn -0.6957 0.0935 -0.7122
vn -0.9068 0.0818 -0.4135
vn -0.9868 -0.0714 -0.1453
vn -0.9642 -0.0733 -0.2548
vn -0.7245 0.2954 0.6228
vn -0.4305 0.2624 0.8636
vn -0.9863 -0.1541 -0.0585
vn -0.6652 -0.0073 0.7466
vn -0.8233 -0.0134 -0.5674
vn -0.9991 0.0382 0.0202
vn -0.9991 -0.0424 0.0090
vn -0.9856 -0.1377 -0.0977
vn -0.5517 -0.7131 -0.4325
vn -0.9859 -0.1479 -0.0782
vn -0.7114 -0.2598 0.6530
vn -0.8676 -0.1153 0.4837
vn -0.6389 0.6798 0.3602
vn -0.6651 0.5942 0.4523
vn -0.6650 0.5625 0.4912
vn -0.9893 0.1067 0.1000
vn -0.7376 0.1732 -0.6527
vn -0.7185 -0.2239 -0.6585
vn -0.6541 -0.3334 -0.6789
vn -0.8715 0.4551 0.1827
vn -0.9246 -0.3410 0.1698
vn -0.6352 -0.3408 -0.6931
vn -0.6367 -0.1916 -0.7469
vn -0.4779 0.8711 0.1132
vn -0.2596 0.9655 -0.0208
vn 0.1200 -0.0943 -0.9883
vn 0.1099 0.0271 -0.9936
vn -0.9868 -0.0715 -0.1453
vn -0.9455 -0.0884 0.3135
vn -0.6361 -0.4744 -0.6085
vn -0.7045 -0.4762 -0.5263
vn -0.3121 -0.6580 0.6853
vn -0.2597 -0.6110 0.7478
vn -0.3386 -0.6246 0.7037
vn -0.6669 0.1525 -0.7294
vn -0.6425 0.1745 -0.7461
vn -0.8131 0.3980 0.4247
vn -0.8458 -0.2172 -0.4872
vn -0.9571 -0.2858 0.0474
vn -0.6333 0.7081 0.3122
vn -0.5708 0.7813 0.2527
vn -0.6353 0.7421 0.2137
vn -0.9994 -0.0203 0.0267
vn -0.4766 0.0530 0.8775
vn -0.9917 0.1091 0.0684
vn -0.2777 0.8019 -0.5290
vn -0.9948 0.0544 0.0863
vn -0.3447 0.0645 0.9365
vn -0.9493 0.2850 0.1329
vn -0.4523 0.2512 -0.8558
vn -0.2326 0.4742 -0.8491
vn -0.3162 0.4399 -0.8406
vn -0.9718 -0.2050 0.1162
vn -0.9357 -0.2169 0.2783
vn -0.9057 -0.4164 -0.0801
vn -0.6656 0.7089 0.2332
vn -0.9496 0.2774 0.1460
vn -0.4421 0.7937 0.4178
vn -0.4426 0.8474 0.2934
vn 0.1605 0.6342 0.7563
vn 0.1229 0.6639 0.7377
vn 0.1104 0.6568 0.7459
vn -0.3573 0.5205 0.7755
vn -0.3698 -0.5349 0.7597
vn -0.6745 -0.2691 0.6875
vn -0.6307 0.5303 0.5666
vn -0.8883 0.2437 0.3892
vn -0.9893 0.0747 -0.1257
vn -0.9912 0.0712 -0.1115
vn -0.8763 0.2351 -0.4205
vn -0.9787 0.1305 -0.1583
vn -0.8555 0.0565 -0.5147
vn -0.9998 0.0164 -0.0132
vn -0.4761 0.7548 -0.4513
vn -0.7259 0.5945 -0.3459
vn -0.9104 -0.1276 -0.3935
vn -0.9962 0.0817 0.0294
vn -0.8557 -0.3763 -0.3552
vn -0.5586 -0.3681 0.7433
vn -0.3575 -0.5531 0.7525
vn -0.3472 -0.9153 0.2044
vn -0.9392 0.1050 0.3270
vn -0.9946 -0.0650 0.0805
vn -0.9990 0.0292 -0.0324
vn -0.6561 0.6171 0.4344
vn -0.9493 0.2708 0.1595
vn -0.9859 -0.1203 0.1163
vn -0.9948 -0.0730 0.0706
vn -0.7182 0.6157 0.3242
vn -0.9987 -0.0030 -0.0517
vn -0.9142 -0.3052 -0.2666
vn -0.9038 -0.1650 -0.3948
vn -0.7706 0.1713 0.6139
vn -0.9203 -0.0571 0.3869
vn -0.8796 0.1437 0.4536
vn -0.6604 -0.7404 -0.1249
vn -0.8069 -0.5735 -0.1415
vn -0.6580 -0.7159 -0.2334
vn -0.9632 -0.0303 0.2670
vn -0.8435 -0.0174 0.5368
vn -0.8760 -0.2187 0.4299
vn -0.9972 -0.0747 -0.0071
vn -0.7695 0.1264 0.6260
vn -0.9891 -0.1463 -0.0183
vn -0.9911 -0.1327 -0.0123
vn -0.8488 -0.5192 -0.0993
vn -0.9054 -0.4168 0.0812
vn -0.9642 -0.2411 0.1106
vn -0.9498 -0.3116 0.0289
vn -0.6597 -0.7513 -0.0166
vn -0.6030 -0.6635 -0.4429
vn -0.8373 -0.5445 -0.0497
vn -0.5013 -0.8415 -0.2015
vn -0.8467 -0.2734 0.4564
vn -0.9946 0.1041 -0.0019
vn -0.5853 0.0379 -0.8099
vn -0.7220 -0.3138 -0.6166
vn -0.9855 0.1699 0.0003
vn -0.8461 0.5326 -0.0224
vn -0.9028 0.4283 -0.0372
vn -0.9955 -0.0210 0.0919
vn -0.9993 0.0350 -0.0140
vn -0.9991 0.0030 -0.0422
vn -0.5729 0.0515 0.8180
vn -0.2778 0.0100 0.9606
vn -0.3835 0.3839 0.8400
vn -0.8291 0.3413 0.4429
vn -0.4525 0.5380 0.7112
vn -0.9855 0.1696 -0.0101
vn -0.9867 0.1438 0.0757
vn -0.9641 0.2109 0.1614
vn -0.4244 -0.1414 0.8944
vn -0.2510 -0.1702 0.9529
vn -0.3212 -0.3532 0.8787
vn -0.0806 -0.8887 -0.4514
vn -0.2510 0.3207 -0.9133
vn -0.6841 0.6058 0.4063
vn -0.7024 0.6961 0.1486
vn -0.6891 0.6053 -0.3984
vn -0.6842 0.4940 -0.5366
vn -0.9857 0.0507 -0.1608
vn -0.9802 0.1982 0.0025
vn -0.9506 0.2998 -0.0802
vn -0.9916 0.1227 -0.0417
vn -0.5619 -0.8237 0.0760
vn -0.8195 -0.5618 0.1132
vn -0.9855 0.1631 -0.0471
vn -0.6598 -0.6221 0.4215
vn -0.7527 0.5982 -0.2751
vn -0.7165 0.0479 0.6959
vn -0.7126 0.0538 0.6995
vn -0.5269 -0.6345 0.5655
vn -0.8029 -0.5495 0.2311
vn -0.7355 -0.2365 -0.6349
vn -0.7183 -0.3819 -0.5815
vn -0.8080 -0.5110 0.2934
vn -0.9878 0.0155 0.1550
vn -0.9012 0.3824 0.2038
vn -0.9024 0.3924 0.1779
vn -0.5670 -0.2418 0.7874
vn -0.6930 -0.5185 0.5009
vn -0.6981 -0.4366 0.5675
vn -0.8256 0.5633 0.0334
vn -0.8023 -0.5765 -0.1550
vn -0.6661 -0.7375 0.1116
vn -0.5919 -0.7446 -0.3088
vn -0.9901 0.1404 0.0009
vn -0.9867 0.0936 -0.1328
vn -0.8354 0.4498 -0.3160
vn -0.9857 -0.1034 0.1333
vn -0.9973 0.0352 -0.0643
vn -0.9999 0.0029 -0.0145
vn -0.9997 0.0210 0.0133
vn -0.6936 0.3184 0.6462
vn -0.9970 0.0690 -0.0352
vn -0.9386 -0.3053 -0.1607
vn -0.9568 0.2044 -0.2069
vn -0.9457 0.1875 -0.2656
vn -0.8704 -0.4823 0.0990
vn -0.5985 -0.7088 0.3734
vn -0.5488 -0.8299 0.1007
vn -0.9237 -0.3645 -0.1176
vn -0.6074 -0.7762 -0.1689
vn -0.7544 0.5410 0.3716
vn -0.9882 -0.0185 0.1522
vn -0.9091 0.3230 0.2629
vn -0.9949 0.1000 0.0156
vn -0.7643 0.3449 0.5449
vn -0.4910 0.2521 0.8339
vn -0.6641 -0.4360 -0.6073
vn -0.4476 -0.7065 0.5482
vn -0.4744 -0.8213 0.3167
vn -0.7254 -0.6409 0.2513
vn -0.7032 -0.1896 -0.6853
vn -0.9097 -0.1372 -0.3919
vn -0.9999 -0.0130 -0.0072
vn -0.6627 0.0036 -0.7489
vn -0.6602 0.0711 -0.7477
vn -0.6600 0.0711 -0.7479
vn -0.9984 0.0544 -0.0155
vn -0.9592 0.1708 -0.2254
vn -0.9171 0.2780 -0.2856
vn -0.9993 -0.0286 -0.0240
vn -0.9946 0.0339 0.0976
vn -0.2346 -0.9717 -0.0268
vn -0.3052 -0.8087 0.5029
vn -0.3420 -0.8721 0.3499
vn -0.4286 -0.9008 0.0698
vn -0.9643 -0.2514 0.0837
vn -0.9654 -0.2606 -0.0138
vn -0.8501 -0.3752 -0.3695
vn -0.9857 0.0522 0.1604
vn -0.6987 0.2176 0.6815
vn -0.5761 0.4201 0.7011
vn -0.8786 -0.3892 0.2766
vn -0.9038 -0.0077 -0.4279
vn -0.9991 -0.0287 -0.0315
vn -0.7441 -0.5585 0.3665
vn -0.8248 -0.2814 -0.4905
vn -0.6650 -0.2161 -0.7149
vn -0.9981 0.0131 0.0603
vn -0.9990 -0.0430 0.0126
vn -0.7581 -0.3380 0.5578
vn -0.9893 -0.0276 -0.1435
vn -0.9197 -0.3871 0.0664
vn -0.9912 -0.0291 -0.1289
vn -0.9354 -0.2309 0.2678
vn -0.7190 -0.4982 0.4845
vn -0.7978 -0.4890 0.3528
vn -0.8355 -0.5205 0.1760
vn -0.9972 -0.0162 -0.0727
vn -0.9762 -0.0349 -0.2140
vn -0.6012 0.3902 -0.6973
vn -0.9863 0.0533 0.1559
vn -0.7068 -0.0740 0.7035
vn -0.9745 -0.1403 0.1751
vn -0.9843 -0.0323 0.1737
vn -0.7864 -0.5930 0.1729
vn -0.9917 -0.0143 0.1280
vn -0.9926 -0.0209 0.1192
vn -0.6657 -0.1084 -0.7383
vn -0.8102 -0.0409 -0.5848
vn -0.8368 0.4395 0.3266
vn -0.6818 -0.5654 0.4642
vn -0.4430 -0.2873 0.8492
vn -0.4575 -0.3759 0.8058
vn -0.9495 -0.0579 0.3082
vn -0.7182 -0.1982 0.6670
vn -0.9497 -0.0690 0.3056
vn -0.8137 -0.4304 0.3907
vn -0.8362 -0.4136 0.3603
vn -0.9537 0.2969 0.0474
vn -0.4425 -0.1551 0.8832
vn -0.6843 -0.1691 0.7093
vn -0.9916 0.1193 0.0505
vn -0.3441 0.8123 -0.4710
vn -0.6317 -0.4164 0.6539
vn -0.6388 0.5527 -0.5352
vn -0.9551 0.2565 -0.1485
vn -0.9171 0.2866 -0.2773
vn -0.6355 -0.1336 0.7604
vn -0.5718 -0.2790 0.7715
vn -0.5717 -0.1419 0.8081
vn -0.4307 -0.5115 0.7435
vn -0.6365 -0.2859 0.7163
vn -0.7054 -0.3109 0.6370
vn 0.2244 0.5959 0.7710
vn 0.0974 0.6067 0.7889
vn 0.2415 0.5548 0.7962
vn -0.6744 -0.6733 0.3030
vn -0.9781 -0.1456 0.1487
vn -0.7274 -0.5041 0.4656
vn -0.2710 0.1731 -0.9469
vn -0.1007 0.2539 -0.9620
vn -0.1252 -0.0120 -0.9921
vn -0.5558 -0.6204 -0.5533
vn -0.2353 -0.8312 -0.5037
vn -0.5720 -0.7024 -0.4235
vn -0.2453 -0.5784 -0.7780
vn -0.0535 -0.7308 -0.6804
vn -0.2420 -0.6105 -0.7542
vn -0.2629 -0.7800 0.5679
vn -0.9903 -0.1000 0.0962
vn -0.9156 -0.2491 0.3156
vn -0.9868 -0.0280 0.1593
vn -0.9935 -0.0780 0.0831
vn -0.7379 0.6507 0.1792
vn -0.9732 -0.2298 -0.0106
vn -0.9953 0.0172 0.0958
vn -0.7852 0.6190 0.0174
vn -0.9490 0.1028 0.2980
vn -0.9405 0.1631 0.2981
vn -0.6637 -0.7153 0.2186
vn -0.7273 0.1949 0.6581
vn -0.7989 -0.0608 0.5984
vn -0.9967 0.0787 0.0178
vn -0.8543 -0.4525 -0.2560
vn -0.8533 -0.2802 -0.4397
vn -0.5999 -0.4081 -0.6881
vn -0.4484 0.8361 -0.3161
vn -0.7285 -0.1823 -0.6604
vn -0.7204 -0.1709 -0.6722
vn -0.9926 0.1076 0.0566
vn -0.7518 0.6520 -0.0988
vn -0.9576 0.2871 0.0234
vn -0.8127 0.5807 -0.0491
vn -0.8010 0.5121 0.3100
vn -0.5488 0.7464 0.3764
vn -0.4438 0.7213 0.5317
vn -0.8474 0.5303 -0.0243
vn -0.9762 0.1055 -0.1895
vn -0.4474 0.7464 0.4926
vn -0.5483 0.6444 0.5330
vn -0.5270 0.8383 -0.1397
vn -0.5721 0.7696 -0.2837
vn -0.4489 0.3018 0.8411
vn -0.9942 0.0900 -0.0596
vn -0.6576 -0.6676 -0.3490
vn -0.6574 -0.6676 -0.3495
vn -0.6733 0.7071 0.2162
vn -0.9991 -0.0403 -0.0107
vn -0.7183 0.4297 0.5473
vn -0.9609 0.2259 -0.1598
vn -0.7567 0.1130 0.6439
vn -0.9758 -0.2163 -0.0331
vn -0.9988 0.0315 -0.0387
vn -0.9015 0.3104 -0.3016
vn -0.8863 0.3792 0.2657
vn -0.9990 0.0398 0.0179
vn -0.9507 0.2804 0.1321
vn -0.9859 -0.0290 0.1651
vn -0.9861 -0.0229 0.1647
vn -0.9892 0.0312 -0.1435
vn -0.8461 0.1030 0.5229
vn -0.9946 -0.0967 -0.0368
vn -0.7678 -0.4077 0.4943
vn -0.6979 -0.6754 -0.2380
vn -0.9857 -0.1580 -0.0578
vn -0.8723 0.3753 0.3135
vn -0.9746 0.1663 0.1499
vn -0.9103 0.3912 0.1355
vn -0.2732 0.1523 -0.9498
vn -0.1006 0.0892 -0.9909
vn -0.2698 0.1341 -0.9535
vn -0.8365 -0.1756 0.5191
vn -0.5665 -0.8240 0.0145
vn -0.5722 -0.0004 0.8201
vn -0.6370 0.0249 0.7705
vn -0.9998 -0.0179 -0.0130
vn -0.4444 -0.0184 0.8957
vn -0.8180 -0.0373 -0.5740
vn -0.9497 -0.0392 0.3106
vn -0.9913 -0.0317 0.1276
vn -0.4524 -0.7155 0.5323
vn -0.6673 -0.0680 0.7417
vn -0.6450 0.3910 0.6566
vn -0.7528 0.4426 0.4873
vn -0.6628 0.4803 0.5745
vn -0.6559 0.5766 0.4871
vn -0.6627 0.7486 0.0204
vn -0.8102 0.5831 0.0594
vn -0.6657 0.7345 0.1317
vn -0.9144 -0.3334 0.2297
vn -0.9762 0.2128 0.0416
vn -0.9893 0.1426 0.0320
vn -0.9633 0.1533 0.2205
vn -0.8883 -0.2961 0.3511
vn -0.9912 0.1280 0.0331
vn -0.8156 -0.2819 0.5054
vn -0.9972 0.0722 0.0185
vn -0.8160 -0.5307 0.2291
vn -0.3496 -0.2346 0.9070
vn -0.5580 -0.7561 0.3420
vn -0.9691 0.2325 0.0821
vn -0.9435 0.3308 -0.0191
vn -0.9981 -0.0612 0.0035
vn -0.9990 -0.0139 0.0422
vn -0.9933 0.1116 0.0286
vn -0.9829 0.1780 -0.0466
vn -0.7741 0.5594 0.2964
vn -0.8853 0.4587 0.0762
vn -0.5320 0.8039 -0.2661
vn -0.6173 0.7866 0.0170
vn -0.9192 0.3688 -0.1380
vn -0.5374 0.7276 -0.4264
vn 0.2255 -0.9344 -0.2759
vn 0.0988 -0.9537 -0.2842
vn 0.1049 -0.8985 -0.4263
vn -0.8803 0.0331 -0.4732
vn -0.6931 -0.0074 -0.7208
vn -0.6949 0.0828 -0.7143
vn -0.2351 0.8911 -0.3882
vn -0.2181 0.8554 -0.4698
vn -0.7479 -0.5337 -0.3947
vn -0.5309 -0.6458 -0.5487
vn -0.8145 -0.3127 -0.4887
vn -0.6805 -0.3387 -0.6497
vn -0.3523 -0.7742 0.5258
vn -0.2296 -0.2961 0.9272
vn -0.3064 -0.5308 0.7901
vn -0.9698 -0.2084 -0.1269
vn -0.9747 -0.1451 -0.1702
vn -0.8234 -0.4772 0.3072
vn -0.5285 -0.5952 0.6053
vn -0.5711 -0.4575 0.6816
vn -0.9073 -0.3777 -0.1848
vn -0.6614 0.7426 -0.1055
vn -0.6612 0.7428 -0.1055
vn -0.2775 -0.3361 0.9000
vn -0.9949 -0.0706 -0.0715
vn -0.9815 -0.0871 -0.1707
vn -0.8330 -0.1117 -0.5419
vn -0.9499 0.2108 -0.2307
vn -0.4773 -0.3394 0.8105
vn -0.6938 0.6853 0.2215
vn -0.9867 -0.1607 0.0228
vn -0.6280 -0.6633 -0.4069
vn -0.0371 0.9767 -0.2113
vn -0.6651 0.7079 0.2377
vn -0.9781 -0.1862 -0.0925
vn -0.7769 -0.1659 0.6074
vn -0.9782 -0.1670 -0.1237
vn -0.9652 -0.2498 -0.0773
vn -0.9908 -0.0989 -0.0927
vn -0.9998 0.0124 0.0182
vn -0.8510 0.5190 0.0809
vn -0.9999 0.0105 -0.0101
vn -0.9973 0.0655 -0.0330
vn -0.6342 -0.7656 0.1083
vn -0.5704 -0.8209 -0.0262
vn -0.5702 -0.8134 0.1151
vn -0.7101 -0.6170 -0.3391
vn -0.6820 -0.5099 0.5243
vn -0.4956 -0.0303 0.8680
vn -0.4421 -0.8969 -0.0097
vn -0.4410 -0.8886 0.1258
vn -0.9811 -0.1561 0.1147
vn -0.9790 -0.1647 0.1201
vn -0.9836 -0.0933 0.1543
vn -0.9911 -0.0916 0.0964
vn -0.3299 -0.4275 0.8417
vn -0.2382 -0.4206 0.8754
vn -0.2042 -0.9329 0.2966
vn -0.1663 -0.9731 0.1597
vn -0.0966 -0.9950 -0.0246
vn -0.9916 -0.1264 0.0260
vn -0.9926 -0.1199 0.0170
vn -0.6558 -0.7549 0.0088
vn -0.6535 -0.7495 0.1061
vn -0.7719 0.0913 0.6291
vn -0.9494 -0.3116 0.0403
vn -0.9495 -0.3123 0.0290
vn -0.6354 -0.7706 -0.0493
vn -0.4697 -0.7606 0.4481
vn -0.9820 0.0901 -0.1660
vn -0.8460 -0.0469 -0.5310
vn -0.9946 -0.0826 0.0622
vn -0.8795 -0.3825 -0.2833
vn -0.6657 0.6688 -0.3310
vn -0.8102 0.5435 -0.2194
vn -0.6627 0.7133 -0.2280
vn -0.9762 0.1928 -0.0992
vn -0.9659 -0.0672 -0.2501
vn -0.9893 0.1281 -0.0705
vn -0.9912 0.1137 -0.0674
vn -0.8368 -0.3277 -0.4387
vn -0.9039 0.4047 -0.1388
vn -1.0000 0.0021 -0.0007
vn -0.9981 -0.0533 0.0313
vn -0.5001 -0.7192 0.4824
vn -0.9990 0.0094 -0.0446
vn -0.6651 0.6138 -0.4253
vn -0.9071 0.2863 -0.3084
vn -0.8158 -0.5737 -0.0727
vn -0.5576 -0.8216 -0.1185
vn -0.8341 -0.1405 -0.5335
vn -0.9857 -0.1355 0.1005
vn -0.4473 -0.7398 -0.5027
vn -0.4765 -0.5558 -0.6812
vn -0.7269 -0.4369 -0.5298
vn -0.9901 0.0035 -0.1400
vn -0.7564 -0.5812 0.3001
vn -0.4230 -0.8472 -0.3213
vn -0.3063 -0.7298 -0.6112
vn -0.3438 -0.6036 -0.7193
vn -0.9865 -0.0889 0.1378
vn -0.9304 -0.2220 0.2916
vn -0.9716 -0.0779 0.2237
vn -0.9603 -0.0229 -0.2781
vn -0.5231 0.2644 0.8103
vn -0.9775 -0.1387 0.1588
vn -0.7401 -0.1203 0.6616
vn -0.8440 0.0292 -0.5356
vn -0.6069 0.6818 0.4085
vn -0.2101 0.6706 0.7114
vn -0.5613 0.5210 0.6430
vn -0.7441 -0.5213 -0.4178
vn -0.5480 0.2048 0.8110
vn -0.7296 -0.1850 0.6584
vn -0.4486 -0.0215 0.8935
vn -0.0093 0.8873 -0.4611
vn -0.2322 0.8072 -0.5427
vn -0.2631 0.8065 -0.5294
vn -0.0475 0.2226 -0.9738
vn -0.7986 -0.1146 -0.5908
vn -0.4420 -0.8590 0.2584
vn -0.5708 -0.7813 0.2526
vn -0.8805 0.4450 0.1635
vn -0.2645 0.8440 0.4665
vn -0.8934 0.2325 0.3845
vn -0.3840 0.7322 0.5625
vn -0.8488 0.2440 0.4690
vn -0.9266 0.2259 0.3006
vn -0.3699 0.9129 -0.1725
vn -0.0008 0.9993 0.0379
vn -0.2573 0.9629 0.0818
vn -0.9252 -0.1736 -0.3375
vn -0.8516 -0.2310 -0.4706
vn -0.8125 -0.2481 -0.5274
vn -0.3595 -0.5685 -0.7400
vn 0.0001 -0.1196 -0.9928
vn -0.6598 0.3388 -0.6707
vn -0.3734 0.0282 0.9272
vn -0.0006 -0.0293 0.9996
vn 0.0001 -0.1875 0.9823
vn -0.9997 -0.0126 -0.0215
vn -0.9495 -0.3082 0.0589
vn -0.8995 -0.0521 0.4339
vn -0.2493 -0.4973 0.8310
vn -0.2571 -0.5267 0.8102
vn -0.9151 0.3508 -0.1989
vn -0.9192 0.3772 -0.1130
vn -0.8791 0.4441 -0.1735
vn -0.8285 -0.1639 0.5354
vn -0.2441 -0.4622 0.8525
vn -0.2682 -0.9288 -0.2557
vn 0.0002 -0.9981 -0.0617
vn 0.0001 -0.7113 -0.7029
vn -0.8180 0.5345 -0.2124
vn -0.9361 -0.2736 0.2211
vn -0.9867 -0.1607 0.0227
vn -0.9260 0.1198 0.3581
vn -0.5397 -0.0614 0.8396
vn -0.7943 0.0781 0.6025
vn -0.9223 -0.2106 -0.3241
vn -0.8126 -0.4386 -0.3838
vn -0.7470 0.6538 0.1201
vn -0.6937 0.6575 0.2940
vn -0.4834 0.7789 0.3995
vn -0.0008 0.9973 0.0735
vn -0.2495 0.9611 0.1181
vn -0.7994 -0.5650 -0.2044
vn -0.8737 0.4861 -0.0208
vn -0.3573 -0.8876 -0.2906
vn -0.0004 0.5649 -0.8252
vn -0.0697 0.7297 -0.6802
vn -0.8301 0.4266 -0.3590
vn -0.8430 0.4436 -0.3041
vn -0.9075 0.3582 -0.2194
vn -0.8620 -0.0737 0.5016
vn -0.9626 -0.0958 0.2536
vn -0.8246 0.0745 0.5607
vn -0.9947 -0.0492 0.0901
vn -0.8313 -0.1376 -0.5385
vn -0.4500 0.6036 0.6582
vn -0.2673 0.6418 0.7188
vn -0.0006 0.8883 -0.4592
vn -0.3138 0.8731 -0.3732
vn -0.7680 -0.6398 0.0282
vn -0.8537 -0.4897 -0.1769
vn -0.3706 -0.9221 -0.1116
vn 0.0001 -0.9086 0.4178
vn -0.9147 0.4032 0.0290
vn -0.8805 0.4686 -0.0722
vn -0.9015 -0.2816 -0.3287
vn -0.7964 -0.3445 -0.4970
vn -0.3440 0.5714 0.7451
vn -0.5873 0.5428 0.6003
vn -0.9917 -0.1281 0.0084
vn -0.9409 -0.2863 0.1812
vn -0.8293 -0.5467 0.1157
vn -0.9147 -0.3734 0.1544
vn -0.9083 -0.3647 0.2049
vn -0.2258 -0.7062 -0.6710
vn 0.0001 -0.5630 -0.8265
vn -0.4439 0.2928 0.8469
vn -0.8666 0.2198 0.4479
vn -0.9688 -0.1680 0.1819
vn -0.0006 0.7047 0.7095
vn -0.8697 0.2572 0.4212
vn -0.9100 0.3380 0.2401
vn -0.9259 0.3313 0.1814
vn -0.9726 0.1460 0.1808
vn 0.0002 -0.5549 0.8319
vn 0.0002 -0.5841 0.8117
vn -0.7692 0.4147 -0.4861
vn -0.7589 0.4181 -0.4992
vn -0.9282 -0.2597 0.2665
vn -0.8787 -0.4106 0.2436
vn -0.8431 -0.3945 0.3654
vn -0.3167 -0.4570 0.8312
vn 0.0001 -0.6465 0.7629
vn -0.7284 0.6846 0.0283
vn -0.8169 -0.5719 -0.0746
vn -0.9352 -0.2698 0.2292
vn -0.7773 -0.3915 0.4924
vn -0.9550 0.2693 -0.1244
vn -0.9462 0.3114 0.0881
vn -0.8774 0.4358 0.2006
vn -0.9950 0.0555 0.0834
vn -0.9861 0.0144 -0.1653
vn -0.9167 0.0443 0.3972
vn -0.7089 -0.4713 0.5247
vn -0.9569 -0.0629 0.2834
vn -0.4223 0.9051 0.0491
vn -0.6355 -0.7266 0.2612
vn -0.8622 0.4674 -0.1954
vn -0.8147 0.1617 0.5569
vn -0.8330 -0.0681 -0.5490
vn 0.0002 -0.4402 -0.8979
vn -0.6664 -0.7274 0.1641
vn 0.0002 -0.5164 0.8564
vn -0.4559 0.2919 0.8408
vn -0.0790 0.4826 0.8723
vn -0.4198 0.2803 0.8633
vn 0.0001 -0.3085 -0.9512
vn -0.0007 0.8910 0.4541
vn -0.0003 0.4194 0.9078
vn -0.9734 0.0031 0.2289
vn -0.0008 0.9929 0.1188
vn -0.9698 0.0206 -0.2431
vn -0.9921 -0.0201 0.1235
vn -0.9818 0.0568 0.1811
vn -0.0007 0.9992 -0.0409
vn -0.9754 -0.0544 0.2136
vn -0.7815 0.2339 0.5784
vn -0.7804 0.3601 0.5113
vn -0.7212 0.6851 -0.1025
vn -0.9541 0.0408 0.2966
vn -0.9154 -0.3172 0.2479
vn -0.6443 -0.5064 0.5731
vn -0.6360 -0.5193 0.5708
vn -0.9933 -0.0100 0.1151
vn -0.8114 0.1268 0.5705
vn -0.2947 -0.2379 0.9255
vn -0.6320 0.4185 0.6523
vn -0.7514 -0.4872 0.4450
vn -0.9042 -0.4094 0.1217
vn -0.9817 -0.1557 0.1095
vn -0.8513 0.3784 -0.3634
vn -0.9261 0.2548 -0.2781
vn -0.8124 0.4136 -0.4110
vn -0.3120 -0.9494 0.0365
vn 0.0015 -0.9606 0.2780
vn 0.0021 -0.9924 0.1234
vn -0.1740 -0.5849 -0.7922
vn 0.0019 -0.9258 -0.3780
vn 0.0014 -0.6800 -0.7332
vn -0.2622 -0.8489 0.4589
vn 0.0025 -0.9878 0.1555
vn -0.2604 -0.9582 0.1182
vn -0.4987 -0.8479 -0.1801
vn 0.0019 -0.9527 -0.3040
vn -0.2691 -0.9591 -0.0876
vn 0.0020 -0.9743 -0.2255
vn 0.0020 -0.9630 -0.2696
vn -0.2678 -0.0412 -0.9626
vn 0.0005 -0.2512 -0.9679
vn 0.0051 0.3887 -0.9213
vn -0.3141 -0.6051 0.7316
vn -0.0770 -0.6842 0.7252
vn -0.5390 -0.4908 0.6846
vn -0.8703 -0.4845 0.0884
vn -0.4794 -0.8742 -0.0772
vn -0.3698 -0.1810 -0.9113
vn -0.8578 -0.3454 0.3807
vn -0.5374 -0.8197 0.1984
vn -0.9030 -0.4128 0.1195
vn -0.9522 -0.2214 0.2104
vn -0.8742 0.4656 -0.1377
vn -0.9996 -0.0224 0.0197
vn -0.2423 -0.6737 0.6981
vn -0.8658 -0.3608 0.3466
vn -0.9258 -0.2352 0.2959
vn -0.9646 -0.1883 0.1848
vn -0.9616 0.1660 0.2187
vn -0.9921 -0.0233 0.1230
vn -0.9891 -0.0370 0.1428
vn -0.9470 0.0132 0.3209
vn -0.9569 -0.0374 0.2879
vn -0.9262 -0.0708 0.3703
vn -0.5293 -0.6637 0.5285
vn -0.9125 0.4077 -0.0331
vn -0.8124 0.5434 -0.2115
vn -0.9464 0.0113 0.3228
vn -0.7326 0.0535 0.6786
vn -0.8779 -0.0567 0.4755
vn -0.5586 -0.1324 0.8188
vn -0.8610 -0.0683 0.5040
vn -0.7992 0.6011 -0.0001
vn -0.9312 0.3462 0.1142
vn -0.6418 -0.1412 0.7537
vn -0.8567 -0.1881 0.4804
vn -0.2647 -0.4585 0.8483
vn -0.8769 -0.3618 0.3166
vn -0.9417 0.3171 0.1121
vn -0.4213 -0.7285 0.5402
vn -0.7815 0.4316 -0.4506
vn -0.8124 0.4271 -0.3969
vn -0.8086 0.3323 -0.4855
vn -0.9351 -0.2350 -0.2653
vn -0.9718 -0.2178 0.0903
vn -0.8907 -0.3032 -0.3386
vn -0.8294 -0.2811 -0.4828
vn -0.7686 -0.2263 -0.5983
vn -0.9403 -0.2631 -0.2158
vn -0.9144 -0.2644 -0.3065
vn -0.9573 -0.2395 -0.1621
vn -0.7680 0.5923 0.2436
vn -0.8823 0.4016 0.2454
vn -0.9905 0.0514 0.1277
vn -0.9880 -0.1546 0.0038
vn -0.9182 -0.3190 -0.2349
vn -0.8292 0.4752 0.2943
vn -0.9073 0.3211 0.2714
vn -0.8841 -0.4658 -0.0367
vn -0.8776 -0.3618 -0.3146
vn -0.7432 -0.6599 -0.1099
vn -0.9421 0.2126 0.2594
vn -0.9146 0.2990 0.2720
vn -0.9036 -0.4255 0.0502
vn -0.6890 -0.7227 0.0545
vn -0.5609 -0.6699 0.4865
vn -0.4778 -0.8716 0.1093
vn -0.2630 -0.8511 0.4544
vn -0.9931 0.0004 0.1169
vn -0.9189 0.2253 0.3238
vn -0.8786 0.3036 0.3686
vn -0.9281 0.1542 0.3389
vn -0.8432 0.2473 0.4774
vn -0.3323 -0.7630 0.5544
vn -0.9949 0.0673 -0.0758
vn -0.8882 0.2352 -0.3947
vn 0.0012 -0.4617 0.8870
vn 0.0018 -0.7374 0.6755
vn -0.0642 0.2431 0.9679
vn -0.3575 -0.3966 0.8455
vn 0.0021 -0.7853 0.6191
vn -0.2713 -0.7875 0.5534
vn -0.3763 0.7166 0.5873
vn -0.0020 0.6839 0.7296
vn -0.2241 0.6551 0.7215
vn 0.0022 -0.8316 0.5554
vn -0.2538 -0.8286 0.4990
vn -0.2689 -0.9533 -0.1376
vn 0.0023 -0.8743 -0.4854
vn -0.2530 -0.8488 -0.4642
vn -0.3674 -0.8526 -0.3715
vn -0.6309 -0.7261 0.2733
vn -0.9052 0.0915 0.4151
vn -0.9056 0.0346 0.4227
vn -0.0001 0.0298 0.9996
vn -0.3271 -0.0344 0.9444
vn -0.3350 -0.7603 0.5565
vn 0.0023 -0.8741 0.4858
vn -0.2609 -0.8547 -0.4489
vn 0.0022 -0.8510 0.5252
vn -0.4197 -0.6850 0.5955
vn -0.7760 -0.1071 -0.6216
vn 0.0012 -0.4495 0.8933
vn -0.9608 0.1339 0.2430
vn -0.8686 -0.3648 -0.3354
vn 0.0026 -0.9873 -0.1587
vn -0.9519 -0.2709 -0.1432
vn -0.9563 0.1101 0.2707
vn -0.8867 0.4356 -0.1550
vn -0.9148 -0.1682 0.3672
vn -0.9187 -0.2407 0.3132
vn -0.8782 -0.2597 0.4016
vn -0.4176 -0.8243 -0.3822
vn -0.4190 -0.8506 -0.3175
vn -0.4903 -0.7780 -0.3927
vn -0.8509 0.4651 0.2442
vn -0.9256 0.3454 0.1546
vn -0.8118 0.5213 0.2630
vn -0.8571 -0.4715 -0.2075
vn -0.2633 -0.6775 -0.6868
vn -0.8524 -0.3938 -0.3441
vn -0.9411 -0.0890 0.3261
vn -0.9043 -0.1809 -0.3866
vn -0.9613 -0.1829 0.2061
vn -0.9376 0.2984 0.1787
vn -0.8707 -0.4064 -0.2769
vn -0.2629 -0.4430 -0.8571
vn -0.8300 -0.1346 0.5413
vn 0.0021 -0.6910 -0.7228
vn 0.0013 -0.4290 -0.9033
vn -0.7692 -0.0495 0.6371
vn -0.9096 0.0731 0.4091
vn -0.8829 -0.1106 0.4562
vn -0.8606 -0.2072 -0.4652
vn -0.9020 -0.3090 -0.3015
vn -0.9921 -0.0570 -0.1117
vn -0.9596 -0.2160 -0.1801
vn -0.2441 -0.1291 -0.9611
vn -0.3304 -0.8874 -0.3216
vn -0.4445 -0.8956 -0.0188
vn 0.0026 -0.8960 -0.4441
vn -0.5212 -0.6912 -0.5006
vn 0.0507 0.8555 -0.5153
vn 0.0006 0.6623 -0.7492
vn -0.0371 0.6915 -0.7214
vn -0.9485 -0.3116 0.0569
vn -0.6605 -0.2046 -0.7224
vn 0.0001 -0.0414 -0.9991
vn -0.0026 -0.0305 -0.9995
vn -0.8005 0.1873 0.5693
vn -0.9566 0.2467 0.1552
vn -0.4769 -0.8687 0.1339
vn -0.2612 -0.9438 -0.2024
vn 0.0003 -0.0874 -0.9962
vn -0.8548 -0.4622 0.2360
vn -0.7433 -0.6044 0.2867
vn -0.7507 -0.6600 0.0277
vn -0.9869 -0.1400 -0.0798
vn -0.3376 0.0343 -0.9407
vn -0.8129 0.3716 0.4484
vn -0.9208 -0.3083 -0.2389
vn -0.9068 -0.4134 0.0821
vn -0.9077 0.2329 -0.3491
vn -0.9423 0.1318 -0.3078
vn -0.9015 -0.4242 -0.0858
vn -0.8591 -0.5035 0.0917
vn -0.9407 -0.3388 0.0184
vn -0.9043 0.3133 -0.2900
vn -0.9419 -0.3249 -0.0849
vn -0.8294 0.3749 -0.4142
vn -0.9148 0.2115 -0.3440
vn -0.9808 0.0535 -0.1878
vn -0.2727 -0.1618 -0.9484
vn -0.0002 0.1960 -0.9806
vn -0.2564 0.1832 -0.9491
vn -0.7397 0.4817 -0.4698
vn -0.3592 0.0235 0.9329
vn -0.1784 -0.3508 0.9193
vn -0.8955 -0.3167 0.3128
vn -0.9250 -0.3768 0.0484
vn -0.9725 -0.2250 -0.0605
vn -0.8060 -0.5779 -0.1279
vn -0.9636 -0.1456 -0.2241
vn -0.9191 0.1260 -0.3733
vn -0.8870 0.1279 -0.4437
vn -0.8789 0.1889 -0.4381
vn -0.8435 0.1042 -0.5270
vn -0.8456 -0.4869 -0.2188
vn -0.9258 0.3229 0.1964
vn -0.9937 -0.0903 0.0664
vn -0.6619 -0.7033 -0.2594
vn -0.8119 0.5123 0.2801
vn -0.9628 0.0822 0.2575
vn -0.8489 0.1036 -0.5183
vn -0.9263 -0.0415 0.3745
vn -0.3411 -0.7307 -0.5914
vn -0.7256 -0.4304 -0.5369
vn -0.2645 -0.7022 -0.6610
vn -0.8517 -0.0906 0.5161
vn -0.8127 -0.0911 0.5755
vn -0.9305 -0.1736 -0.3225
vn -0.9422 0.3338 0.0293
vn -0.9430 0.3309 -0.0350
vn -0.2705 -0.4403 -0.8561
vn 0.0001 -0.1523 -0.9883
vn -0.9352 -0.3276 0.1346
vn -0.7255 -0.3959 -0.5630
vn -0.9890 -0.0633 -0.1335
vn -0.9689 0.2307 -0.0893
vn -0.9935 0.0866 0.0735
vn -0.4347 -0.4481 -0.7812
vn -0.9490 -0.2843 -0.1364
vn -0.8472 0.0593 -0.5279
vn -0.9942 -0.0954 0.0494
vn -0.3885 0.3642 -0.8464
vn -0.0002 0.1496 -0.9888
vn -0.0004 0.3221 -0.9467
vn -0.7966 -0.1923 0.5732
vn -0.8198 -0.5720 -0.0289
vn -0.9428 -0.3005 -0.1444
vn -0.9311 0.3146 -0.1847
vn -0.9689 -0.1872 -0.1617
vn -0.9214 0.3472 0.1746
vn -0.8076 0.5668 0.1628
vn -0.9166 -0.0288 -0.3988
vn -0.9076 0.4045 0.1120
vn -0.9149 0.3926 0.0933
vn -0.8795 0.4517 0.1496
vn -0.9210 0.1342 -0.3657
vn -0.9145 -0.4022 -0.0445
vn -0.8787 -0.4772 -0.0113
vn -0.2262 0.1771 0.9579
vn -0.1791 0.0169 0.9837
vn -0.0000 -0.0309 0.9995
vn -0.8299 0.5101 0.2260
vn -0.7888 0.6146 0.0034
vn -0.9921 0.0909 -0.0865
vn -0.8387 0.5444 0.0172
vn -0.9251 -0.3749 0.0604
vn -0.8515 -0.5191 0.0736
vn -0.8125 -0.5784 0.0722
vn -0.8815 -0.1305 -0.4539
vn -0.9827 0.1833 0.0253
vn -0.8809 -0.4662 -0.0813
vn -0.8974 -0.4395 -0.0397
vn -0.5872 0.0490 -0.8080
vn -0.0000 0.2689 -0.9632
vn -0.1358 0.3653 -0.9209
vn -0.3597 -0.8795 0.3114
vn -0.0000 -0.9811 -0.1934
vn -0.2228 -0.9533 -0.2036
vn 0.1303 0.9321 -0.3379
vn -0.0002 0.9931 -0.1172
vn -0.1577 0.9849 -0.0708
vn -0.0000 0.3442 -0.9389
vn -0.2574 0.3748 -0.8907
vn -0.9429 -0.1958 0.2694
vn -0.8131 -0.5007 0.2969
vn -0.9213 0.3870 -0.0375
vn -0.4856 -0.7592 -0.4334
vn 0.0004 -0.7876 -0.6162
vn -0.2567 -0.7323 -0.6307
vn -0.3385 0.2857 -0.8965
vn -0.0636 0.3762 -0.9244
vn -0.6905 0.3708 -0.6211
vn -0.8853 -0.3042 0.3516
vn -0.7693 -0.1700 0.6159
vn -0.8004 -0.3686 0.4728
vn -0.0000 -0.6115 -0.7912
vn -0.3272 -0.5275 -0.7840
vn -0.3652 0.8407 -0.3998
vn -0.0644 0.9361 -0.3459
vn -0.0011 0.9331 -0.3597
vn -0.2644 0.9549 -0.1354
vn -0.7442 -0.2710 -0.6105
vn -0.8302 -0.0580 0.5544
vn -0.8107 -0.1889 0.5541
vn -0.9116 0.0050 0.4110
vn -0.8285 0.3514 -0.4361
vn -0.0000 0.3782 -0.9257
vn -0.8746 0.3603 0.3243
vn -0.8955 0.0721 -0.4393
vn -0.4062 0.2127 0.8887
vn 0.0002 -0.3108 0.9505
vn -0.0000 -0.1641 -0.9864
vn -0.4065 -0.7791 0.4773
vn -0.0000 -1.0000 -0.0012
vn -0.2645 0.1667 -0.9499
vn 0.0005 -0.7650 -0.6440
vn -0.2488 -0.7096 -0.6592
vn -0.8692 0.1195 -0.4798
vn -0.5412 0.2143 -0.8131
vn -0.8664 0.3767 0.3279
vn -0.7818 0.2811 0.5566
vn -0.3227 0.0247 0.9462
vn -0.8766 0.4644 0.1261
vn -0.8592 0.3988 -0.3206
vn -0.9082 0.2842 -0.3071
vn -0.9424 0.0750 0.3260
vn -0.9165 0.1238 0.3804
vn -0.9152 0.0322 0.4018
vn -0.8791 0.1056 0.4647
vn -0.7690 0.5341 0.3513
vn -0.9482 0.2569 0.1866
vn -0.8004 0.3367 0.4959
vn -0.9500 0.2683 0.1597
vn -0.8865 0.3518 0.3005
vn -0.7472 0.4665 0.4734
vn -0.7441 0.4977 -0.4456
vn -0.9534 0.2972 -0.0528
vn -0.7196 0.6309 0.2900
vn -0.5527 0.6950 0.4598
vn -0.9627 0.1704 -0.2101
vn -0.3128 0.7883 -0.5299
vn -0.9870 0.1162 -0.1109
vn -0.9321 -0.0572 -0.3575
vn -0.7820 -0.1376 -0.6079
vn -0.9950 0.0042 -0.1000
vn -0.9035 -0.1589 0.3979
vn -0.6335 0.4247 -0.6467
vn -0.8123 0.3463 -0.4693
vn -0.9265 0.1321 -0.3522
vn -0.6321 0.0455 -0.7736
vn -0.9938 0.1074 -0.0296
vn -0.9127 -0.3093 0.2672
vn -0.8128 -0.3144 0.4904
vn -0.7993 -0.4863 0.3530
vn -0.9308 -0.3481 0.1116
vn -0.7676 -0.6230 0.1505
vn -0.8821 -0.4696 0.0371
vn -0.9905 -0.1169 -0.0730
vn -0.9882 0.1214 -0.0936
vn -0.8289 -0.5580 0.0407
vn -0.9682 0.1995 -0.1507
vn -0.9653 -0.2083 0.1573
vn -0.9557 0.2615 -0.1350
vn 0.0005 -0.7348 -0.6782
vn -0.5365 -0.4358 -0.7226
vn 0.0001 -0.1727 0.9850
vn -0.9399 -0.0776 -0.3326
vn 0.0003 -0.4545 -0.8908
vn -0.8243 -0.3818 0.4180
vn -0.7262 0.4357 -0.5318
vn -0.8944 0.3068 -0.3255
vn -0.8067 0.5375 -0.2455
vn -0.7915 0.5854 -0.1756
vn -0.9487 -0.1939 -0.2499
vn -0.9486 0.3151 -0.0301
vn -0.9971 -0.0760 -0.0058
vn -0.8102 0.4697 0.3507
vn -0.8089 0.2257 0.5429
vn -0.3993 0.4667 0.7892
vn -0.0000 0.5264 0.8502
vn -0.0000 0.1170 0.9931
vn -0.8125 -0.5757 0.0915
vn -0.9239 -0.3646 -0.1161
vn -0.8130 -0.5635 -0.1465
vn -0.2260 -0.8566 0.4638
vn -0.0000 -0.8885 0.4589
vn -0.0000 -0.9601 0.2796
vn -0.2729 0.6980 0.6621
vn -0.0001 0.6207 0.7840
vn -0.0000 0.5921 0.8058
vn -0.2949 0.8175 0.4947
vn -0.0002 0.8767 0.4811
vn -0.0001 0.6560 0.7547
vn -0.2998 -0.8947 0.3312
vn -0.0000 -0.3670 0.9302
vn -0.0002 0.9865 -0.1637
vn -0.2563 0.9546 -0.1519
vn -0.9604 -0.2369 0.1465
vn -0.3709 -0.3909 0.8424
vn -0.0000 -0.9901 0.1406
vn -0.8487 0.5252 -0.0619
vn -0.4541 0.7741 0.4411
vn -0.0002 0.9832 0.1826
vn -0.9180 0.3858 -0.0917
vn -0.9754 0.1864 0.1176
vn -0.9921 0.1113 0.0578
vn -0.7039 0.7080 -0.0579
vn -0.9818 0.1897 0.0020
vn -0.9327 0.0160 -0.3602
vn -0.9570 0.2500 0.1473
vn -0.8570 0.2322 -0.4601
vn -0.7692 -0.3351 -0.5442
vn -0.9095 -0.2996 -0.2883
vn -0.8831 -0.1796 -0.4335
vn -0.7471 0.3162 -0.5846
vn -0.8685 0.2735 -0.4135
vn -0.5541 0.5345 -0.6382
vn -0.8231 0.1787 0.5390
vn -0.9690 -0.2303 -0.0896
vn -0.8200 0.0813 0.5665
vn -0.9881 0.1424 0.0585
vn -0.8609 0.4399 0.2555
vn -0.8302 -0.2102 -0.5163
vn -0.9424 -0.0187 -0.3340
vn -0.9152 -0.0810 -0.3948
vn -0.9055 -0.0890 -0.4149
vn -0.9047 0.3722 0.2073
vn -0.9026 0.4259 0.0631
vn -0.8002 -0.4859 -0.3515
vn -0.8791 -0.0279 -0.4758
vn -0.9214 0.3884 0.0142
vn -0.9784 0.2007 0.0506
vn -0.2389 0.9702 -0.0395
vn -0.6471 0.7470 -0.1523
vn -0.5777 -0.1490 -0.8026
vn -0.8225 -0.0984 0.5602
vn -0.8221 -0.0090 0.5693
vn -0.8233 0.2609 0.5041
vn -0.8257 0.1179 -0.5517
vn -0.9201 0.3893 0.0431
vn -0.1676 -0.1586 0.9730
vn -0.1552 -0.0246 0.9876
vn -0.1673 -0.0181 0.9857
vn -0.6288 0.5303 0.5686
vn -0.5501 0.5863 0.5947
vn -0.3139 0.3664 0.8759
vn -0.4802 0.3868 0.7873
vn -0.4773 0.2639 0.8382
vn -0.1723 -0.0597 0.9832
vn -0.1830 -0.2726 0.9445
vn -0.2549 0.1672 -0.9524
vn -0.7699 -0.2477 -0.5881
vn -0.2475 0.2945 0.9230
vn -0.3778 0.5090 0.7734
vn -0.8230 0.3372 0.4571
vn -0.7691 -0.5475 -0.3298
vn -0.2547 0.0155 -0.9669
vn -0.9582 -0.0735 0.2765
vn -0.8204 -0.5467 0.1673
vn -0.8186 -0.5162 0.2520
vn -0.8247 0.4586 0.3311
vn -0.5515 -0.5813 -0.5983
vn -0.8198 0.3986 0.4111
vn -0.1560 -0.3806 0.9115
vn -0.7688 -0.5926 -0.2401
vn -0.4733 0.4987 0.7262
vn -0.2124 0.8836 0.4173
vn -0.1834 0.9130 0.3643
vn -0.3674 0.6246 0.6891
vn -0.8250 0.5040 0.2558
vn -0.7687 -0.6380 -0.0450
vn -0.2475 0.5506 0.7972
vn -0.2129 0.9710 0.1092
vn -0.2749 0.8998 0.3388
vn -0.1556 0.7960 0.5850
vn -0.1559 0.8735 0.4613
vn -0.9795 0.0339 -0.1984
vn -0.2534 -0.7744 -0.5798
vn -0.1705 -0.9538 0.2474
vn -0.4748 -0.7185 0.5083
vn -0.1805 -0.9830 0.0342
vn -0.9582 -0.2738 0.0832
vn -0.8209 -0.5655 0.0800
vn -0.1569 0.9531 0.2588
vn -0.2853 0.6882 0.6671
vn -0.2450 -0.7898 0.5623
vn -0.2716 -0.6932 0.6676
vn -0.4853 -0.7206 0.4952
vn -0.2537 -0.5573 -0.7906
vn -0.2540 -0.4266 -0.8681
vn -0.1651 -0.9748 0.1499
vn -0.1527 -0.9477 0.2803
vn -0.1647 -0.9439 0.2862
vn -0.4782 -0.6325 0.6094
vn -0.8200 -0.4073 0.4023
vn -0.8231 -0.4733 0.3140
vn -0.5525 0.5022 -0.6652
vn -0.8546 0.0168 -0.5190
vn -0.8228 -0.4051 -0.3987
vn -0.5526 0.4806 0.6810
vn -0.8215 -0.3289 -0.4658
vn -0.8206 -0.2632 0.5073
vn -0.8265 0.4186 -0.3764
vn -0.9686 -0.1353 -0.2086
vn -0.1538 -0.9850 -0.0785
vn -0.8265 -0.3506 0.4404
vn -0.9321 0.2780 -0.2322
vn -0.2840 0.7001 -0.6551
vn -0.1571 0.7808 -0.6047
vn -0.4719 -0.5397 0.6972
vn -0.2118 -0.1258 0.9692
vn -0.1846 -0.0685 0.9804
vn -0.3661 -0.4657 0.8056
vn -0.8247 -0.1931 0.5315
vn -0.2534 -0.3570 -0.8991
vn -0.2458 -0.5919 0.7676
vn -0.2131 0.1965 0.9571
vn -0.1548 -0.3139 0.9368
vn -0.1553 -0.1709 0.9730
vn -0.2543 0.2418 -0.9364
vn -0.1719 -0.5308 -0.8298
vn -0.4749 -0.7079 -0.5228
vn -0.1842 -0.3401 -0.9222
vn -0.5527 0.3678 0.7479
vn -0.8222 -0.2512 -0.5107
vn -0.1567 0.0472 0.9865
vn -0.2846 -0.4245 0.8596
vn -0.2450 -0.7824 -0.5725
vn -0.2707 -0.8517 -0.4487
vn -0.4854 -0.6958 -0.5294
vn -0.2553 0.5825 -0.7717
vn -0.2546 0.6415 -0.7236
vn -0.1670 -0.4455 -0.8796
vn -0.1541 -0.5635 -0.8116
vn -0.1659 -0.5669 -0.8069
vn -0.4773 -0.7773 -0.4097
vn -0.2552 0.5575 0.7900
vn -0.8183 -0.4603 -0.3442
vn -0.8218 -0.5434 -0.1715
vn -0.8538 0.4989 -0.1484
vn -0.8351 -0.4857 -0.2581
vn -0.8487 0.0766 0.5233
vn -0.2546 0.7267 0.6380
vn -0.2553 0.6743 0.6929
vn -0.2158 -0.9589 0.1844
vn -0.1540 -0.9249 0.3477
vn -0.1806 -0.9541 0.2390
vn -0.8234 -0.5675 0.0014
vn -0.9687 0.0802 0.2349
vn -0.8183 -0.5662 -0.0992
vn -0.1562 -0.2310 -0.9603
vn -0.9796 -0.0030 0.2010
vn -0.9582 -0.2772 -0.0701
vn -0.4701 -0.8318 -0.2950
vn -0.2535 -0.6742 -0.6937
vn -0.3642 -0.9116 -0.1908
vn -0.9687 0.0877 -0.2322
vn -0.7717 0.5433 -0.3306
vn -0.2443 -0.9149 -0.3213
vn -0.2101 -0.8516 0.4802
vn -0.1525 -0.9883 -0.0070
vn -0.1528 -0.9785 0.1383
vn -0.2553 0.9667 0.0154
vn -0.9583 0.2206 -0.1815
vn -0.9324 0.1965 -0.3034
vn -0.6860 0.3492 -0.6383
vn -0.8260 0.5585 0.0758
vn -0.3449 -0.9315 -0.1156
vn -0.1728 0.6272 -0.7595
vn -0.4773 0.2810 -0.8326
vn -0.1837 0.7759 -0.6035
vn -0.2546 0.9627 0.0911
vn -0.2546 0.8881 0.3828
vn -0.9695 0.0860 0.2296
vn -0.5763 0.0217 0.8170
vn -0.6862 0.2274 -0.6910
vn -0.8198 0.0990 -0.5640
vn -0.2476 0.3064 -0.9191
vn -0.2737 0.1663 -0.9473
vn -0.4878 0.2905 -0.8232
vn -0.1556 0.6018 -0.7833
vn -0.1335 0.6155 -0.7768
vn -0.4802 0.1516 -0.8640
vn -0.2528 -0.6412 0.7245
vn -0.9690 -0.2365 -0.0711
vn -0.1569 0.8437 -0.5133
vn 0.0128 -0.4960 0.8682
vn -0.2542 -0.3147 0.9145
vn -0.2533 -0.3857 0.8872
vn -0.8233 -0.0907 -0.5603
vn -0.5538 -0.0135 0.8326
vn -0.8195 0.0091 -0.5730
vn -0.2544 -0.1673 0.9525
vn -0.3512 -0.1753 0.9197
vn -0.8246 -0.1758 -0.5377
vn -0.7698 0.4180 0.4823
vn -0.4733 0.0248 -0.8806
vn -0.2113 -0.4704 -0.8568
vn -0.1822 -0.5255 -0.8310
vn -0.7696 0.4887 0.4110
vn -0.9333 0.3582 -0.0255
vn -0.4768 0.8790 0.0090
vn -0.4968 0.8622 -0.0986
vn -0.5722 -0.8030 0.1667
vn -0.2530 -0.9531 -0.1660
vn -0.5509 -0.8222 -0.1433
vn -0.8237 0.5665 0.0229
vn -0.1834 0.8156 0.5488
vn -0.8241 0.5558 0.1096
vn -0.1674 0.9322 0.3209
vn -0.5748 -0.6497 0.4975
vn -0.9999 -0.0067 0.0107
vn -0.9999 -0.0107 0.0051
vn -0.9689 -0.1786 -0.1711
vn -0.9695 -0.1010 0.2234
vn -0.9694 -0.0574 -0.2385
vn -0.8288 0.5333 0.1695
vn -0.1555 -0.6202 -0.7689
vn -0.3134 0.9465 -0.0766
vn -0.2474 0.9689 0.0062
vn -0.3773 0.8935 -0.2434
vn -0.2522 -0.9658 0.0602
vn -0.3671 -0.0989 -0.9249
vn -0.2552 0.4267 0.8677
vn -0.2550 0.2851 0.9239
vn -0.2525 -0.8337 0.4911
vn -0.2532 -0.8695 0.4241
vn -0.2549 0.1365 0.9573
vn -0.2473 0.0249 -0.9686
vn -0.2113 -0.7224 -0.6584
vn -0.4020 0.6282 -0.6662
vn -0.2473 0.9291 -0.2750
vn -0.2130 0.4050 -0.8892
vn -0.3910 0.9071 -0.1559
vn -0.1556 0.8045 -0.5732
vn -0.1559 0.7108 -0.6859
vn -0.1668 -0.2931 -0.9414
vn -0.5070 0.8262 -0.2456
vn 0.0241 0.7129 -0.7008
vn -0.1548 -0.3001 -0.9413
vn -0.1547 -0.4364 -0.8864
vn -0.9239 0.2956 -0.2430
vn -0.7452 -0.5684 0.3488
vn -0.2547 -0.0156 0.9669
vn -0.1737 0.9168 0.3595
vn -0.1569 0.7510 0.6414
vn -0.2523 -0.9374 -0.2402
vn -0.1556 0.9319 0.3276
vn -0.1569 0.5428 -0.8251
vn 0.7878 0.0353 0.6149
vn 0.2054 -0.0178 0.9785
vn 0.2055 0.1376 0.9689
vn -1.0000 -0.0000 -0.0000
vn 0.9444 -0.2039 0.2578
vn 0.9575 -0.1843 0.2218
vn -0.9080 0.3929 0.1456
vn -0.9080 -0.4190 0.0033
vn -0.5506 0.5872 0.5933
vn -0.9078 -0.3937 -0.1445
vn -0.9083 0.4183 -0.0032
vn -0.3265 0.4816 -0.8133
vn -0.9994 -0.0356 -0.0024
vn -0.9993 -0.0365 0.0051
vn -0.6225 -0.7386 -0.2589
vn -0.2345 0.4200 0.8767
vn -0.3220 -0.8352 0.4458
vn -0.3230 0.8317 -0.4516
vn -0.7857 0.4752 -0.3959
vn -0.9084 -0.2323 -0.3475
vn -0.5776 -0.8087 -0.1113
vn -0.6487 -0.7535 0.1068
vn -0.9078 -0.4039 0.1127
vn -0.5365 -0.0835 -0.8398
vn -0.7851 0.4134 -0.4612
vn -0.9859 -0.1114 -0.1248
vn 0.0992 -0.4612 -0.8817
vn 0.0977 0.3176 -0.9432
vn -0.9669 0.0663 -0.2463
vn -0.0468 0.9940 -0.0993
vn -0.7875 -0.5267 -0.3200
vn -0.2063 -0.7178 0.6650
vn -0.7182 0.3107 0.6226
vn -0.6910 0.6832 0.2360
vn -0.9773 0.2113 -0.0116
vn -0.6613 -0.4460 0.6032
vn -0.0468 0.4036 0.9138
vn -0.9796 0.1308 -0.1525
vn -0.2282 -0.3367 -0.9135
vn -0.9885 -0.0783 -0.1291
vn -0.6622 0.2121 0.7187
vn -0.6597 -0.5980 -0.4552
vn -0.7779 0.0747 -0.6239
vn -0.7296 -0.2568 0.6339
vn -0.3343 0.9410 -0.0516
vn -0.2782 -0.7157 0.6406
vn -0.9715 -0.2260 0.0709
vn 0.0144 0.9795 0.2012
vn 0.0097 0.9790 0.2037
vn 0.0104 0.9781 0.2081
vn -0.6576 -0.7164 -0.2332
vn -0.3570 -0.8651 -0.3523
vn -0.2517 0.1899 -0.9490
vn 0.2251 0.9169 -0.3296
vn 0.0824 0.9413 -0.3274
vn 0.0974 0.9403 -0.3261
vn -0.9696 0.2444 0.0124
vn -0.6594 -0.6225 0.4215
vn -0.9404 -0.0198 0.3396
vn -0.7013 -0.2228 -0.6771
vn -0.6623 0.0032 -0.7492
vn -0.8247 0.2560 -0.5044
vn -0.9642 0.0015 0.2651
vn -0.6588 0.4925 -0.5687
vn 0.0849 0.6063 0.7907
vn -0.9671 -0.2105 0.1432
vn -0.2698 0.1986 -0.9422
vn -0.1592 -0.4440 -0.8818
vn -0.2553 -0.7882 0.5600
vn -0.9636 0.2511 0.0916
vn -0.9824 0.0375 0.1827
vn -0.0707 0.3030 -0.9504
vn -0.6656 0.4098 0.6238
vn -0.6623 0.7489 0.0207
vn -0.8307 0.3085 0.4634
vn 0.0857 -0.9545 -0.2856
vn -0.0475 0.4858 0.8728
vn -0.0464 0.4769 0.8777
vn -0.0399 0.4768 0.8781
vn -0.9768 -0.1770 -0.1206
vn -0.9600 0.1111 -0.2570
vn -0.9773 -0.1669 0.1304
vn -0.9204 -0.3813 -0.0870
vn -0.6623 0.7135 -0.2285
vn -0.9745 -0.2148 0.0650
vn -0.1659 0.7506 0.6396
vn -0.0953 0.7527 -0.6515
vn -0.0463 0.2127 -0.9760
vn -0.7762 0.3114 -0.5482
vn -0.0003 0.4406 0.8977
vn -0.9726 0.0921 0.2135
vn -0.8039 -0.4864 0.3422
vn 0.0017 -0.7212 0.6927
vn -0.8018 -0.1082 0.5877
vn -0.0211 -0.3126 0.9496
vn -0.0022 0.7607 0.6491
vn 0.0025 -0.8854 -0.4649
vn -0.8461 -0.4812 -0.2293
vn 0.2238 0.6214 -0.7508
vn -0.3526 -0.6610 -0.6624
vn -0.9853 -0.1492 -0.0831
vn -0.0002 0.9572 -0.2893
vn -0.0908 -0.8042 -0.5874
vn -0.0351 0.5976 0.8010
vn -0.0002 0.9901 -0.1404
vn -0.6843 0.2172 -0.6961
vn -0.2129 -0.5102 0.8333
vn -0.2485 0.4272 0.8694
vn -0.2539 -0.0606 -0.9653
vn -0.2526 -0.8176 -0.5174
vn -0.2464 -0.6983 0.6721
vn -0.2105 -0.9513 -0.2254
vn -0.2456 -0.8580 -0.4512
vn -0.2545 0.5202 -0.8152
vn -0.2127 -0.0789 -0.9739
vn -0.2546 0.9652 -0.0603
vn -0.2484 0.1676 -0.9541
vn -0.2140 0.9023 -0.3743
vn -0.2530 -0.9673 -0.0155
vn -0.2483 0.9591 -0.1357
vn -0.2524 -0.9002 0.3549
vn -0.2140 0.6364 0.7411
vn -0.2085 0.1957 -0.9582
vn 0.2045 0.0178 -0.9787
vn 0.2051 0.1726 -0.9634
vn 0.7879 0.5219 -0.3268
vn 0.2053 0.8772 -0.4341
vn 0.1737 0.8055 -0.5665
vn 0.7863 0.4822 -0.3864
vn 0.2054 0.7045 -0.6794
vn 0.7863 0.2369 -0.5707
vn 0.2054 0.4564 -0.8657
vn 0.1756 0.3197 -0.9311
vn 0.7879 0.0676 -0.6121
vn 0.2053 0.1727 -0.9633
vn 0.2046 0.0178 -0.9787
vn 0.7878 -0.1372 -0.6004
vn 0.2055 -0.1376 -0.9689
vn 0.2054 -0.2895 -0.9349
vn 0.7862 0.4613 0.4111
vn 0.2053 0.6794 0.7045
vn 0.2055 0.7824 0.5879
vn 0.7879 0.3268 0.5219
vn 0.2053 0.4340 0.8772
vn 0.1737 0.5665 0.8056
vn 0.7863 0.5707 0.2369
vn 0.2054 0.8658 0.4564
vn 0.2053 0.9272 0.3133
vn 0.7879 0.6121 0.0676
vn 0.1737 0.9702 0.1690
vn 0.2054 0.9785 0.0178
vn 0.7878 0.6004 -0.1373
vn 0.2055 0.9689 -0.1376
vn 0.2053 0.9349 -0.2895
vn 0.2053 -0.1727 0.9633
vn 0.7879 -0.1686 0.5922
vn 0.1737 -0.3198 0.9314
vn 0.7879 -0.3268 -0.5219
vn 0.2053 -0.4341 -0.8772
vn 0.1737 -0.5665 -0.8055
vn 0.7879 -0.5691 0.2353
vn 0.2054 -0.9349 0.2895
vn 0.1737 -0.8847 0.4325
vn 0.8578 -0.4885 0.1595
vn 0.7863 -0.4822 0.3864
vn 0.2053 -0.8033 0.5591
vn 0.4886 -0.6063 0.6275
vn 0.7878 -0.6004 0.1372
vn 0.7863 -0.5397 0.3007
vn 0.8578 -0.5089 0.0723
vn 0.2054 -0.9690 0.1376
vn 0.7878 -0.6149 0.0353
vn 0.2054 -0.9785 -0.0178
vn 0.7879 -0.6121 -0.0676
vn 0.1737 -0.9702 -0.1690
vn 0.7863 -0.6021 -0.1385
vn 0.2052 -0.9272 -0.3133
vn 0.8588 -0.4901 -0.1491
vn 0.7862 -0.3286 0.5233
vn 0.6320 -0.4083 0.6588
vn 0.4648 -0.4668 0.7524
vn 0.7863 -0.5707 -0.2369
vn 0.2054 -0.8658 -0.4564
vn 0.7863 -0.2369 0.5707
vn 0.7862 -0.5233 -0.3286
vn 0.2055 -0.7824 -0.5879
vn 0.7862 -0.4111 0.4613
vn 0.7862 -0.4613 -0.4111
vn 0.2054 -0.6794 -0.7045
vn 0.7863 -0.3864 -0.4822
vn 0.7879 -0.2353 -0.5691
vn 0.8588 0.4901 0.1491
vn 0.7863 0.6021 0.1385
vn 0.7879 0.1686 -0.5923
vn 0.7879 0.5691 -0.2353
vn 0.7878 0.6149 -0.0353
vn 0.7878 -0.0353 -0.6149
vn 0.7879 0.2353 0.5691
vn 0.2054 0.2895 0.9349
vn 0.7862 0.4111 -0.4613
vn 0.2055 0.5878 -0.7825
vn 0.7878 0.1372 0.6004
vn 0.7863 0.3864 0.4822
vn 0.7862 0.5233 0.3286
vn 0.7863 0.3286 -0.5233
vn 0.7879 -0.0676 0.6121
vn 0.8586 0.4099 0.3080
vn 0.8588 -0.4293 0.2797
vn 0.8578 0.5089 -0.0723
vn 0.8578 0.4885 -0.1595
vn 0.8580 0.4531 -0.2418
vn 0.8578 0.1595 0.4885
vn 0.8578 0.0723 0.5089
vn 0.8580 0.2418 0.4532
vn 0.8586 0.3501 0.3744
vn 0.8586 0.4571 0.2321
vn 0.8579 0.0172 -0.5136
vn 0.8586 -0.3080 0.4099
vn 0.8580 0.1060 -0.5026
vn 0.8586 -0.2321 0.4571
vn 0.8586 0.2321 -0.4571
vn 0.8586 -0.3744 0.3501
vn 0.8586 0.3079 -0.4099
vn 0.8580 -0.1060 0.5026
vn 0.8586 0.3744 -0.3501
vn 0.8578 -0.0172 0.5136
vn 0.8578 0.5136 0.0172
vn 0.1885 0.2317 -0.9543
vn 0.0841 -0.3093 -0.9473
vn 0.1885 0.1088 0.9760
vn 0.0841 0.6146 0.7844
vn 0.8694 -0.1886 -0.4567
vn 0.0840 0.4688 0.8793
vn 0.1884 0.3938 -0.8997
vn 0.0841 -0.1400 -0.9866
vn 0.1886 -0.7910 0.5820
vn 0.0840 -0.3720 0.9244
vn 0.8578 -0.5136 -0.0172
vn 0.1884 -0.1088 -0.9760
vn 0.0841 -0.6146 -0.7844
vn 0.1884 -0.0624 0.9801
vn 0.0673 0.7977 0.5993
vn 0.0841 0.7418 0.6653
vn 0.8586 -0.4571 -0.2321
vn 0.8688 -0.0210 -0.4948
vn 0.0673 0.2258 0.9718
vn 0.0841 0.1400 0.9866
vn 0.1884 -0.5822 -0.7909
vn 0.0841 -0.9244 -0.3720
vn 0.8586 -0.3501 -0.3744
vn 0.1886 -0.6779 0.7105
vn 0.0841 -0.2058 0.9750
vn 0.1884 0.7909 -0.5822
vn 0.0841 0.3720 -0.9244
vn 0.8578 -0.1595 -0.4885
vn 0.0673 -0.9905 -0.1202
vn 0.0841 -0.9749 -0.2062
vn 0.0673 0.0537 0.9963
vn 0.0841 -0.0335 0.9959
vn 0.0673 0.1202 -0.9905
vn 0.0841 0.2058 -0.9750
vn 0.8873 -0.3294 -0.3227
vn 0.0841 -0.9959 -0.0334
vn 0.0841 0.0334 -0.9959
vn 0.0841 -0.5265 0.8460
vn 0.0841 0.8458 0.5269
vn 0.0673 -0.1202 0.9905
vn 0.0841 0.3092 0.9473
vn 0.0841 -0.4689 -0.8792
vn 0.0673 0.6815 0.7287
vn 0.1886 0.9760 -0.1086
vn 0.0841 0.7844 -0.6146
vn 0.1886 -0.9543 -0.2319
vn 0.0841 -0.9473 0.3092
vn 0.1886 0.8996 0.3940
vn 0.0841 0.9866 -0.1401
vn 0.1886 -0.8996 -0.3940
vn 0.0841 -0.9866 0.1401
vn 0.1886 -0.7105 -0.6779
vn 0.1884 0.9801 0.0624
vn 0.0841 0.8792 -0.4690
vn 0.0673 -0.7287 0.6815
vn 0.0841 -0.7844 0.6146
vn 0.1886 0.6780 -0.7105
vn 0.0673 -0.8360 0.5446
vn 0.0841 -0.8793 0.4688
vn 0.1886 0.9543 0.2319
vn 0.0841 0.9473 -0.3092
vn 0.0673 -0.9179 0.3911
vn 0.0841 0.5271 -0.8456
vn -0.2086 -0.9338 -0.2907
vn -0.2054 -0.8657 -0.4564
vn 0.1884 -0.2766 -0.9423
vn 0.0841 -0.7414 -0.6657
vn -0.2084 0.8760 0.4350
vn -0.2055 0.7824 0.5879
vn -0.1770 -0.9743 -0.1394
vn 0.0673 -0.5993 0.7977
vn 0.0841 -0.6657 0.7414
vn 0.0673 0.8896 0.4517
vn 0.1884 0.8800 -0.4360
vn 0.0673 -0.7977 -0.5993
vn 0.0841 -0.8456 -0.5272
vn 0.0841 0.9244 0.3720
vn 0.1886 0.0626 -0.9801
vn 0.0673 0.9545 0.2904
vn 0.1884 0.9423 -0.2766
vn 0.0841 0.6657 -0.7414
vn 0.0841 0.9750 0.2058
vn -0.2075 -0.6960 -0.6874
vn -0.1737 -0.5665 -0.8056
vn 0.1885 0.8175 0.5442
vn 0.0841 0.9959 0.0334
vn -0.1770 -0.8699 0.4603
vn -0.2054 -0.9349 0.2895
vn -0.2087 0.4548 0.8658
vn -0.2054 0.2895 0.9349
vn -0.2074 0.6960 0.6874
vn -0.1737 0.5665 0.8055
vn -0.2075 0.0061 0.9782
vn -0.2053 -0.1727 0.9633
vn -0.2055 -0.7824 -0.5879
vn -0.2733 0.1791 -0.9451
vn -0.2055 -0.9689 0.1376
vn -0.1737 -0.3198 0.9314
vn -0.2080 0.5683 -0.7961
vn -0.2054 0.7045 -0.6794
vn -0.2075 0.9782 -0.0061
vn -0.1737 0.9702 0.1690
vn -0.5788 -0.7950 0.1819
vn -0.2053 0.9272 0.3133
vn -0.5788 0.1817 0.7949
vn -0.2055 0.1376 0.9689
vn -0.2070 -0.7892 0.5782
vn -0.5788 0.0467 0.8142
vn -0.2084 0.9270 -0.3119
vn -0.2055 0.9689 -0.1376
vn -0.5789 -0.0893 0.8105
vn -0.5790 -0.2230 0.7842
vn -0.2075 -0.9782 0.0061
vn -0.5789 -0.3126 0.7531
vn -0.4022 -0.3076 0.8623
vn -0.2087 0.8658 -0.4548
vn -0.5788 -0.4336 0.6906
vn -0.6320 -0.4083 0.6588
vn -0.1770 0.7875 -0.5903
vn -0.5788 -0.5427 0.6087
vn -0.4648 -0.5927 0.6578
vn -0.5789 -0.6363 0.5099
vn -0.5790 -0.7122 0.3969
vn -0.2053 -0.4341 -0.8772
vn -0.5789 -0.7536 0.3115
vn -0.5790 -0.7945 -0.1829
vn -0.2083 0.4350 -0.8760
vn -0.2084 -0.3119 -0.9270
vn -0.2055 -0.1376 -0.9689
vn -0.3077 0.1224 -0.9436
vn -0.5788 -0.6087 -0.5426
vn -0.5789 -0.8105 -0.0893
vn -0.5788 -0.8141 0.0467
vn -0.5774 -0.7761 0.2536
vn -0.5781 -0.6837 0.4453
vn -0.5774 -0.5963 0.5577
vn -0.5789 0.3126 -0.7531
vn -0.5788 0.5426 -0.6087
vn -0.5789 0.0894 -0.8105
vn -0.2086 0.1957 -0.9582
vn -0.5788 -0.1817 -0.7949
vn -0.5790 -0.4325 -0.6911
vn -0.5789 -0.7531 -0.3126
vn -0.5789 0.3114 0.7536
vn -0.5774 0.2536 0.7761
vn -0.5789 0.7531 0.3126
vn -0.5772 0.1148 0.8085
vn -0.5788 0.8141 -0.0468
vn -0.5774 -0.0277 0.8160
vn -0.5789 0.8105 0.0893
vn -0.5788 0.6087 0.5427
vn -0.5781 -0.1684 0.7984
vn -0.5789 0.5099 0.6363
vn -0.5788 0.6906 0.4336
vn -0.5789 0.7536 -0.3115
vn -0.5774 -0.3692 0.7282
vn -0.5790 0.6911 -0.4325
vn -0.5788 0.7949 -0.1817
vn -0.5772 -0.4905 0.6529
vn -0.5790 0.4325 0.6911
vn -0.5781 0.7807 0.2372
vn -0.5790 0.7945 0.1829
vn -0.5788 -0.0467 -0.8141
vn -0.5781 -0.7806 -0.2374
vn -0.5789 -0.3115 -0.7536
vn -0.5789 0.6363 -0.5099
vn -0.5772 -0.8085 0.1148
vn -0.5789 -0.5099 -0.6363
vn -0.5788 0.4336 -0.6906
vn -0.5790 0.2230 -0.7842
vn -0.5788 -0.6906 -0.4336
vn -0.5774 0.8160 0.0273
vn -0.5774 0.3695 -0.7281
vn -0.5774 0.0272 -0.8160
vn -0.5772 -0.1148 -0.8085
vn -0.5775 -0.2542 -0.7758
vn -0.5781 0.7199 -0.3842
vn -0.5774 0.7761 -0.2536
vn -0.5774 0.5964 -0.5575
vn -0.5772 0.4905 -0.6529
vn -0.5781 -0.3841 -0.7199
vn -0.5772 0.6529 0.4905
vn -0.5774 0.7281 0.3695
vn -0.5774 -0.7279 -0.3697
vn -0.5781 0.3841 0.7199
vn -0.5772 -0.6529 -0.4905
vn -0.5774 0.5576 0.5963
vn -0.5774 -0.5576 -0.5964
vn -0.5772 0.8085 -0.1148
vn -0.5781 0.1688 -0.7983
vn -0.9997 0.0104 -0.0204
vn -0.9997 0.0121 -0.0194
vn -0.9997 -0.0028 0.0227
vn -0.9997 -0.0047 0.0224
vn -0.9997 -0.0012 -0.0229
vn -0.9997 0.0008 -0.0229
vn -0.9997 0.0067 -0.0219
vn -0.9997 0.0047 -0.0224
vn -0.9997 -0.0104 0.0204
vn -0.9997 -0.0121 0.0194
vn -0.9997 0.0204 0.0104
vn -0.9997 0.0194 0.0121
vn -0.9997 0.0052 0.0223
vn -0.9997 0.0032 0.0227
vn -0.9997 -0.0125 -0.0192
vn -0.9997 -0.0141 -0.0180
vn -0.9997 0.0028 -0.0227
vn -0.9997 -0.0052 -0.0223
vn -0.9997 -0.0071 -0.0218
vn -0.9997 0.0012 0.0229
vn -0.9997 -0.0008 0.0229
vn -0.9997 -0.0032 -0.0227
vn -0.9997 0.0090 0.0211
vn -0.9997 0.0071 0.0218
vn -0.9997 -0.0156 -0.0167
vn -0.9997 -0.0167 0.0156
vn -0.9997 -0.0180 0.0141
vn -0.9997 -0.0090 -0.0211
vn -0.9997 -0.0108 -0.0202
vn -0.9997 0.0108 0.0202
vn -0.9997 -0.0183 -0.0138
vn -0.9997 -0.0194 -0.0121
vn -0.9997 0.0167 -0.0156
vn -0.9997 0.0153 -0.0170
vn -0.9997 -0.0153 0.0170
vn -0.5775 -0.8159 -0.0279
vn -0.9997 0.0156 0.0167
vn -0.9997 0.0141 0.0180
vn -0.0000 0.7441 0.6681
vn -0.9997 0.0138 -0.0183
vn -0.9997 -0.0170 -0.0153
vn -0.9997 -0.0137 0.0183
vn -0.9997 0.0170 0.0153
vn -0.9997 0.0125 0.0192
vn -0.9997 -0.0138 0.0183
vn -0.9997 0.0180 -0.0141
vn -0.9997 0.0212 0.0085
vn -0.9997 0.0227 0.0028
vn -0.9997 0.0229 0.0008
vn -0.9997 0.0085 -0.0212
vn -0.9997 0.0224 0.0047
vn -0.9997 -0.0085 0.0212
vn -0.9997 0.0223 -0.0052
vn -0.9997 0.0227 -0.0032
vn -0.9997 0.0183 0.0138
vn -0.9997 -0.0204 -0.0104
vn -0.0000 0.9567 0.2910
vn -0.0000 -0.2264 -0.9740
vn -0.0000 0.1406 0.9901
vn -0.9997 -0.0227 -0.0028
vn -0.9997 -0.0224 -0.0047
vn -0.9997 -0.0229 -0.0008
vn -0.9997 -0.0219 -0.0067
vn -0.9997 -0.0212 -0.0085
vn -0.9997 0.0218 -0.0071
vn -0.9997 -0.0211 0.0090
vn -0.9997 -0.0202 0.0108
vn -0.0000 0.1204 -0.9927
vn -0.9997 -0.0223 0.0052
vn -0.9997 -0.0218 0.0071
vn -0.0000 -0.6681 0.7441
vn -0.9997 -0.0192 0.0125
vn -0.0000 0.9199 -0.3921
vn -0.9997 0.0211 -0.0090
vn -0.9997 0.0202 -0.0108
vn -0.0000 -0.9740 0.2264
vn -0.0000 0.6681 -0.7441
vn -0.9997 -0.0067 0.0219
vn -0.0000 0.9784 0.2065
vn -0.9997 0.0192 -0.0125
vn -0.0000 0.9901 -0.1406
vn -0.0000 -0.4527 0.8917
vn -0.0000 0.0538 0.9986
vn -0.9997 -0.0227 0.0032
vn -0.0000 0.7871 -0.6168
vn -0.0000 0.6007 -0.7995
vn -0.0000 -0.9986 0.0538
vn -0.9997 0.0219 0.0067
vn -0.0000 -0.9927 -0.1204
vn -0.9997 0.0183 0.0137
vn -0.0000 0.9506 -0.3104
vn -0.9997 0.0229 -0.0012
vn -0.0000 -0.9784 -0.2065
vn -0.9997 -0.0229 0.0012
vn -0.0000 0.0335 -0.9994
vn -0.0000 -0.3733 0.9277
vn -0.0000 0.7995 0.6007
vn -0.0000 -0.8379 0.5458
vn -0.0000 -0.7441 -0.6681
vn -0.0000 0.6168 0.7871
vn -0.0000 -0.8823 0.4707
vn -0.0000 -0.1205 0.9927
vn -0.0000 0.9986 -0.0538
vn -0.0000 0.3921 0.9199
vn -0.0000 -0.4707 -0.8823
vn -0.0000 -0.6168 -0.7871
vn -0.0000 -0.3921 -0.9199
vn -0.0000 0.7304 -0.6830
vn -0.0000 0.8488 0.5287
vn -0.0000 0.5458 0.8379
vn -0.0000 0.4707 0.8823
vn -0.0000 0.8379 -0.5459
vn -0.0000 -0.9277 -0.3733
vn -0.0000 -0.9506 0.3104
vn -0.0000 0.5287 -0.8488
vn -0.0000 0.4527 -0.8917
vn -0.0000 0.6831 0.7304
vn -0.0000 -0.7995 -0.6007
vn -0.0000 -0.6007 0.7995
vn -0.0000 0.9277 0.3733
vn -0.0000 -0.7304 0.6831
vn -0.0000 -0.6831 -0.7304
vn -0.0000 0.8823 -0.4707
vn -0.0000 -0.3104 -0.9506
vn -0.0000 -0.0335 0.9994
vn -0.0000 -0.5287 0.8488
vn -0.0000 0.2264 0.9740
vn -0.0000 -0.7871 0.6168
vn -0.0000 -0.9567 -0.2910
vn -0.0000 0.8917 0.4527
vn -0.0000 -0.2065 0.9784
vn -0.0000 -0.0538 -0.9986
vn -0.0000 0.3733 -0.9277
vn -0.0000 -0.9994 -0.0335
vn -0.0000 0.2065 -0.9784
vn -0.0000 0.3104 0.9506
vn -0.0000 -0.8917 -0.4527
vn -0.0000 -0.5458 -0.8379
vn -0.0000 0.9740 -0.2264
vn -0.0000 0.9994 0.0335
vn -0.0000 0.9927 0.1204
vn -0.0000 -0.8488 -0.5287
vn -0.0000 -0.2910 0.9567
vn -0.0000 -0.9199 0.3921
vn -0.0000 0.2910 -0.9567
vn -0.0000 -0.1406 -0.9901
vt 0.624027 0.161254
vt 0.623804 0.160739
vt 0.624020 0.161259
vt 0.624034 0.161247
vt 0.623752 0.160761
vt 0.624889 0.161000
vt 0.624806 0.161032
vt 0.624806 0.161002
vt 0.624890 0.161034
vt 0.624801 0.161062
vt 0.624882 0.160965
vt 0.624800 0.160972
vt 0.624038 0.161130
vt 0.624050 0.161142
vt 0.624036 0.161139
vt 0.624871 0.161102
vt 0.624773 0.161121
vt 0.624790 0.161092
vt 0.624884 0.161068
vt 0.624041 0.161240
vt 0.624045 0.161256
vt 0.624214 0.161347
vt 0.624046 0.161233
vt 0.624228 0.161323
vt 0.624051 0.161225
vt 0.624771 0.160914
vt 0.624869 0.160932
vt 0.624788 0.160942
vt 0.624039 0.161122
vt 0.624052 0.161132
vt 0.624823 0.160867
vt 0.624748 0.160886
vt 0.623972 0.161055
vt 0.623979 0.161051
vt 0.623976 0.161056
vt 0.624436 0.160689
vt 0.624463 0.160741
vt 0.624409 0.160729
vt 0.624226 0.161087
vt 0.624025 0.161164
vt 0.624030 0.161156
vt 0.624212 0.161064
vt 0.624034 0.161148
vt 0.624498 0.160701
vt 0.624514 0.160755
vt 0.624235 0.161335
vt 0.624200 0.161215
vt 0.624210 0.161214
vt 0.624379 0.160955
vt 0.624370 0.160975
vt 0.624356 0.160966
vt 0.624306 0.161334
vt 0.624220 0.161213
vt 0.624256 0.161192
vt 0.624218 0.161217
vt 0.624218 0.161194
vt 0.624372 0.160679
vt 0.624353 0.160721
vt 0.624754 0.160809
vt 0.624382 0.160985
vt 0.624323 0.160951
vt 0.624664 0.160758
vt 0.624340 0.160958
vt 0.624216 0.161130
vt 0.624199 0.161131
vt 0.624013 0.161128
vt 0.624314 0.160986
vt 0.624302 0.160980
vt 0.305948 0.819611
vt 0.213972 0.790931
vt 0.305948 0.790932
vt 0.624307 0.160672
vt 0.624295 0.160715
vt 0.624264 0.161210
vt 0.624307 0.161144
vt 0.624325 0.161137
vt 0.624254 0.161214
vt 0.624287 0.161149
vt 0.624241 0.160669
vt 0.624237 0.160712
vt 0.624179 0.160712
vt 0.624792 0.160837
vt 0.623970 0.161119
vt 0.623968 0.161054
vt 0.623977 0.161120
vt 0.624244 0.161216
vt 0.624229 0.161212
vt 0.624008 0.160730
vt 0.624043 0.160680
vt 0.624063 0.160721
vt 0.624363 0.161142
vt 0.624342 0.161130
vt 0.624357 0.161122
vt 0.623902 0.160756
vt 0.623917 0.160703
vt 0.623954 0.160742
vt 0.624852 0.161135
vt 0.624751 0.161149
vt 0.624121 0.160715
vt 0.623963 0.161254
vt 0.623971 0.161254
vt 0.624011 0.161134
vt 0.624009 0.161141
vt 0.623979 0.160690
vt 0.624247 0.161138
vt 0.624215 0.161170
vt 0.624057 0.161164
vt 0.623963 0.161053
vt 0.624069 0.160959
vt 0.624253 0.161165
vt 0.623997 0.161128
vt 0.624039 0.161113
vt 0.624013 0.161114
vt 0.624027 0.161157
vt 0.624256 0.161219
vt 0.624216 0.161241
vt 0.623984 0.161122
vt 0.624827 0.161167
vt 0.624724 0.161175
vt 0.624232 0.161128
vt 0.623959 0.161052
vt 0.623962 0.161118
vt 0.624277 0.161119
vt 0.624263 0.161123
vt 0.623859 0.160720
vt 0.624759 0.161226
vt 0.624371 0.161113
vt 0.624108 0.160673
vt 0.624238 0.161112
vt 0.624037 0.160958
vt 0.623998 0.161245
vt 0.624004 0.161241
vt 0.624348 0.161015
vt 0.624353 0.161023
vt 0.624341 0.161007
vt 0.624035 0.161189
vt 0.624035 0.161183
vt 0.624291 0.161114
vt 0.624020 0.161227
vt 0.624024 0.161221
vt 0.624261 0.160966
vt 0.624276 0.160970
vt 0.624334 0.161000
vt 0.624356 0.161031
vt 0.624246 0.160963
vt 0.624230 0.160961
vt 0.624034 0.161176
vt 0.624032 0.161170
vt 0.623985 0.161250
vt 0.623992 0.161248
vt 0.624289 0.160975
vt 0.624356 0.161057
vt 0.624358 0.161048
vt 0.624348 0.161073
vt 0.624358 0.161040
vt 0.831696 0.599317
vt 0.764583 0.630906
vt 0.764279 0.599851
vt 0.623992 0.161056
vt 0.623988 0.161056
vt 0.624004 0.160957
vt 0.624234 0.161219
vt 0.624013 0.161121
vt 0.624030 0.161163
vt 0.624028 0.161215
vt 0.624335 0.161089
vt 0.624342 0.161081
vt 0.624353 0.161065
vt 0.623983 0.161053
vt 0.624324 0.160993
vt 0.831087 0.537207
vt 0.763974 0.568796
vt 0.763670 0.537741
vt 0.624304 0.161108
vt 0.624315 0.161102
vt 0.623978 0.161252
vt 0.624557 0.160718
vt 0.623974 0.161049
vt 0.624010 0.161237
vt 0.624015 0.161232
vt 0.624326 0.161096
vt 0.624211 0.161264
vt 0.624030 0.161209
vt 0.624033 0.161203
vt 0.624248 0.161126
vt 0.623956 0.161255
vt 0.133329 0.934332
vt 0.213972 0.905652
vt 0.213972 0.934332
vt 0.623991 0.161125
vt 0.624034 0.161196
vt 0.213972 0.217330
vt 0.133329 0.246010
vt 0.133329 0.217330
vt 0.624055 0.161217
vt 0.708516 0.941925
vt 0.767931 0.972512
vt 0.708820 0.972980
vt 0.700906 0.165548
vt 0.759713 0.134025
vt 0.760017 0.165080
vt 0.133329 0.131290
vt 0.213972 0.102610
vt 0.213972 0.131290
vt 0.133329 0.790931
vt 0.213972 0.819611
vt 0.133329 0.819611
vt 0.133329 0.159970
vt 0.213972 0.159970
vt 0.305948 0.131290
vt 0.305948 0.102610
vt 0.213972 0.590171
vt 0.133329 0.618851
vt 0.133329 0.590171
vt 0.706994 0.786649
vt 0.765800 0.755126
vt 0.766105 0.786181
vt 0.213972 0.676211
vt 0.133329 0.647531
vt 0.213972 0.647531
vt 0.762148 0.382465
vt 0.703341 0.413988
vt 0.703037 0.382934
vt 0.699993 0.072382
vt 0.758799 0.040859
vt 0.759104 0.071914
vt 0.133329 0.532811
vt 0.213972 0.561491
vt 0.133329 0.561491
vt 0.404153 0.484023
vt 0.337982 0.600213
vt 0.267428 0.590794
vt 0.826826 0.102436
vt 0.826521 0.071380
vt 0.133329 0.274690
vt 0.213972 0.246010
vt 0.213972 0.274690
vt 0.213972 0.963012
vt 0.133329 0.963012
vt 0.133329 0.102610
vt 0.213972 0.073930
vt 0.133329 0.733571
vt 0.213972 0.762251
vt 0.133329 0.762251
vt 0.707298 0.817705
vt 0.766714 0.848291
vt 0.707603 0.848760
vt 0.760321 0.196135
vt 0.701211 0.196603
vt 0.133329 0.704891
vt 0.213972 0.704891
vt 0.700602 0.134493
vt 0.759408 0.102970
vt 0.213972 0.848292
vt 0.133329 0.876972
vt 0.133329 0.848292
vt 0.766409 0.817236
vt 0.764887 0.661961
vt 0.706081 0.693484
vt 0.705776 0.662429
vt 0.826217 0.040325
vt 0.761843 0.351410
vt 0.828652 0.288766
vt 0.760930 0.258245
vt 0.828348 0.257711
vt 0.133329 0.188650
vt 0.213972 0.188650
vt 0.704254 0.507154
vt 0.763061 0.475631
vt 0.763365 0.506686
vt 0.704559 0.538209
vt 0.133329 0.475451
vt 0.213972 0.504131
vt 0.133329 0.504131
vt 0.097757 0.819611
vt 0.097757 0.848292
vt 0.624239 0.161298
vt 0.059354 0.045249
vt 0.097757 0.073930
vt 0.059354 0.073930
vt 0.767322 0.910402
vt 0.707907 0.879815
vt 0.767018 0.879346
vt 0.133329 0.332051
vt 0.213972 0.303370
vt 0.213972 0.332051
vt 0.133329 0.389411
vt 0.213972 0.418091
vt 0.133329 0.418091
vt 0.305948 0.590171
vt 0.305948 0.561491
vt 0.701819 0.258713
vt 0.761235 0.289300
vt 0.702124 0.289768
vt 0.706385 0.724539
vt 0.765192 0.693016
vt 0.765496 0.724071
vt 0.133329 0.905652
vt 0.213972 0.876972
vt 0.651554 0.662858
vt 0.679399 0.631580
vt 0.679703 0.662636
vt 0.680007 0.693691
vt 0.097757 0.045249
vt 0.133329 0.073930
vt 0.133329 0.303370
vt 0.705168 0.600319
vt 0.704863 0.569264
vt 0.680312 0.724746
vt 0.706690 0.755594
vt 0.680616 0.755801
vt 0.059354 0.876972
vt 0.059354 0.848292
vt 0.213972 0.532811
vt 0.097757 0.790931
vt 0.097757 0.762251
vt 0.652162 0.724969
vt 0.651858 0.693914
vt 0.059354 0.790932
vt 0.059354 0.762251
vt 0.705472 0.631374
vt 0.213972 0.446771
vt 0.133329 0.446771
vt 0.702428 0.320824
vt 0.761539 0.320355
vt 0.097757 0.188650
vt 0.059354 0.819612
vt 0.097757 0.733571
vt 0.097757 0.905652
vt 0.097757 0.934332
vt 0.681225 0.817911
vt 0.681529 0.848966
vt 0.059354 0.905652
vt 0.097757 0.876972
vt 0.653075 0.818134
vt 0.653380 0.849189
vt 0.097757 0.159970
vt 0.680920 0.786856
vt 0.652771 0.787079
vt 0.059354 0.934332
vt 0.059354 0.188650
vt 0.701515 0.227658
vt 0.760626 0.227190
vt 0.213972 0.360730
vt 0.133329 0.360730
vt 0.624053 0.161122
vt 0.652467 0.756024
vt 0.624247 0.161272
vt 0.624253 0.161246
vt 0.305948 0.159970
vt 0.097757 0.131290
vt 0.213972 0.389411
vt 0.097757 0.102610
vt 0.702733 0.351879
vt 0.674833 0.165754
vt 0.675137 0.196810
vt 0.654293 0.942354
vt 0.682747 0.973186
vt 0.654597 0.973409
vt 0.097757 0.332051
vt 0.059354 0.332051
vt 0.097757 0.303370
vt 0.507841 0.843955
vt 0.673919 0.072589
vt 0.646075 0.103867
vt 0.645770 0.072812
vt 0.646988 0.197032
vt 0.097757 0.246010
vt 0.097757 0.217330
vt 0.097757 0.360730
vt 0.059354 0.246010
vt 0.059354 0.217330
vt 0.059354 0.303370
vt 0.097757 0.274690
vt 0.059354 0.561491
vt 0.097757 0.590171
vt 0.059354 0.590171
vt 0.305948 0.332051
vt 0.305948 0.303370
vt 0.133329 0.045249
vt 0.471876 0.763801
vt 0.507841 0.832572
vt 0.675441 0.227865
vt 0.647292 0.228088
vt 0.097757 0.389411
vt 0.673615 0.041534
vt 0.648814 0.383363
vt 0.676659 0.352085
vt 0.676963 0.383140
vt 0.059354 0.418091
vt 0.097757 0.418091
vt 0.675746 0.258920
vt 0.097757 0.446771
vt 0.059354 0.446771
vt 0.097757 0.475451
vt 0.647901 0.290198
vt 0.676050 0.289975
vt 0.653989 0.911299
vt 0.682442 0.942131
vt 0.708212 0.910870
vt 0.681834 0.880021
vt 0.674224 0.103644
vt 0.700297 0.103438
vt 0.133329 0.676211
vt 0.097757 0.647531
vt 0.678485 0.538415
vt 0.650640 0.569693
vt 0.650336 0.538638
vt 0.059354 0.704891
vt 0.097757 0.676211
vt 0.097757 0.704891
vt 0.676355 0.321030
vt 0.097757 0.532811
vt 0.097757 0.561491
vt 0.649118 0.414418
vt 0.677572 0.445250
vt 0.649423 0.445473
vt 0.059354 0.475451
vt 0.648205 0.321253
vt 0.647597 0.259143
vt 0.059354 0.389411
vt 0.305948 0.704891
vt 0.305948 0.676211
vt 0.828043 0.226656
vt 0.827739 0.195601
vt 0.648510 0.352308
vt 0.059354 0.618851
vt 0.649727 0.476528
vt 0.677877 0.476305
vt 0.305948 0.504131
vt 0.213972 0.475451
vt 0.305948 0.475451
vt 0.651249 0.631803
vt 0.679094 0.600525
vt 0.305948 0.733571
vt 0.703950 0.476099
vt 0.363468 0.670763
vt 0.299715 0.664593
vt 0.305948 0.274690
vt 0.305948 0.762251
vt 0.213972 0.733571
vt 0.834131 0.847757
vt 0.097757 0.618851
vt 0.305948 0.532811
vt 0.059354 0.360730
vt 0.650032 0.507583
vt 0.833827 0.816702
vt 0.059354 0.963012
vt 0.097757 0.963012
vt 0.650945 0.600748
vt 0.678790 0.569470
vt 0.305948 0.905652
vt 0.305948 0.876972
vt 0.305948 0.188650
vt 0.677268 0.414195
vt 0.674528 0.134699
vt 0.678181 0.507360
vt 0.682138 0.911076
vt 0.832914 0.723537
vt 0.305948 0.418091
vt 0.305948 0.389411
vt 0.828957 0.319821
vt 0.830783 0.506152
vt 0.830479 0.475097
vt 0.830174 0.444042
vt 0.762452 0.413520
vt 0.829870 0.412987
vt 0.305948 0.446771
vt 0.829261 0.350877
vt 0.305948 0.848292
vt 0.832000 0.630372
vt 0.832305 0.661427
vt 0.703646 0.445044
vt 0.762757 0.444576
vt 0.305948 0.360730
vt 0.305948 0.217330
vt 0.305948 0.246010
vt 0.305948 0.647531
vt 0.213972 0.618851
vt 0.305948 0.618851
vt 0.305948 0.934332
vt 0.833522 0.785647
vt 0.305948 0.045249
vt 0.213972 0.045249
vt 0.827435 0.164546
vt 0.833218 0.754592
vt 0.827130 0.133491
vt 0.834740 0.909868
vt 0.767627 0.941457
vt 0.834436 0.878813
vt 0.386591 0.045249
vt 0.305948 0.073930
vt 0.221415 0.648542
vt 0.471876 0.742157
vt 0.507841 0.820284
vt 0.829565 0.381931
vt 0.624214 0.160959
vt 0.097757 0.504131
vt 0.059354 0.676211
vt 0.835044 0.940923
vt 0.200766 0.589344
vt 0.653684 0.880244
vt 0.059354 0.131290
vt 0.887763 0.288298
vt 0.887459 0.257243
vt 0.887154 0.226188
vt 0.889894 0.505684
vt 0.889589 0.474628
vt 0.386591 0.532811
vt 0.386591 0.561491
vt 0.885632 0.070912
vt 0.885328 0.039857
vt 0.386591 0.819611
vt 0.386591 0.217330
vt 0.386591 0.188650
vt 0.892938 0.816234
vt 0.893242 0.847289
vt 0.059354 0.274690
vt 0.890503 0.567794
vt 0.890807 0.598849
vt 0.891720 0.692014
vt 0.892025 0.723069
vt 0.386591 0.762251
vt 0.386591 0.790932
vt 0.386591 0.905652
vt 0.386591 0.934332
vt 0.892329 0.754124
vt 0.386591 0.647531
vt 0.386591 0.618851
vt 0.386591 0.733571
vt 0.059354 0.159970
vt 0.386591 0.131290
vt 0.386591 0.102610
vt 0.386591 0.159970
vt 0.229431 0.480648
vt 0.119815 0.543913
vt 0.095267 0.462737
vt 0.386591 0.704891
vt 0.386591 0.504131
vt 0.386591 0.475451
vt 0.889285 0.443574
vt 0.115711 0.648879
vt 0.386591 0.848292
vt 0.886850 0.195133
vt 0.886545 0.164078
vt 0.386591 0.446771
vt 0.386591 0.590171
vt 0.891111 0.629904
vt 0.886241 0.133023
vt 0.888981 0.412518
vt 0.888676 0.381463
vt 0.885937 0.101967
vt 0.386591 0.246010
vt 0.460566 0.418091
vt 0.422162 0.389411
vt 0.460566 0.389411
vt 0.894155 0.940454
vt 0.835349 0.971978
vt 0.913228 0.225981
vt 0.913532 0.257037
vt 0.386591 0.389411
vt 0.386591 0.360730
vt 0.892633 0.785179
vt 0.386591 0.876972
vt 0.893546 0.878344
vt 0.913836 0.288092
vt 0.386591 0.963012
vt 0.422162 0.418091
vt 0.386591 0.303370
vt 0.386591 0.274690
vt 0.646379 0.134922
vt 0.890198 0.536739
vt 0.941377 0.225758
vt 0.912924 0.194926
vt 0.941073 0.194703
vt 0.624323 0.161121
vt 0.386591 0.676211
vt 0.422162 0.360730
vt 0.460566 0.360731
vt 0.386591 0.332051
vt 0.422162 0.332051
vt 0.059354 0.102610
vt 0.386591 0.418091
vt 0.893851 0.909400
vt 0.912619 0.163871
vt 0.912315 0.132816
vt 0.460566 0.246010
vt 0.422162 0.217330
vt 0.460566 0.217330
vt 0.422162 0.274690
vt 0.422162 0.246010
vt 0.940160 0.101538
vt 0.911706 0.070706
vt 0.939855 0.070483
vt 0.919620 0.878138
vt 0.947769 0.877915
vt 0.919924 0.909193
vt 0.920229 0.940248
vt 0.894460 0.971510
vt 0.911401 0.039651
vt 0.939551 0.039428
vt 0.422162 0.303370
vt 0.386591 0.073930
vt 0.422162 0.131290
vt 0.422162 0.102610
vt 0.947465 0.846860
vt 0.919316 0.847083
vt 0.422162 0.934332
vt 0.460566 0.963012
vt 0.460566 0.934332
vt 0.940768 0.163648
vt 0.422162 0.188650
vt 0.947161 0.815805
vt 0.059354 0.504131
vt 0.059354 0.532811
vt 0.918707 0.784973
vt 0.460566 0.159970
vt 0.460566 0.131290
vt 0.946552 0.753695
vt 0.918402 0.753918
vt 0.422162 0.905652
vt 0.460566 0.332051
vt 0.460566 0.303370
vt 0.912010 0.101761
vt 0.460566 0.274690
vt 0.940464 0.132593
vt 0.917794 0.691807
vt 0.918098 0.722863
vt 0.422162 0.045249
vt 0.422162 0.876972
vt 0.422162 0.159970
vt 0.460566 0.905652
vt 0.919011 0.816028
vt 0.422162 0.790932
vt 0.422162 0.762251
vt 0.460566 0.762251
vt 0.422162 0.733571
vt 0.460566 0.733571
vt 0.945639 0.660529
vt 0.917185 0.629697
vt 0.945334 0.629474
vt 0.916880 0.598642
vt 0.945030 0.598419
vt 0.917489 0.660752
vt 0.891416 0.660959
vt 0.422162 0.704891
vt 0.945943 0.691585
vt 0.460566 0.790931
vt 0.422162 0.819611
vt 0.832609 0.692482
vt 0.305948 0.963012
vt 0.920533 0.971303
vt 0.498540 0.919916
vt 0.946247 0.722640
vt 0.059354 0.733571
vt 0.460566 0.102610
vt 0.460566 0.848292
vt 0.460566 0.819612
vt 0.422162 0.848292
vt 0.915967 0.505477
vt 0.422162 0.504131
vt 0.460566 0.561491
vt 0.422162 0.590171
vt 0.422162 0.561491
vt 0.422162 0.532811
vt 0.460566 0.532811
vt 0.914750 0.381257
vt 0.422162 0.618851
vt 0.422162 0.647531
vt 0.460566 0.504131
vt 0.914445 0.350202
vt 0.888372 0.350408
vt 0.422162 0.676211
vt 0.943812 0.474199
vt 0.915358 0.443367
vt 0.943508 0.443144
vt 0.422162 0.475451
vt 0.460566 0.618851
vt 0.460566 0.647531
vt 0.942595 0.349979
vt 0.914141 0.319147
vt 0.942290 0.318924
vt 0.888067 0.319353
vt 0.422162 0.446771
vt 0.460566 0.676211
vt 0.460566 0.475451
vt 0.460566 0.446771
vt 0.915663 0.474422
vt 0.460566 0.590171
vt 0.944117 0.505254
vt 0.916272 0.536532
vt 0.941986 0.287869
vt 0.916576 0.567587
vt 0.944725 0.567364
vt 0.943204 0.412089
vt 0.460566 0.704891
vt 0.915054 0.412312
vt 0.941682 0.256814
vt 0.460566 0.045249
vt 0.422162 0.073930
vt 0.460566 0.876972
vt 0.946856 0.784750
vt 0.460566 0.188650
vt 0.948378 0.940025
vt 0.948683 0.971080
vt 0.498540 0.947785
vt 0.624030 0.161164
vt 0.624030 0.161157
vt 0.624025 0.161165
vt 0.471876 0.917907
vt 0.471876 0.939552
vt 0.948074 0.908970
vt 0.498540 0.977873
vt 0.471876 0.962920
vt 0.624466 0.160741
vt 0.624440 0.160689
vt 0.624502 0.160702
vt 0.624356 0.160721
vt 0.624412 0.160730
vt 0.624209 0.161214
vt 0.624301 0.161334
vt 0.624230 0.161335
vt 0.624219 0.161213
vt 0.624233 0.161219
vt 0.623973 0.160957
vt 0.624200 0.161215
vt 0.623964 0.161053
vt 0.624071 0.160959
vt 0.623968 0.161054
vt 0.624341 0.160959
vt 0.624616 0.160738
vt 0.624668 0.160760
vt 0.624324 0.160952
vt 0.624561 0.160719
vt 0.624006 0.160957
vt 0.623959 0.161052
vt 0.624357 0.160967
vt 0.624380 0.160956
vt 0.624210 0.161148
vt 0.624238 0.161114
vt 0.624247 0.161140
vt 0.624039 0.160958
vt 0.624518 0.160756
vt 0.623976 0.161056
vt 0.623984 0.161053
vt 0.624038 0.161104
vt 0.624722 0.160861
vt 0.624757 0.160810
vt 0.624794 0.160839
vt 0.623972 0.161055
vt 0.623979 0.161051
vt 0.623974 0.161049
vt 0.624750 0.160888
vt 0.624825 0.160869
vt 0.624218 0.161219
vt 0.624256 0.161193
vt 0.624256 0.161220
vt 0.624218 0.161195
vt 0.624253 0.161166
vt 0.624216 0.161242
vt 0.624253 0.161247
vt 0.624371 0.160976
vt 0.624054 0.161217
vt 0.624247 0.161274
vt 0.624238 0.161300
vt 0.624039 0.161113
vt 0.624053 0.161123
vt 0.624039 0.161122
vt 0.623988 0.161056
vt 0.624052 0.161133
vt 0.624038 0.161131
vt 0.624789 0.160944
vt 0.624851 0.160901
vt 0.624870 0.160934
vt 0.624210 0.161266
vt 0.624772 0.160916
vt 0.624806 0.161004
vt 0.624883 0.160968
vt 0.624889 0.161002
vt 0.624800 0.160974
vt 0.624806 0.161034
vt 0.624889 0.161036
vt 0.624046 0.161233
vt 0.624227 0.161325
vt 0.624213 0.161349
vt 0.624050 0.161143
vt 0.624036 0.161140
vt 0.624051 0.161225
vt 0.624216 0.161171
vt 0.624213 0.161065
vt 0.624033 0.161148
vt 0.624227 0.161089
vt 0.624034 0.161248
vt 0.624052 0.161248
vt 0.624045 0.161256
vt 0.624040 0.161241
vt 0.624800 0.161064
vt 0.624883 0.161070
vt 0.624789 0.161094
vt 0.624870 0.161104
vt 0.623905 0.160755
vt 0.623921 0.160702
vt 0.623957 0.160741
vt 0.624019 0.161260
vt 0.623863 0.160718
vt 0.624027 0.161254
vt 0.623807 0.160737
vt 0.624851 0.161137
vt 0.624772 0.161122
vt 0.624370 0.161114
vt 0.624794 0.161199
vt 0.624757 0.161228
vt 0.624749 0.161150
vt 0.624722 0.161177
vt 0.624825 0.161169
vt 0.623756 0.160759
vt 0.624306 0.161144
vt 0.624263 0.161210
vt 0.624254 0.161214
vt 0.624324 0.161138
vt 0.624362 0.161143
vt 0.624124 0.160715
vt 0.624047 0.160679
vt 0.624112 0.160672
vt 0.624380 0.161133
vt 0.624356 0.161122
vt 0.624241 0.160712
vt 0.624178 0.160669
vt 0.624245 0.160669
vt 0.624182 0.160712
vt 0.624341 0.161131
vt 0.624238 0.161210
vt 0.624244 0.161216
vt 0.624067 0.160721
vt 0.623983 0.160689
vt 0.624035 0.161190
vt 0.623984 0.161251
vt 0.623977 0.161253
vt 0.624311 0.160672
vt 0.624299 0.160715
vt 0.624290 0.161114
vt 0.624262 0.161123
vt 0.624377 0.160679
vt 0.624229 0.161212
vt 0.624334 0.161000
vt 0.623998 0.161245
vt 0.623991 0.161248
vt 0.623963 0.161255
vt 0.624198 0.160958
vt 0.624010 0.161237
vt 0.624004 0.161241
vt 0.624348 0.161074
vt 0.624342 0.161082
vt 0.624011 0.160730
vt 0.624215 0.160959
vt 0.624231 0.160961
vt 0.624011 0.161135
vt 0.624009 0.161141
vt 0.624015 0.161232
vt 0.624353 0.161066
vt 0.624358 0.161040
vt 0.624358 0.161049
vt 0.624325 0.161096
vt 0.624356 0.161057
vt 0.624013 0.161121
vt 0.624013 0.161128
vt 0.624024 0.161222
vt 0.623998 0.161128
vt 0.624013 0.161115
vt 0.624027 0.161157
vt 0.624030 0.161209
vt 0.624353 0.161024
vt 0.624356 0.161032
vt 0.624303 0.161109
vt 0.624314 0.161103
vt 0.623977 0.161120
vt 0.623984 0.161122
vt 0.624348 0.161016
vt 0.624034 0.161196
vt 0.624032 0.161203
vt 0.624027 0.161216
vt 0.623991 0.161125
vt 0.624034 0.161176
vt 0.624342 0.161008
vt 0.624303 0.160981
vt 0.624314 0.160987
vt 0.624325 0.160993
vt 0.624032 0.161170
vt 0.623970 0.161119
vt 0.624198 0.161131
vt 0.623963 0.161118
vt 0.624334 0.161089
vt 0.624035 0.161183
vt 0.624290 0.160975
vt 0.624247 0.161126
vt 0.624276 0.160971
vt 0.624215 0.161130
vt 0.624247 0.160963
vt 0.624262 0.160967
vt 0.624231 0.161129
vt 0.624276 0.161119
vt 0.623970 0.161254
vt 0.624020 0.161227
vt 0.831392 0.568262
vt 0.624052 0.161248
vt 0.624849 0.160899
vt 0.623971 0.160957
vt 0.624612 0.160736
vt 0.624174 0.160669
vt 0.624381 0.161133
vt 0.624796 0.161197
vt 0.699689 0.041327
vt 0.410546 0.601097
vt 0.645466 0.041757
vt 0.059354 0.647531
vt 0.471876 0.718789
vt 0.422162 0.963012
vt 0.944421 0.536309
vt 0.942899 0.381034
vt 0.460566 0.073930
vt 0.657485 0.147830
vt 0.657840 0.148256
vt 0.657485 0.148362
vt 0.658432 0.148150
vt 0.658077 0.148043
vt 0.864177 0.629211
vt 0.888821 0.630599
vt 0.888821 0.573010
vt 0.643210 0.161611
vt 0.643249 0.161622
vt 0.643235 0.161633
vt 0.643193 0.161665
vt 0.643227 0.161647
vt 0.643225 0.161664
vt 0.642133 0.162779
vt 0.642156 0.162751
vt 0.642163 0.162765
vt 0.643099 0.163950
vt 0.643069 0.163978
vt 0.643065 0.163961
vt 0.644742 0.162300
vt 0.644768 0.162270
vt 0.644777 0.162298
vt 0.642965 0.164028
vt 0.643003 0.164011
vt 0.642988 0.164042
vt 0.643305 0.161690
vt 0.643349 0.161693
vt 0.643324 0.161717
vt 0.606904 0.391296
vt 0.640425 0.386001
vt 0.640475 0.391030
vt 0.604045 0.099593
vt 0.638034 0.142077
vt 0.604464 0.142343
vt 0.604809 0.177548
vt 0.638749 0.215003
vt 0.605178 0.215269
vt 0.638158 0.154650
vt 0.604587 0.154916
vt 0.639144 0.255237
vt 0.605573 0.255503
vt 0.603478 0.041756
vt 0.637615 0.099327
vt 0.734791 0.593988
vt 0.642027 0.549455
vt 0.642471 0.594719
vt 0.735333 0.649311
vt 0.643013 0.650042
vt 0.604685 0.164975
vt 0.638379 0.177282
vt 0.638256 0.164709
vt 0.734002 0.513518
vt 0.641313 0.476529
vt 0.641682 0.514250
vt 0.734125 0.526092
vt 0.641806 0.526823
vt 0.564878 0.099884
vt 0.582083 0.142520
vt 0.565298 0.142653
vt 0.607742 0.476795
vt 0.640943 0.438809
vt 0.734347 0.548724
vt 0.641929 0.539396
vt 0.565421 0.155226
vt 0.564312 0.042066
vt 0.581664 0.099771
vt 0.581097 0.041933
vt 0.590057 0.099704
vt 0.696167 0.649621
vt 0.712410 0.594165
vt 0.712952 0.649488
vt 0.657604 0.148788
vt 0.656893 0.148788
vt 0.864177 0.673939
vt 0.659380 0.147724
vt 0.658788 0.148469
vt 0.642184 0.162810
vt 0.642155 0.162798
vt 0.642175 0.162775
vt 0.642122 0.162755
vt 0.643102 0.163981
vt 0.643070 0.164032
vt 0.643043 0.164045
vt 0.643037 0.164015
vt 0.606854 0.386267
vt 0.639464 0.287928
vt 0.637048 0.041490
vt 0.607372 0.439075
vt 0.695625 0.594298
vt 0.976230 0.043617
vt 0.960187 0.043617
vt 0.973556 0.035595
vt 0.938796 0.027574
vt 0.925427 0.038269
vt 0.928101 0.024900
vt 0.968208 0.030248
vt 0.952165 0.032922
vt 0.960187 0.022226
vt 0.962162 0.085741
vt 0.996922 0.104458
vt 0.962162 0.163282
vt 0.992843 0.723545
vt 0.966007 0.678818
vt 0.992843 0.678818
vt 0.949492 0.054312
vt 0.941470 0.075703
vt 0.930775 0.067681
vt 0.889076 0.723545
vt 0.862240 0.678818
vt 0.889076 0.678818
vt 0.940960 0.678818
vt 0.914123 0.723545
vt 0.914123 0.678818
vt 0.957513 0.038269
vt 0.940960 0.723545
vt 0.944144 0.046291
vt 0.862240 0.723545
vt 0.837193 0.678818
vt 0.954839 0.059660
vt 0.938796 0.014205
vt 0.941470 0.038269
vt 0.946818 0.024900
vt 0.992273 0.065008
vt 0.981577 0.075703
vt 0.981577 0.062334
vt 0.952165 0.019552
vt 0.997620 0.035595
vt 0.981577 0.051638
vt 0.925427 0.054312
vt 0.930076 0.104458
vt 0.996922 0.144565
vt 0.837193 0.723545
vt 0.989599 0.022226
vt 0.981577 0.011531
vt 0.965534 0.051638
vt 0.968208 0.008857
vt 0.952165 0.008857
vt 0.966007 0.723545
vt 0.970882 0.056986
vt 0.997620 0.048965
vt 0.954839 0.081051
vt 0.930076 0.144565
vt 0.474641 0.309579
vt 0.462455 0.284218
vt 0.481881 0.287035
vt 0.590755 0.452215
vt 0.590550 0.446198
vt 0.593559 0.450632
vt 0.612550 0.295039
vt 0.605586 0.294312
vt 0.609711 0.291486
vt 0.582495 0.199687
vt 0.556238 0.172171
vt 0.573563 0.165335
vt 0.608818 0.283220
vt 0.607134 0.277452
vt 0.610459 0.279603
vt 0.578995 0.246610
vt 0.597281 0.254487
vt 0.584057 0.263682
vt 0.598365 0.193219
vt 0.596290 0.447931
vt 0.597578 0.443342
vt 0.599107 0.445124
vt 0.616720 0.297196
vt 0.609537 0.299710
vt 0.604182 0.268545
vt 0.610943 0.249857
vt 0.614591 0.266258
vt 0.487065 0.335094
vt 0.502220 0.352730
vt 0.482727 0.350854
vt 0.607694 0.304761
vt 0.600147 0.297610
vt 0.602697 0.297073
vt 0.603173 0.214884
vt 0.588008 0.221137
vt 0.511174 0.323097
vt 0.521164 0.340230
vt 0.506417 0.337829
vt 0.595453 0.273062
vt 0.541232 0.281505
vt 0.518757 0.288732
vt 0.545718 0.258304
vt 0.600468 0.281778
vt 0.598283 0.290514
vt 0.596593 0.281066
vt 0.567459 0.273011
vt 0.565688 0.264306
vt 0.581098 0.417887
vt 0.589493 0.402819
vt 0.595779 0.410308
vt 0.545016 0.347216
vt 0.550900 0.348194
vt 0.547531 0.350238
vt 0.620522 0.293138
vt 0.617908 0.290695
vt 0.619997 0.290802
vt 0.586633 0.310432
vt 0.581450 0.295613
vt 0.592497 0.303670
vt 0.564075 0.337974
vt 0.572010 0.344601
vt 0.563841 0.340551
vt 0.535878 0.345363
vt 0.528667 0.326058
vt 0.539299 0.336210
vt 0.542742 0.342977
vt 0.539358 0.349218
vt 0.548495 0.340132
vt 0.556859 0.336956
vt 0.556110 0.339520
vt 0.574616 0.351954
vt 0.576378 0.360095
vt 0.574819 0.359921
vt 0.617482 0.279223
vt 0.613120 0.276808
vt 0.616582 0.275181
vt 0.562018 0.358564
vt 0.559318 0.356259
vt 0.561651 0.355396
vt 0.615952 0.289894
vt 0.618224 0.288567
vt 0.551869 0.351487
vt 0.549838 0.353041
vt 0.580761 0.316712
vt 0.565525 0.313741
vt 0.570720 0.307724
vt 0.622785 0.303107
vt 0.615310 0.306523
vt 0.615723 0.302933
vt 0.549058 0.301374
vt 0.548164 0.287657
vt 0.554865 0.293609
vt 0.545133 0.309766
vt 0.547337 0.336391
vt 0.608454 0.271554
vt 0.610926 0.273636
vt 0.552864 0.311849
vt 0.555345 0.342935
vt 0.549682 0.344251
vt 0.561452 0.343718
vt 0.573025 0.227797
vt 0.561092 0.211898
vt 0.566563 0.206293
vt 0.527684 0.183693
vt 0.534378 0.202890
vt 0.522158 0.187053
vt 0.544582 0.241392
vt 0.564427 0.249175
vt 0.552277 0.271463
vt 0.533205 0.501808
vt 0.505329 0.505604
vt 0.513979 0.487995
vt 0.553560 0.362633
vt 0.553032 0.360363
vt 0.554061 0.360760
vt 0.557266 0.471157
vt 0.547559 0.451337
vt 0.565416 0.455382
vt 0.557089 0.279354
vt 0.547988 0.357220
vt 0.544357 0.360554
vt 0.543904 0.356795
vt 0.547889 0.488470
vt 0.539212 0.481644
vt 0.522586 0.469803
vt 0.546160 0.363913
vt 0.550628 0.363532
vt 0.549053 0.366560
vt 0.526890 0.453455
vt 0.535789 0.441815
vt 0.547110 0.571338
vt 0.536652 0.549807
vt 0.552278 0.559401
vt 0.559208 0.428052
vt 0.564801 0.416585
vt 0.568832 0.423688
vt 0.485460 0.535304
vt 0.520961 0.539833
vt 0.515618 0.555189
vt 0.586017 0.454371
vt 0.585814 0.447092
vt 0.526878 0.429913
vt 0.537511 0.508333
vt 0.561323 0.497809
vt 0.551886 0.517806
vt 0.566233 0.527136
vt 0.589561 0.435038
vt 0.595644 0.432949
vt 0.593695 0.436780
vt 0.582792 0.488763
vt 0.575020 0.506787
vt 0.596975 0.424895
vt 0.603524 0.428647
vt 0.599064 0.429997
vt 0.525545 0.520655
vt 0.540077 0.370079
vt 0.533825 0.366421
vt 0.537973 0.363322
vt 0.461961 0.365776
vt 0.427804 0.382214
vt 0.426642 0.363691
vt 0.550924 0.443153
vt 0.578316 0.448332
vt 0.587433 0.425220
vt 0.596103 0.419639
vt 0.589821 0.426213
vt 0.601455 0.435642
vt 0.598017 0.435501
vt 0.600336 0.433491
vt 0.584829 0.440740
vt 0.584304 0.431801
vt 0.586528 0.433284
vt 0.603830 0.419323
vt 0.612234 0.419724
vt 0.611611 0.421225
vt 0.505342 0.383501
vt 0.518411 0.368622
vt 0.523044 0.383942
vt 0.460708 0.348744
vt 0.518240 0.354281
vt 0.534872 0.355903
vt 0.483987 0.367145
vt 0.424089 0.449897
vt 0.447755 0.476719
vt 0.439083 0.481841
vt 0.541980 0.435003
vt 0.534820 0.425204
vt 0.526801 0.402487
vt 0.518025 0.401507
vt 0.561897 0.286924
vt 0.569783 0.282030
vt 0.450218 0.412373
vt 0.466963 0.389812
vt 0.469795 0.413283
vt 0.551798 0.361875
vt 0.548951 0.361630
vt 0.550525 0.360590
vt 0.572765 0.289483
vt 0.739689 0.477287
vt 0.737776 0.454069
vt 0.752473 0.467058
vt 0.576115 0.301871
vt 0.553080 0.364764
vt 0.552826 0.368121
vt 0.489862 0.414501
vt 0.503312 0.398079
vt 0.506248 0.418600
vt 0.563339 0.388113
vt 0.552419 0.396094
vt 0.559953 0.379098
vt 0.556724 0.403012
vt 0.544000 0.402445
vt 0.560646 0.409864
vt 0.546450 0.409079
vt 0.604175 0.416112
vt 0.557520 0.361867
vt 0.557040 0.359295
vt 0.558911 0.360260
vt 0.542496 0.420650
vt 0.538289 0.411963
vt 0.540983 0.297498
vt 0.536042 0.403016
vt 0.559940 0.319738
vt 0.767188 0.528682
vt 0.755777 0.492459
vt 0.781507 0.516819
vt 0.569162 0.329740
vt 0.529657 0.414227
vt 0.535417 0.376018
vt 0.571100 0.352733
vt 0.567229 0.346994
vt 0.520719 0.416388
vt 0.584362 0.395666
vt 0.567941 0.395643
vt 0.580365 0.387858
vt 0.548107 0.428509
vt 0.554893 0.434775
vt 0.572130 0.403014
vt 0.548602 0.355026
vt 0.555999 0.364953
vt 0.557104 0.368240
vt 0.575173 0.323194
vt 0.805185 0.513485
vt 0.795430 0.504911
vt 0.580911 0.440720
vt 0.568968 0.374169
vt 0.575937 0.368765
vt 0.576915 0.378871
vt 0.560223 0.376538
vt 0.552705 0.378701
vt 0.552470 0.376049
vt 0.543292 0.377400
vt 0.554521 0.350745
vt 0.545147 0.373973
vt 0.540696 0.361636
vt 0.537725 0.356183
vt 0.540149 0.356423
vt 0.552708 0.353348
vt 0.706122 0.440214
vt 0.699135 0.438102
vt 0.705571 0.435028
vt 0.576649 0.410209
vt 0.561319 0.366655
vt 0.561021 0.361582
vt 0.564628 0.363400
vt 0.667268 0.416767
vt 0.678803 0.429569
vt 0.669776 0.433288
vt 0.566329 0.359001
vt 0.569683 0.366089
vt 0.564783 0.370908
vt 0.614195 0.284413
vt 0.613542 0.281574
vt 0.615050 0.282772
vt 0.703775 0.484344
vt 0.700986 0.505478
vt 0.686729 0.496298
vt 0.552382 0.372561
vt 0.713070 0.472847
vt 0.715044 0.453055
vt 0.725600 0.463687
vt 0.547103 0.370178
vt 0.717434 0.493308
vt 0.715660 0.519323
vt 0.472237 0.220425
vt 0.443856 0.242345
vt 0.464672 0.213739
vt 0.543119 0.366377
vt 0.535926 0.308528
vt 0.734773 0.505284
vt 0.729767 0.533013
vt 0.454360 0.308091
vt 0.469759 0.315679
vt 0.434713 0.309631
vt 0.558505 0.372980
vt 0.465167 0.332252
vt 0.429956 0.412824
vt 0.446788 0.387437
vt 0.414654 0.415447
vt 0.431444 0.419098
vt 0.491834 0.319461
vt 0.485695 0.383383
vt 0.463330 0.382904
vt 0.442612 0.279938
vt 0.742316 0.503204
vt 0.430074 0.327617
vt 0.487494 0.394256
vt 0.495673 0.309113
vt 0.720277 0.577899
vt 0.737742 0.551355
vt 0.751948 0.561116
vt 0.411805 0.379488
vt 0.527095 0.307808
vt 0.511960 0.308370
vt 0.501854 0.289648
vt 0.412859 0.344184
vt 0.425780 0.345412
vt 0.580763 0.341520
vt 0.445264 0.274048
vt 0.428056 0.274465
vt 0.602624 0.275688
vt 0.571955 0.359603
vt 0.572918 0.367550
vt 0.615047 0.309792
vt 0.605637 0.313937
vt 0.541706 0.351407
vt 0.545092 0.353191
vt 0.600758 0.289463
vt 0.418468 0.309292
vt 0.557123 0.191905
vt 0.615217 0.269076
vt 0.532587 0.293663
vt 0.593095 0.240079
vt 0.621508 0.297433
vt 0.607435 0.234073
vt 0.608493 0.287338
vt 0.604727 0.282473
vt 0.587926 0.146153
vt 0.553894 0.156054
vt 0.520449 0.169900
vt 0.539555 0.221856
vt 0.563193 0.232879
vt 0.556553 0.305779
vt 0.561486 0.299498
vt 0.615751 0.271471
vt 0.604083 0.288293
vt 0.591483 0.326437
vt 0.585833 0.333309
vt 0.554918 0.347392
vt 0.557418 0.351124
vt 0.616537 0.284208
vt 0.616027 0.285166
vt 0.577882 0.351366
vt 0.598023 0.320134
vt 0.612529 0.289400
vt 0.565563 0.354345
vt 0.615380 0.280097
vt 0.616344 0.281592
vt 0.617877 0.280936
vt 0.649326 0.422842
vt 0.644134 0.438915
vt 0.640393 0.424536
vt 0.649374 0.490693
vt 0.637949 0.480560
vt 0.650080 0.481466
vt 0.691509 0.440748
vt 0.692774 0.437020
vt 0.641324 0.471870
vt 0.650596 0.472496
vt 0.614370 0.440954
vt 0.610708 0.437931
vt 0.614122 0.436414
vt 0.711914 0.326208
vt 0.714398 0.324754
vt 0.713688 0.327202
vt 0.650371 0.463775
vt 0.660230 0.471171
vt 0.655566 0.450389
vt 0.647744 0.452020
vt 0.606640 0.444128
vt 0.604657 0.442986
vt 0.605562 0.442486
vt 0.639749 0.454017
vt 0.623093 0.448377
vt 0.625698 0.441524
vt 0.658185 0.420417
vt 0.783799 0.328195
vt 0.807851 0.337888
vt 0.790236 0.347488
vt 0.619361 0.441048
vt 0.620471 0.447792
vt 0.617091 0.446811
vt 0.678382 0.484182
vt 0.684384 0.470137
vt 0.691146 0.475911
vt 0.613191 0.451157
vt 0.610954 0.457869
vt 0.608330 0.453823
vt 0.709187 0.389253
vt 0.722749 0.389291
vt 0.706567 0.398580
vt 0.800830 0.307707
vt 0.775489 0.302213
vt 0.794815 0.291653
vt 0.665986 0.460271
vt 0.669506 0.468253
vt 0.752905 0.296904
vt 0.769732 0.286956
vt 0.658284 0.462501
vt 0.711013 0.430335
vt 0.704957 0.431862
vt 0.709187 0.428708
vt 0.613153 0.495234
vt 0.617932 0.515606
vt 0.606990 0.513969
vt 0.615656 0.591686
vt 0.624331 0.576787
vt 0.651464 0.593327
vt 0.680520 0.427606
vt 0.681576 0.420346
vt 0.684342 0.426437
vt 0.646998 0.505218
vt 0.634295 0.488661
vt 0.630636 0.538384
vt 0.638007 0.519601
vt 0.617882 0.576269
vt 0.588004 0.568858
vt 0.598850 0.552356
vt 0.569973 0.564235
vt 0.580451 0.583279
vt 0.606890 0.450156
vt 0.603047 0.454703
vt 0.603121 0.450866
vt 0.599635 0.535171
vt 0.590956 0.510597
vt 0.612955 0.445033
vt 0.610310 0.448183
vt 0.597911 0.492282
vt 0.589175 0.473940
vt 0.602934 0.478168
vt 0.603835 0.457825
vt 0.595787 0.458536
vt 0.596923 0.455890
vt 0.607350 0.533836
vt 0.618964 0.457022
vt 0.615228 0.464154
vt 0.643247 0.464064
vt 0.713163 0.432249
vt 0.623706 0.431329
vt 0.620643 0.422942
vt 0.630678 0.425093
vt 0.687118 0.420017
vt 0.691101 0.416802
vt 0.690852 0.419941
vt 0.605544 0.446785
vt 0.610870 0.441022
vt 0.635434 0.441037
vt 0.554552 0.422720
vt 0.550079 0.416147
vt 0.503492 0.368152
vt 0.598898 0.438754
vt 0.596701 0.440928
vt 0.596786 0.438164
vt 0.599382 0.450160
vt 0.597887 0.453643
vt 0.569857 0.480193
vt 0.459825 0.510395
vt 0.576648 0.466855
vt 0.589121 0.440845
vt 0.593257 0.440865
vt 0.594199 0.444705
vt 0.495150 0.523152
vt 0.543484 0.465912
vt 0.567156 0.293862
vt 0.490368 0.518818
vt 0.592134 0.429437
vt 0.730138 0.322669
vt 0.739077 0.305089
vt 0.744997 0.318128
vt 0.750349 0.518400
vt 0.710611 0.339075
vt 0.705402 0.334568
vt 0.709864 0.334209
vt 0.817691 0.304802
vt 0.832625 0.292051
vt 0.726631 0.487167
vt 0.758285 0.311383
vt 0.777166 0.358127
vt 0.763329 0.377107
vt 0.763154 0.362268
vt 0.725699 0.443375
vt 0.603318 0.445152
vt 0.601024 0.446374
vt 0.601724 0.444769
vt 0.843638 0.320604
vt 0.694242 0.432966
vt 0.691838 0.427313
vt 0.695583 0.429037
vt 0.699790 0.433312
vt 0.699532 0.429368
vt 0.759278 0.347681
vt 0.702865 0.420859
vt 0.703291 0.423423
vt 0.701993 0.422247
vt 0.763111 0.326038
vt 0.747294 0.333940
vt 0.780166 0.538490
vt 0.739307 0.416508
vt 0.747220 0.399286
vt 0.753733 0.405258
vt 0.706357 0.426185
vt 0.711825 0.424153
vt 0.664228 0.488999
vt 0.858036 0.421350
vt 0.854641 0.385837
vt 0.864640 0.386783
vt 0.722267 0.315063
vt 0.721890 0.321255
vt 0.720177 0.316305
vt 0.778069 0.467172
vt 0.761034 0.453116
vt 0.719050 0.409835
vt 0.733307 0.389149
vt 0.740068 0.393396
vt 0.803074 0.458539
vt 0.787022 0.452496
vt 0.788140 0.444771
vt 0.743350 0.548132
vt 0.745828 0.440821
vt 0.734018 0.431648
vt 0.720227 0.424333
vt 0.769203 0.438962
vt 0.805454 0.489591
vt 0.769078 0.481708
vt 0.753371 0.427301
vt 0.815377 0.473907
vt 0.826734 0.485492
vt 0.717323 0.417672
vt 0.715031 0.424395
vt 0.692696 0.388663
vt 0.799639 0.424122
vt 0.774145 0.429106
vt 0.784140 0.411344
vt 0.695332 0.340292
vt 0.692852 0.332716
vt 0.697632 0.337604
vt 0.763605 0.416703
vt 0.773318 0.398394
vt 0.814931 0.436352
vt 0.684084 0.434667
vt 0.686211 0.433019
vt 0.711893 0.345206
vt 0.701680 0.344562
vt 0.710567 0.343010
vt 0.704078 0.339863
vt 0.754157 0.364107
vt 0.754152 0.376221
vt 0.845491 0.454716
vt 0.834053 0.441927
vt 0.780821 0.317608
vt 0.736201 0.359538
vt 0.724932 0.365438
vt 0.725893 0.357362
vt 0.745279 0.375361
vt 0.736796 0.366574
vt 0.745398 0.365722
vt 0.688854 0.430690
vt 0.743633 0.356681
vt 0.751757 0.352284
vt 0.724287 0.373301
vt 0.736512 0.374505
vt 0.673802 0.476141
vt 0.677625 0.463725
vt 0.712199 0.403204
vt 0.830047 0.251381
vt 0.825842 0.274829
vt 0.818894 0.257952
vt 0.696740 0.370443
vt 0.711660 0.363499
vt 0.710983 0.371958
vt 0.712642 0.354757
vt 0.697132 0.361609
vt 0.696468 0.352116
vt 0.700661 0.423276
vt 0.700349 0.420733
vt 0.701364 0.327568
vt 0.704893 0.327802
vt 0.703543 0.329878
vt 0.718116 0.321825
vt 0.714213 0.322430
vt 0.713668 0.332285
vt 0.709460 0.330779
vt 0.712003 0.329367
vt 0.703260 0.428410
vt 0.701054 0.333041
vt 0.689085 0.335028
vt 0.690411 0.334212
vt 0.693129 0.342660
vt 0.723097 0.334308
vt 0.718267 0.341778
vt 0.717357 0.339286
vt 0.726034 0.328633
vt 0.726229 0.336623
vt 0.676265 0.419468
vt 0.675496 0.410520
vt 0.678488 0.411941
vt 0.732782 0.332033
vt 0.724729 0.313603
vt 0.725069 0.321626
vt 0.715957 0.336101
vt 0.719717 0.331707
vt 0.716412 0.329267
vt 0.672554 0.457489
vt 0.721708 0.326575
vt 0.717906 0.325637
vt 0.662195 0.479937
vt 0.610474 0.423957
vt 0.618527 0.425470
vt 0.616115 0.428157
vt 0.771123 0.338348
vt 0.652588 0.437164
vt 0.663336 0.448514
vt 0.800470 0.315486
vt 0.825150 0.328775
vt 0.671421 0.446897
vt 0.660988 0.435104
vt 0.700602 0.460150
vt 0.697943 0.445635
vt 0.619017 0.478443
vt 0.616239 0.454193
vt 0.684391 0.579018
vt 0.686602 0.588881
vt 0.605541 0.462744
vt 0.582865 0.531193
vt 0.623314 0.440480
vt 0.626468 0.501673
vt 0.623715 0.556788
vt 0.788741 0.275732
vt 0.619279 0.434366
vt 0.627633 0.156340
vt 0.615479 0.192367
vt 0.609049 0.157467
vt 0.689221 0.400207
vt 0.681817 0.404111
vt 0.687546 0.397443
vt 0.712665 0.418873
vt 0.632706 0.191615
vt 0.619559 0.214132
vt 0.638501 0.233388
vt 0.625275 0.248263
vt 0.622967 0.233442
vt 0.697792 0.402341
vt 0.704829 0.400492
vt 0.704108 0.404394
vt 0.708214 0.422865
vt 0.705122 0.419271
vt 0.708740 0.419071
vt 0.635948 0.213826
vt 0.624977 0.263923
vt 0.709949 0.380414
vt 0.695207 0.379265
vt 0.760331 0.391649
vt 0.723379 0.381150
vt 0.831580 0.447871
vt 0.743542 0.384849
vt 0.751842 0.388121
vt 0.724611 0.415612
vt 0.735255 0.382349
vt 0.689430 0.411078
vt 0.690952 0.403321
vt 0.693443 0.408517
vt 0.698067 0.407848
vt 0.694515 0.144318
vt 0.664793 0.155421
vt 0.659093 0.139165
vt 0.640032 0.194380
vt 0.660418 0.174928
vt 0.663746 0.194293
vt 0.696349 0.397214
vt 0.647002 0.214269
vt 0.667456 0.214107
vt 0.652781 0.229546
vt 0.673580 0.229898
vt 0.642853 0.305579
vt 0.640927 0.288507
vt 0.650421 0.290765
vt 0.710818 0.405491
vt 0.708820 0.408369
vt 0.629405 0.269721
vt 0.622388 0.268451
vt 0.715520 0.411514
vt 0.711686 0.413431
vt 0.590745 0.158865
vt 0.621035 0.271380
vt 0.623984 0.276569
vt 0.620400 0.275174
vt 0.626077 0.273222
vt 0.626992 0.279142
vt 0.619542 0.280848
vt 0.618428 0.283111
vt 0.633420 0.281734
vt 0.629672 0.287007
vt 0.629022 0.282731
vt 0.624150 0.281093
vt 0.622039 0.279645
vt 0.629085 0.299926
vt 0.625739 0.295172
vt 0.633312 0.294384
vt 0.628604 0.291438
vt 0.657016 0.278798
vt 0.639615 0.281291
vt 0.662285 0.269573
vt 0.637117 0.298168
vt 0.638392 0.289100
vt 0.635176 0.174591
vt 0.641143 0.250984
vt 0.634768 0.264327
vt 0.630984 0.302986
vt 0.724078 0.164545
vt 0.728103 0.155299
vt 0.637132 0.272028
vt 0.633933 0.274311
vt 0.636928 0.281387
vt 0.634606 0.287822
vt 0.630375 0.276741
vt 0.660136 0.252412
vt 0.632609 0.305815
vt 0.623466 0.291762
vt 0.619766 0.279101
vt 0.622948 0.140748
vt 0.621880 0.289802
vt 0.658047 0.243780
vt 0.623881 0.286164
vt 0.625687 0.283399
vt 0.626235 0.286304
vt 0.673214 0.244586
vt 0.658368 0.154713
vt 0.687462 0.249000
vt 0.710858 0.246023
vt 0.660902 0.311103
vt 0.658587 0.294424
vt 0.666570 0.297653
vt 0.688821 0.424226
vt 0.687289 0.415336
vt 0.664498 0.282216
vt 0.671869 0.285238
vt 0.710657 0.327659
vt 0.706790 0.328658
vt 0.706429 0.331033
vt 0.692013 0.422793
vt 0.694147 0.424818
vt 0.696743 0.425785
vt 0.699315 0.425724
vt 0.672200 0.253765
vt 0.683792 0.257504
vt 0.669222 0.271166
vt 0.676746 0.273870
vt 0.681816 0.413373
vt 0.680247 0.265732
vt 0.671048 0.262656
vt 0.652337 0.307951
vt 0.661838 0.261560
vt 0.766576 0.249674
vt 0.759143 0.274546
vt 0.748216 0.262430
vt 0.786875 0.194784
vt 0.771138 0.201674
vt 0.759022 0.172399
vt 0.759885 0.218136
vt 0.759582 0.246223
vt 0.743504 0.228894
vt 0.726541 0.239703
vt 0.725321 0.260914
vt 0.807496 0.243687
vt 0.777736 0.262713
vt 0.712150 0.305267
vt 0.719354 0.304513
vt 0.717846 0.309465
vt 0.810244 0.222224
vt 0.795705 0.229390
vt 0.677167 0.320174
vt 0.682636 0.304534
vt 0.690740 0.309815
vt 0.742804 0.285210
vt 0.717707 0.283986
vt 0.703701 0.271198
vt 0.711391 0.266811
vt 0.777293 0.236303
vt 0.730488 0.293627
vt 0.705213 0.301267
vt 0.689793 0.281402
vt 0.695905 0.276230
vt 0.707586 0.318830
vt 0.710018 0.317336
vt 0.709371 0.319105
vt 0.702997 0.322242
vt 0.702378 0.318858
vt 0.704083 0.320450
vt 0.700358 0.324560
vt 0.702838 0.324359
vt 0.707007 0.313431
vt 0.704837 0.317271
vt 0.703042 0.314420
vt 0.732267 0.273902
vt 0.699526 0.316875
vt 0.700709 0.321436
vt 0.697083 0.320670
vt 0.713406 0.320306
vt 0.714349 0.315474
vt 0.716938 0.318227
vt 0.704911 0.324017
vt 0.740366 0.254696
vt 0.679130 0.288489
vt 0.674405 0.301168
vt 0.801263 0.749098
vt 0.797357 0.758864
vt 0.797357 0.749098
vt 0.791498 0.758864
vt 0.787591 0.749098
vt 0.791498 0.749098
vt 0.887201 0.758864
vt 0.857904 0.782301
vt 0.857904 0.758864
vt 0.787591 0.743239
vt 0.756341 0.731520
vt 0.787591 0.731520
vt 0.947748 0.758864
vt 0.914544 0.782301
vt 0.914544 0.758864
vt 0.715326 0.758864
vt 0.721185 0.782301
vt 0.715326 0.782301
vt 0.700432 0.256341
vt 0.688795 0.270301
vt 0.654779 0.749098
vt 0.684076 0.758864
vt 0.654779 0.758864
vt 0.654779 0.731520
vt 0.625482 0.743239
vt 0.625482 0.731520
vt 0.711420 0.749098
vt 0.711420 0.758864
vt 0.598138 0.758864
vt 0.605951 0.782301
vt 0.598138 0.782301
vt 0.776022 0.205881
vt 0.687189 0.326968
vt 0.683984 0.327841
vt 0.725091 0.749098
vt 0.721185 0.758864
vt 0.721185 0.749098
vt 0.791498 0.743239
vt 0.791498 0.731520
vt 0.615716 0.731520
vt 0.605951 0.743239
vt 0.605951 0.731520
vt 0.826654 0.782301
vt 0.826654 0.758864
vt 0.797357 0.731520
vt 0.615716 0.743239
vt 0.686737 0.291549
vt 0.904779 0.782301
vt 0.904779 0.758864
vt 0.684076 0.731520
vt 0.711420 0.743239
vt 0.684076 0.743239
vt 0.691741 0.319326
vt 0.692052 0.312047
vt 0.695565 0.313892
vt 0.705751 0.305135
vt 0.696837 0.305813
vt 0.598138 0.743239
vt 0.598138 0.731520
vt 0.896966 0.782301
vt 0.896966 0.758864
vt 0.801263 0.731520
vt 0.797357 0.743239
vt 0.605951 0.758864
vt 0.615716 0.782301
vt 0.711893 0.310054
vt 0.716653 0.312435
vt 0.725091 0.743239
vt 0.725091 0.731520
vt 0.562982 0.731520
vt 0.562982 0.743239
vt 0.694459 0.263367
vt 0.857904 0.743239
vt 0.826654 0.731520
vt 0.857904 0.731520
vt 0.801263 0.743239
vt 0.562982 0.758864
vt 0.562982 0.782301
vt 0.787591 0.758864
vt 0.756341 0.749098
vt 0.686395 0.319210
vt 0.791498 0.782301
vt 0.700754 0.310577
vt 0.706428 0.309358
vt 0.887201 0.749098
vt 0.896966 0.749098
vt 0.684076 0.782301
vt 0.654779 0.782301
vt 0.711420 0.731520
vt 0.715326 0.743239
vt 0.896966 0.743239
vt 0.887201 0.731520
vt 0.896966 0.731520
vt 0.625482 0.758864
vt 0.625482 0.782301
vt 0.710907 0.313842
vt 0.712391 0.297715
vt 0.887201 0.743239
vt 0.690694 0.326167
vt 0.654779 0.743239
vt 0.857904 0.749098
vt 0.826654 0.749098
vt 0.992669 0.749098
vt 0.947748 0.749098
vt 0.625482 0.749098
vt 0.615716 0.758864
vt 0.615716 0.749098
vt 0.801263 0.758864
vt 0.669073 0.314934
vt 0.904779 0.749098
vt 0.914544 0.749098
vt 0.520013 0.758864
vt 0.520013 0.782301
vt 0.683877 0.277469
vt 0.711420 0.782301
vt 0.756341 0.758864
vt 0.725091 0.782301
vt 0.725091 0.758864
vt 0.992669 0.758864
vt 0.947748 0.782301
vt 0.797357 0.782301
vt 0.787591 0.782301
vt 0.698606 0.307815
vt 0.801263 0.782301
vt 0.756341 0.743239
vt 0.598138 0.749098
vt 0.562982 0.749098
vt 0.887201 0.782301
vt 0.605951 0.749098
vt 0.947748 0.743239
vt 0.914544 0.743239
vt 0.684076 0.749098
vt 0.826654 0.743239
vt 0.697666 0.329800
vt 0.696379 0.325267
vt 0.715326 0.749098
vt 0.520013 0.743239
vt 0.520013 0.749098
vt 0.721185 0.743239
vt 0.721185 0.731520
vt 0.715326 0.731520
vt 0.992669 0.743239
vt 0.904779 0.743239
vt 0.904779 0.731520
vt 0.914544 0.731520
vt 0.947763 0.731520
vt 0.992669 0.731520
vt 0.520013 0.731520
vt 0.650519 0.364949
vt 0.648957 0.363127
vt 0.650282 0.362862
vt 0.648445 0.361303
vt 0.648798 0.358944
vt 0.649688 0.360836
vt 0.650443 0.367020
vt 0.649206 0.364997
vt 0.650030 0.358257
vt 0.688950 0.342810
vt 0.651012 0.360343
vt 0.654501 0.364989
vt 0.651829 0.367179
vt 0.651934 0.364926
vt 0.654434 0.363487
vt 0.651721 0.362581
vt 0.644780 0.361206
vt 0.647661 0.359588
vt 0.684617 0.364094
vt 0.654371 0.367468
vt 0.650050 0.369055
vt 0.649115 0.366868
vt 0.645373 0.362448
vt 0.638609 0.353632
vt 0.636663 0.352245
vt 0.638761 0.352296
vt 0.648305 0.372873
vt 0.648114 0.370477
vt 0.649349 0.371035
vt 0.691116 0.347996
vt 0.648781 0.368710
vt 0.651425 0.369398
vt 0.653535 0.371367
vt 0.650693 0.371636
vt 0.653939 0.369916
vt 0.647016 0.374525
vt 0.647200 0.372140
vt 0.683031 0.377748
vt 0.680667 0.383932
vt 0.648052 0.375489
vt 0.682401 0.399524
vt 0.678713 0.403764
vt 0.646049 0.373640
vt 0.644462 0.370323
vt 0.640617 0.348557
vt 0.641215 0.351360
vt 0.638931 0.350848
vt 0.636729 0.353563
vt 0.634598 0.352515
vt 0.685710 0.394972
vt 0.649495 0.373672
vt 0.650440 0.320120
vt 0.644362 0.349827
vt 0.642058 0.348951
vt 0.645597 0.367834
vt 0.645880 0.366496
vt 0.634321 0.351136
vt 0.631603 0.309501
vt 0.636597 0.350840
vt 0.643314 0.352144
vt 0.642742 0.353407
vt 0.640807 0.352706
vt 0.643834 0.355492
vt 0.642194 0.354617
vt 0.625168 0.360051
vt 0.625731 0.362387
vt 0.624456 0.362031
vt 0.646206 0.355664
vt 0.646593 0.358036
vt 0.645300 0.356662
vt 0.637177 0.309040
vt 0.644547 0.354398
vt 0.631687 0.377652
vt 0.633254 0.379735
vt 0.631093 0.378926
vt 0.645291 0.353202
vt 0.647798 0.351806
vt 0.647185 0.354575
vt 0.646548 0.350980
vt 0.647627 0.357215
vt 0.645911 0.365125
vt 0.662905 0.325793
vt 0.668054 0.329922
vt 0.683442 0.333035
vt 0.686344 0.337839
vt 0.644033 0.360063
vt 0.622187 0.357115
vt 0.625045 0.357419
vt 0.623842 0.359434
vt 0.625350 0.364228
vt 0.624056 0.364077
vt 0.680129 0.328498
vt 0.648748 0.356332
vt 0.598233 0.338969
vt 0.624562 0.353943
vt 0.623011 0.355865
vt 0.642035 0.358222
vt 0.640852 0.357568
vt 0.622660 0.363903
vt 0.582293 0.353527
vt 0.623100 0.361650
vt 0.626445 0.355660
vt 0.628881 0.363282
vt 0.626202 0.358229
vt 0.628976 0.355180
vt 0.628460 0.357497
vt 0.627473 0.356598
vt 0.626394 0.360617
vt 0.630054 0.360801
vt 0.629368 0.361995
vt 0.627508 0.351284
vt 0.615338 0.313459
vt 0.629954 0.352720
vt 0.632601 0.353103
vt 0.631367 0.355153
vt 0.630692 0.353985
vt 0.583591 0.348097
vt 0.629803 0.356197
vt 0.640455 0.353962
vt 0.628064 0.354103
vt 0.645146 0.369131
vt 0.626335 0.352221
vt 0.634867 0.353788
vt 0.633069 0.354335
vt 0.607470 0.328916
vt 0.612973 0.325315
vt 0.620654 0.311717
vt 0.626095 0.310444
vt 0.634234 0.357379
vt 0.629119 0.374374
vt 0.629865 0.376644
vt 0.628207 0.375359
vt 0.627292 0.358959
vt 0.632102 0.351768
vt 0.624505 0.377271
vt 0.625678 0.374660
vt 0.627213 0.376423
vt 0.632994 0.357967
vt 0.630878 0.359699
vt 0.630593 0.375543
vt 0.626816 0.371459
vt 0.626802 0.373817
vt 0.625659 0.372109
vt 0.599834 0.394400
vt 0.622240 0.374033
vt 0.623576 0.376101
vt 0.608716 0.414161
vt 0.629085 0.377814
vt 0.624452 0.372787
vt 0.632393 0.372826
vt 0.632227 0.376467
vt 0.603945 0.411233
vt 0.630395 0.370993
vt 0.631317 0.371999
vt 0.624205 0.368243
vt 0.626012 0.369783
vt 0.624792 0.370244
vt 0.629636 0.369877
vt 0.627829 0.373015
vt 0.623978 0.366157
vt 0.625523 0.367976
vt 0.623487 0.370767
vt 0.620645 0.370414
vt 0.622773 0.368540
vt 0.625293 0.366106
vt 0.639847 0.378587
vt 0.642294 0.379355
vt 0.640124 0.379951
vt 0.641383 0.376789
vt 0.641485 0.373137
vt 0.643083 0.375972
vt 0.641835 0.378019
vt 0.644457 0.378431
vt 0.643745 0.377150
vt 0.646366 0.377067
vt 0.635854 0.377447
vt 0.637796 0.378842
vt 0.635705 0.378788
vt 0.637732 0.377534
vt 0.639582 0.377281
vt 0.644659 0.374920
vt 0.645488 0.375958
vt 0.580977 0.370189
vt 0.643023 0.381813
vt 0.653149 0.410148
vt 0.640631 0.382451
vt 0.638932 0.374099
vt 0.621165 0.371816
vt 0.628607 0.364619
vt 0.628546 0.365981
vt 0.634871 0.373951
vt 0.636214 0.374225
vt 0.628700 0.367338
vt 0.593170 0.382477
vt 0.591471 0.376124
vt 0.636679 0.382857
vt 0.639691 0.412813
vt 0.633098 0.412457
vt 0.638178 0.382794
vt 0.618866 0.418857
vt 0.613719 0.416662
vt 0.622555 0.366205
vt 0.637895 0.380251
vt 0.635549 0.380246
vt 0.580982 0.364602
vt 0.581471 0.359045
vt 0.633645 0.378364
vt 0.634000 0.377095
vt 0.629070 0.368641
vt 0.644430 0.381287
vt 0.670504 0.411427
vt 0.642608 0.372352
vt 0.674777 0.407773
vt 0.624193 0.420600
vt 0.233398 0.457031
vt 0.269043 0.463379
vt 0.269043 0.448242
vt 0.191891 0.041279
vt 0.110597 0.110710
vt 0.180028 0.029417
vt 0.191891 0.180140
vt 0.201751 0.166569
vt 0.217175 0.119098
vt 0.214552 0.135667
vt 0.151510 0.209479
vt 0.135555 0.214663
vt 0.011829 0.151621
vt 0.006645 0.135667
vt 0.180028 0.192003
vt 0.166457 0.019556
vt 0.029305 0.041279
vt 0.041167 0.029417
vt 0.041167 0.192003
vt 0.054739 0.201863
vt 0.201751 0.054851
vt 0.217175 0.102322
vt 0.166457 0.201863
vt 0.209367 0.151621
vt 0.102210 0.004132
vt 0.085640 0.006756
vt 0.019445 0.166569
vt 0.118986 0.004132
vt 0.029305 0.180140
vt 0.069686 0.011940
vt 0.085640 0.214663
vt 0.102210 0.217287
vt 0.209367 0.069798
vt 0.004020 0.102322
vt 0.004020 0.119098
vt 0.069686 0.209479
vt 0.054739 0.019556
vt 0.214552 0.085752
vt 0.011828 0.069798
vt 0.006645 0.085752
vt 0.019444 0.054851
vt 0.679984 0.051034
vt 0.691466 0.134725
vt 0.668659 0.130318
vt 0.118986 0.217287
vt 0.135555 0.006756
vt 0.151510 0.011940
vt 0.960187 0.065008
vt 0.976230 0.065008
vt 0.617319 0.293141
vt 0.617345 0.283519
vt 0.614000 0.286347
vt 0.559667 0.358315
vt 0.617158 0.288163
vt 0.623445 0.306026
vt 0.548143 0.359460
vt 0.603583 0.422880
vt 0.599834 0.436965
vt 0.434280 0.446167
vt 0.556240 0.360174
vt 0.551196 0.354383
vt 0.558874 0.363879
vt 0.612230 0.283795
vt 0.453180 0.247947
vt 0.716001 0.567883
vt 0.559145 0.348108
vt 0.611804 0.286541
vt 0.712513 0.324482
vt 0.707213 0.326625
vt 0.708357 0.326663
vt 0.651051 0.582443
vt 0.603218 0.446904
vt 0.609805 0.443770
vt 0.600323 0.443835
vt 0.601656 0.442133
vt 0.602634 0.442728
vt 0.598737 0.440683
vt 0.468011 0.503266
vt 0.704492 0.421512
vt 0.847621 0.418394
vt 0.845922 0.282822
vt 0.699472 0.421470
vt 0.703391 0.326366
vt 0.701494 0.424842
vt 0.683005 0.405208
vt 0.685175 0.407205
vt 0.692060 0.154908
vt 0.619506 0.282959
vt 0.620684 0.288040
vt 0.621468 0.287131
vt 0.623324 0.288209
vt 0.623608 0.284142
vt 0.844951 0.326899
vt 0.708861 0.328545
vt 0.752951 0.181406
vt 0.707540 0.316804
vt 0.711954 0.318599
vt 0.705031 0.322838
vt 0.756341 0.782301
vt 0.992669 0.782301
vt 0.683734 0.357531
vt 0.684250 0.370969
vt 0.645766 0.363766
vt 0.643598 0.371397
vt 0.656847 0.322567
vt 0.643949 0.318948
vt 0.602538 0.333657
vt 0.643117 0.359057
vt 0.595106 0.344756
vt 0.635544 0.356993
vt 0.631879 0.358751
vt 0.596130 0.388646
vt 0.604360 0.399182
vt 0.633587 0.373472
vt 0.640234 0.373702
vt 0.646502 0.411901
vt 0.637573 0.374252
vt 0.659121 0.407304
vt 0.417480 0.704590
vt 0.424316 0.732910
vt 0.417480 0.732910
vt 0.233398 0.258789
vt 0.269043 0.270508
vt 0.269043 0.255859
vt 0.233398 0.250977
vt 0.269043 0.240234
vt 0.233398 0.200684
vt 0.269043 0.210938
vt 0.269043 0.195312
vt 0.233398 0.175781
vt 0.269043 0.181641
vt 0.269043 0.166016
vt 0.233398 0.142578
vt 0.269043 0.150879
vt 0.269043 0.136230
vt 0.233398 0.382324
vt 0.269043 0.389648
vt 0.269043 0.374512
vt 0.233398 0.407715
vt 0.269043 0.418945
vt 0.269043 0.404297
vt 0.233398 0.349609
vt 0.269043 0.359863
vt 0.269043 0.345215
vt 0.233398 0.324707
vt 0.269043 0.330566
vt 0.269043 0.314941
vt 0.233398 0.291992
vt 0.269043 0.300293
vt 0.269043 0.285645
vt 0.269043 0.478027
vt 0.233398 0.490723
vt 0.269043 0.493652
vt 0.233398 0.109863
vt 0.269043 0.121582
vt 0.269043 0.106934
vt 0.233398 0.572266
vt 0.269043 0.582520
vt 0.269043 0.567383
vt 0.233398 0.581055
vt 0.233398 0.547363
vt 0.269043 0.552734
vt 0.269043 0.538086
vt 0.233398 0.589355
vt 0.233398 0.564453
vt 0.233398 0.597168
vt 0.269043 0.597168
vt 0.233398 0.010742
vt 0.269043 0.017578
vt 0.269043 0.002930
vt 0.233398 0.027344
vt 0.269043 0.032715
vt 0.233398 0.035156
vt 0.269043 0.047363
vt 0.233398 0.043945
vt 0.233398 0.515137
vt 0.269043 0.522949
vt 0.269043 0.508301
vt 0.233398 0.052246
vt 0.269043 0.062500
vt 0.233398 0.498047
vt 0.233398 0.068848
vt 0.269043 0.076660
vt 0.233398 0.531250
vt 0.233398 0.084961
vt 0.269043 0.091797
vt 0.233398 0.101074
vt 0.233398 0.125977
vt 0.233398 0.341309
vt 0.233398 0.332520
vt 0.233398 0.192871
vt 0.233398 0.274414
vt 0.233398 0.308594
vt 0.233398 0.159180
vt 0.233398 0.423828
vt 0.269043 0.433594
vt 0.233398 0.233887
vt 0.269043 0.225586
vt 0.233398 0.440430
vt 0.233398 0.399414
vt 0.233398 0.365723
vt 0.233398 0.216797
vt 0.233398 0.473145
vt 0.233398 0.374512
vt 0.233398 0.556152
vt 0.233398 0.299805
vt 0.233398 0.283691
vt 0.233398 0.267090
vt 0.233398 0.432617
vt 0.233398 0.448242
vt 0.233398 0.415527
vt 0.233398 0.390625
vt 0.233398 0.357422
vt 0.233398 0.167969
vt 0.233398 0.522949
vt 0.233398 0.184082
vt 0.233398 0.506836
vt 0.233398 0.208984
vt 0.233398 0.540039
vt 0.233398 0.225586
vt 0.233398 0.481934
vt 0.233398 0.241699
vt 0.233398 0.465332
vt 0.233398 0.316406
vt 0.222656 0.440430
vt 0.222656 0.432617
vt 0.222656 0.109863
vt 0.222656 0.101074
vt 0.233398 0.117676
vt 0.222656 0.117676
vt 0.222656 0.457031
vt 0.222656 0.448242
vt 0.222656 0.208984
vt 0.222656 0.200684
vt 0.233398 0.002441
vt 0.233398 0.019043
vt 0.222656 0.407715
vt 0.222656 0.399414
vt 0.222656 0.125977
vt 0.222656 0.076660
vt 0.222656 0.084961
vt 0.233398 0.059570
vt 0.233398 0.150879
vt 0.222656 0.142578
vt 0.222656 0.150879
vt 0.222656 0.357422
vt 0.222656 0.349609
vt 0.233398 0.093262
vt 0.222656 0.192871
vt 0.222656 0.184082
vt 0.222656 0.506836
vt 0.222656 0.498047
vt 0.233398 0.134766
vt 0.222656 0.324707
vt 0.222656 0.332520
vt 0.222656 0.159180
vt 0.222656 0.167969
vt 0.222656 0.473145
vt 0.222656 0.481934
vt 0.233398 0.076660
vt 0.222656 0.316406
vt 0.222656 0.465332
vt 0.222656 0.216797
vt 0.222656 0.068848
vt 0.222656 0.175781
vt 0.222656 0.134766
vt 0.222656 0.415527
vt 0.222656 0.093262
vt 0.222656 0.556152
vt 0.222656 0.547363
vt 0.222656 0.291992
vt 0.222656 0.283691
vt 0.222656 0.010742
vt 0.222656 0.002441
vt 0.222656 0.308594
vt 0.222656 0.299805
vt 0.222656 0.341309
vt 0.222656 0.572266
vt 0.222656 0.564453
vt 0.222656 0.241699
vt 0.222656 0.250977
vt 0.222656 0.490723
vt 0.222656 0.258789
vt 0.222656 0.267090
vt 0.222656 0.589355
vt 0.222656 0.581055
vt 0.222656 0.274414
vt 0.222656 0.515137
vt 0.480957 0.704590
vt 0.474121 0.732910
vt 0.474121 0.704590
vt 0.222656 0.390625
vt 0.222656 0.382324
vt 0.333008 0.704590
vt 0.326172 0.732910
vt 0.326172 0.704590
vt 0.487793 0.704590
vt 0.480957 0.732910
vt 0.222656 0.225586
vt 0.222656 0.233887
vt 0.222656 0.059570
vt 0.222656 0.522949
vt 0.222656 0.374512
vt 0.222656 0.365723
vt 0.222656 0.052246
vt 0.222656 0.423828
vt 0.222656 0.043945
vt 0.222656 0.540039
vt 0.222656 0.531250
vt 0.222656 0.035156
vt 0.459961 0.704590
vt 0.453613 0.732910
vt 0.453613 0.704590
vt 0.222656 0.027344
vt 0.222656 0.019043
vt 0.222656 0.597168
vt 0.234863 0.704590
vt 0.228027 0.732910
vt 0.228027 0.704590
vt 0.305176 0.704590
vt 0.298340 0.732910
vt 0.298340 0.704590
vt 0.319336 0.704590
vt 0.312500 0.732910
vt 0.312500 0.704590
vt 0.305176 0.732910
vt 0.284668 0.704590
vt 0.277344 0.732910
vt 0.277344 0.704590
vt 0.467285 0.732910
vt 0.467285 0.704590
vt 0.410156 0.704590
vt 0.410156 0.732910
vt 0.220703 0.732910
vt 0.220703 0.704590
vt 0.269531 0.732910
vt 0.269531 0.704590
vt 0.396973 0.704590
vt 0.389648 0.732910
vt 0.389648 0.704590
vt 0.354492 0.704590
vt 0.347168 0.732910
vt 0.347168 0.704590
vt 0.340820 0.732910
vt 0.340820 0.704590
vt 0.241699 0.704590
vt 0.234863 0.732910
vt 0.368652 0.704590
vt 0.361328 0.732910
vt 0.361328 0.704590
vt 0.354492 0.732910
vt 0.494629 0.704590
vt 0.487793 0.732910
vt 0.375488 0.704590
vt 0.368652 0.732910
vt 0.382812 0.704590
vt 0.375488 0.732910
vt 0.248535 0.704590
vt 0.241699 0.732910
vt 0.333008 0.732910
vt 0.446289 0.732910
vt 0.446289 0.704590
vt 0.501953 0.704590
vt 0.494629 0.732910
vt 0.403320 0.704590
vt 0.396973 0.732910
vt 0.459961 0.732910
vt 0.439453 0.704590
vt 0.431152 0.732910
vt 0.431152 0.704590
vt 0.291504 0.732910
vt 0.291504 0.704590
vt 0.319336 0.732910
vt 0.403320 0.732910
vt 0.439453 0.732910
vt 0.262695 0.732910
vt 0.262695 0.704590
vt 0.424316 0.704590
vt 0.284668 0.732910
vt 0.382812 0.732910
vt 0.462402 0.782227
vt 0.458984 0.737793
vt 0.462402 0.737793
vt 0.482422 0.782227
vt 0.478027 0.737793
vt 0.482422 0.737793
vt 0.293945 0.782227
vt 0.291016 0.737793
vt 0.293945 0.737793
vt 0.431152 0.782227
vt 0.428223 0.737793
vt 0.431152 0.737793
vt 0.278809 0.782227
vt 0.274414 0.737793
vt 0.278809 0.737793
vt 0.392090 0.782227
vt 0.388672 0.737793
vt 0.392090 0.737793
vt 0.231934 0.782227
vt 0.228027 0.737793
vt 0.231934 0.737793
vt 0.364746 0.782227
vt 0.360840 0.737793
vt 0.364746 0.737793
vt 0.251465 0.782227
vt 0.247559 0.737793
vt 0.251465 0.737793
vt 0.485840 0.782227
vt 0.485840 0.737793
vt 0.501953 0.782227
vt 0.497559 0.737793
vt 0.501953 0.737793
vt 0.403809 0.782227
vt 0.400391 0.737793
vt 0.403809 0.737793
vt 0.428223 0.782227
vt 0.423340 0.737793
vt 0.244141 0.782227
vt 0.239258 0.737793
vt 0.244141 0.737793
vt 0.255859 0.782227
vt 0.255859 0.737793
vt 0.356445 0.782227
vt 0.353027 0.737793
vt 0.356445 0.737793
vt 0.349121 0.782227
vt 0.346191 0.737793
vt 0.349121 0.737793
vt 0.228027 0.782227
vt 0.223633 0.737793
vt 0.346191 0.782227
vt 0.341309 0.737793
vt 0.282715 0.782227
vt 0.282715 0.737793
vt 0.408203 0.782227
vt 0.408203 0.737793
vt 0.466309 0.782227
vt 0.466309 0.737793
vt 0.380371 0.782227
vt 0.375977 0.737793
vt 0.380371 0.737793
vt 0.321777 0.782227
vt 0.318359 0.737793
vt 0.321777 0.737793
vt 0.455078 0.782227
vt 0.451172 0.737793
vt 0.455078 0.737793
vt 0.375977 0.782227
vt 0.373047 0.737793
vt 0.419922 0.782227
vt 0.415527 0.737793
vt 0.419922 0.737793
vt 0.497559 0.782227
vt 0.493652 0.737793
vt 0.443359 0.782227
vt 0.439453 0.737793
vt 0.443359 0.737793
vt 0.306641 0.782227
vt 0.302246 0.737793
vt 0.306641 0.737793
vt 0.313965 0.782227
vt 0.310059 0.737793
vt 0.313965 0.737793
vt 0.302246 0.782227
vt 0.298340 0.737793
vt 0.247559 0.782227
vt 0.470703 0.782227
vt 0.470703 0.737793
vt 0.451172 0.782227
vt 0.447754 0.737793
vt 0.447754 0.782227
vt 0.239258 0.782227
vt 0.236328 0.737793
vt 0.337891 0.782227
vt 0.333496 0.737793
vt 0.337891 0.737793
vt 0.369141 0.782227
vt 0.369141 0.737793
vt 0.259277 0.782227
vt 0.259277 0.737793
vt 0.263184 0.782227
vt 0.263184 0.737793
vt 0.458984 0.782227
vt 0.325195 0.782227
vt 0.325195 0.737793
vt 0.395996 0.782227
vt 0.395996 0.737793
vt 0.478027 0.782227
vt 0.474609 0.737793
vt 0.388672 0.782227
vt 0.383789 0.737793
vt 0.318359 0.782227
vt 0.236328 0.782227
vt 0.298340 0.782227
vt 0.423340 0.782227
vt 0.400391 0.782227
vt 0.435059 0.782227
vt 0.435059 0.737793
vt 0.383789 0.782227
vt 0.341309 0.782227
vt 0.474609 0.782227
vt 0.415527 0.782227
vt 0.411621 0.737793
vt 0.360840 0.782227
vt 0.287109 0.782227
vt 0.287109 0.737793
vt 0.267090 0.782227
vt 0.267090 0.737793
vt 0.353027 0.782227
vt 0.274414 0.782227
vt 0.270508 0.737793
vt 0.439453 0.782227
vt 0.333496 0.782227
vt 0.329590 0.737793
vt 0.310059 0.782227
vt 0.223633 0.782227
vt 0.220215 0.737793
vt 0.493652 0.782227
vt 0.490234 0.737793
vt 0.490234 0.782227
vt 0.329590 0.782227
vt 0.411621 0.782227
vt 0.373047 0.782227
vt 0.270508 0.782227
vt 0.291016 0.782227
vt 0.248535 0.732910
vt 0.501953 0.732910
vt 0.220215 0.782227
s 1
g off
g Llanta.004_M_Wheel
usemtl M_Wheel
f 42/1/1 12/2/2 43/3/3
f 41/4/4 27/5/5 42/1/1
f 351/6/6 66/7/7 65/8/8
f 24/9/9 67/10/10 66/7/7
f 353/11/11 65/8/8 64/12/12
f 90/13/13 23/14/14 91/15/15
f 373/16/16 69/17/17 68/18/18
f 11/19/19 68/18/18 67/10/10
f 40/20/20 26/21/21 41/4/4
f 10/22/22 40/20/20 39/23/23
f 352/24/24 39/23/23 38/25/25
f 62/26/26 22/27/27 63/28/28
f 89/29/29 374/30/30 90/13/13
f 376/31/31 62/26/26 61/32/32
f 85/33/33 356/34/34 86/35/35
f 3/36/36 54/37/37 53/38/38
f 362/39/39 30/40/40 29/41/41
f 91/15/15 17/42/42 28/43/43
f 17/42/42 29/41/41 28/43/43
f 364/44/44 55/45/45 54/37/37
f 381/46/46 81/47/47 80/48/48
f 377/49/49 59/50/50 58/51/51
f 365/52/52 80/48/48 79/53/53
f 5/54/54 34/55/55 33/56/56
f 16/57/57 53/38/38 52/58/58
f 357/59/59 60/60/60 59/50/50
f 56/61/61 19/62/62 57/63/63
f 144/64/64 81/47/47 145/65/65
f 91/15/15 154/66/66 90/13/13
f 57/63/63 122/67/67 121/68/68
f 408/69/69 195/70/70 442/71/71
f 366/72/72 52/58/58 51/73/73
f 368/74/74 76/75/75 75/76/76
f 384/77/77 77/78/78 76/75/75
f 15/79/79 51/73/73 50/80/80
f 49/81/81 15/79/79 50/80/80
f 20/82/82 61/32/32 60/60/60
f 147/83/83 84/84/84 148/85/85
f 383/86/86 78/87/87 77/78/78
f 46/88/88 348/89/89 47/90/90
f 370/91/91 75/76/76 74/92/92
f 73/93/93 370/91/91 74/92/92
f 44/94/94 371/95/95 45/96/96
f 372/97/97 70/98/98 69/17/17
f 48/99/99 113/100/100 112/101/101
f 155/102/102 28/43/43 92/103/103
f 45/96/96 2/104/104 46/88/88
f 378/105/105 32/106/106 31/107/107
f 83/108/108 359/109/109 84/84/84
f 57/63/63 377/49/49 58/51/51
f 4/110/110 33/56/56 32/106/106
f 151/111/111 88/112/112 152/113/113
f 28/43/43 93/114/114 92/103/103
f 6/115/115 35/116/116 34/55/55
f 148/85/85 85/33/33 149/117/117
f 350/118/118 71/119/119 70/98/98
f 143/120/120 80/48/48 144/64/64
f 145/65/65 82/121/121 146/122/122
f 140/123/123 77/78/78 141/124/124
f 43/3/3 13/125/125 44/94/94
f 71/119/119 349/126/126 72/127/127
f 348/89/89 48/99/99 47/90/90
f 369/128/128 49/81/81 48/99/99
f 18/129/129 31/107/107 30/40/40
f 82/121/121 379/130/130 83/108/108
f 43/3/3 108/131/131 107/132/132
f 126/133/133 63/28/28 127/134/134
f 125/135/135 62/26/26 126/133/133
f 33/56/56 98/136/136 97/137/137
f 139/138/138 76/75/75 140/123/123
f 349/126/126 73/93/93 72/127/127
f 39/23/23 104/139/139 103/140/140
f 118/141/141 55/45/45 119/142/142
f 124/143/143 61/32/32 125/135/135
f 63/28/28 128/144/144 127/134/134
f 52/58/58 117/145/145 116/146/146
f 31/107/107 96/147/147 95/148/148
f 45/96/96 110/149/149 109/150/150
f 120/151/151 57/63/63 121/68/68
f 66/7/7 131/152/152 130/153/153
f 70/98/98 133/154/154 69/17/17
f 117/145/145 54/37/37 118/141/141
f 129/155/155 66/7/7 130/153/153
f 32/106/106 97/137/137 96/147/147
f 438/156/156 168/157/157 169/158/158
f 87/159/159 375/160/160 88/112/112
f 81/47/47 361/161/161 82/121/121
f 382/162/162 79/53/53 78/87/87
f 152/113/113 89/29/29 153/163/163
f 64/12/12 129/155/155 128/144/144
f 29/41/41 94/164/164 93/114/114
f 38/25/25 103/140/140 102/165/165
f 30/40/40 95/148/148 94/164/164
f 70/98/98 135/166/166 134/167/167
f 132/168/168 69/17/17 133/154/154
f 86/35/35 355/169/169 87/159/159
f 123/170/170 60/60/60 124/143/143
f 436/171/171 170/172/172 171/173/173
f 73/93/93 138/174/174 137/175/175
f 47/90/90 112/101/101 111/176/176
f 380/177/177 56/61/61 55/45/45
f 55/45/45 120/151/151 119/142/142
f 153/163/163 90/13/13 154/66/66
f 84/84/84 358/178/178 85/33/33
f 41/4/4 106/179/179 105/180/180
f 72/127/127 137/175/175 136/181/181
f 36/182/182 101/183/183 100/184/184
f 46/88/88 111/176/176 110/149/149
f 71/119/119 136/181/181 135/166/166
f 141/124/124 78/87/87 142/185/185
f 44/94/94 109/150/150 108/131/131
f 58/51/51 123/170/170 122/67/67
f 142/185/185 79/53/53 143/120/120
f 138/174/174 75/76/76 139/138/138
f 113/100/100 50/80/80 114/186/186
f 323/187/187 190/188/188 189/189/189
f 67/10/10 132/168/168 131/152/152
f 146/122/122 83/108/108 147/83/83
f 150/190/190 87/159/159 151/111/111
f 34/55/55 99/191/191 98/136/136
f 149/117/117 86/35/35 150/190/190
f 157/192/192 235/193/193 317/194/194
f 37/195/195 102/165/165 101/183/183
f 313/196/196 182/197/197 255/198/198
f 229/199/199 217/200/200 215/201/201
f 239/202/202 192/203/203 162/204/204
f 243/205/205 194/206/206 339/207/207
f 237/208/208 162/204/204 160/209/209
f 412/210/210 192/203/203 411/211/211
f 203/212/212 247/213/213 283/214/214
f 329/215/215 163/216/216 161/217/217
f 199/218/218 221/219/219 200/220/220
f 174/221/221 249/222/222 291/223/223
f 315/224/224 187/225/225 186/226/226
f 289/227/227 205/228/228 287/229/229
f 178/230/230 227/231/231 180/232/232
f 419/233/233 186/226/226 418/234/234
f 231/235/235 185/236/236 219/237/237
f 323/187/187 187/238/225 319/239/238
f 267/240/239 165/241/240 192/203/203
f 271/242/241 196/243/242 340/244/243
f 325/245/244 158/246/245 263/247/246
f 229/199/199 179/248/247 307/249/248
f 275/250/249 199/218/218 198/251/250
f 257/252/251 218/253/252 217/200/200
f 193/254/253 265/255/254 333/256/255
f 325/245/244 161/217/217 159/257/256
f 167/258/257 241/259/258 343/260/259
f 418/234/234 187/225/225 416/261/260
f 291/223/223 175/262/261 174/221/221
f 340/244/243 195/70/70 243/205/205
f 426/263/262 211/264/263 425/265/264
f 321/266/265 160/209/209 188/267/266
f 279/268/267 172/269/268 201/270/269
f 279/268/267 171/173/173 277/271/270
f 251/272/271 207/273/272 223/274/273
f 317/194/194 188/267/266 157/192/192
f 338/275/274 333/256/255 332/276/275
f 9/277/276 38/25/25 37/195/195
f 23/278/14 268/279/277 17/280/42
f 184/281/278 261/282/279 156/283/280
f 309/284/281 216/285/282 181/286/283
f 303/287/284 177/288/285 301/289/286
f 433/290/287 205/228/228 401/291/288
f 225/292/289 210/293/290 299/294/291
f 335/295/292 166/296/293 164/297/294
f 283/214/214 205/228/228 203/212/212
f 327/298/295 191/299/296 190/188/188
f 365/300/52 345/301/297 342/302/298
f 343/260/259 240/303/299 342/302/298
f 338/275/274 243/205/205 339/207/207
f 337/304/300 269/305/301 268/279/277
f 263/247/246 156/283/280 261/282/279
f 311/306/302 219/237/237 216/285/282
f 343/260/259 168/157/157 167/258/257
f 273/307/303 170/172/172 169/158/158
f 171/173/173 245/308/304 277/271/270
f 334/309/305 331/310/306 330/311/307
f 332/276/275 360/312/308 380/313/177
f 223/274/273 206/314/309 289/227/227
f 340/244/243 242/315/310 341/316/311
f 363/317/312 240/303/299 334/309/305
f 342/302/298 381/318/46 365/300/52
f 341/316/311 3/319/36 16/320/57
f 342/302/298 344/321/313 343/260/259
f 301/289/286 209/322/314 297/323/315
f 344/321/313 169/158/158 168/157/157
f 295/324/316 210/293/290 208/325/317
f 320/326/318 237/208/208 321/266/265
f 364/327/44 242/315/310 338/275/274
f 340/244/243 270/328/319 271/242/241
f 326/329/320 323/187/187 322/330/321
f 324/331/322 263/247/246 262/332/323
f 19/333/62 264/334/324 326/329/320
f 359/335/109 262/332/323 358/336/178
f 364/327/44 332/276/275 380/313/177
f 236/337/325 239/202/202 237/208/208
f 328/338/326 325/245/244 324/331/322
f 379/339/130 324/331/322 359/335/109
f 377/340/49 326/329/320 322/330/321
f 264/334/324 327/298/295 326/329/320
f 4/341/110 236/337/325 320/326/318
f 22/27/27 64/12/12 63/28/28
f 305/342/327 179/248/247 213/343/328
f 309/284/281 214/344/329 253/345/330
f 333/256/255 194/206/206 193/254/253
f 88/112/112 354/346/331 89/29/29
f 361/347/161 328/338/326 379/339/130
f 8/348/332 37/195/195 36/182/182
f 21/349/333 36/182/182 35/116/116
f 413/350/334 162/204/204 412/210/210
f 330/311/307 329/215/215 328/338/326
f 238/351/335 267/240/239 239/202/202
f 334/309/305 241/259/258 335/295/292
f 253/345/330 212/352/336 303/287/284
f 266/353/337 269/305/301 267/240/239
f 332/276/275 265/255/254 264/334/324
f 363/317/312 330/311/307 361/347/161
f 293/354/338 208/325/317 175/262/261
f 228/355/339 307/249/248 306/356/340
f 375/357/160 254/358/341 354/359/331
f 308/360/342 311/306/302 309/284/281
f 9/361/276 310/362/343 308/360/342
f 227/363/231 254/358/341 255/198/198
f 314/364/344 376/365/31 20/366/82
f 353/367/11 228/355/339 306/356/340
f 317/194/194 234/368/345 316/369/346
f 309/284/281 252/370/347 308/360/342
f 316/369/346 6/371/115 5/372/54
f 8/373/332 230/374/348 310/362/343
f 371/375/95 282/376/349 2/377/104
f 393/378/350 216/285/282 392/379/351
f 336/380/352 165/241/240 269/305/301
f 282/376/349 287/229/229 283/214/214
f 336/381/352 226/382/353 227/363/231
f 230/374/348 235/193/193 231/235/235
f 353/367/11 304/383/354 351/384/6
f 304/383/354 307/249/248 305/342/327
f 302/385/355 253/345/330 303/287/284
f 318/386/356 315/224/224 314/364/344
f 350/387/118 292/388/357 290/389/358
f 25/390/359 302/385/355 300/391/360
f 305/342/327 224/392/361 304/383/354
f 300/391/360 303/287/284 301/289/286
f 25/390/359 296/393/362 26/394/21
f 296/393/362 251/272/271 250/395/363
f 292/388/357 295/324/316 293/354/338
f 223/274/273 250/395/363 251/272/271
f 11/396/19 224/392/361 298/397/364
f 355/398/169 312/399/365 375/357/160
f 259/400/366 260/401/367 261/282/279
f 257/252/251 232/402/368 233/403/369
f 314/364/344 233/403/369 232/402/368
f 346/404/370 220/405/371 221/219/219
f 276/406/372 384/407/77 368/408/74
f 15/409/79 347/410/373 274/411/374
f 298/397/364 295/324/316 294/412/375
f 288/413/376 287/229/229 286/414/377
f 1/415/378 284/416/379 349/417/126
f 26/394/21 250/395/363 27/418/5
f 373/419/16 298/397/364 294/412/375
f 300/391/360 297/323/315 296/393/362
f 351/384/6 224/392/361 24/420/9
f 10/421/22 252/370/347 302/385/355
f 310/362/343 231/235/235 311/306/302
f 312/399/365 255/198/198 254/358/341
f 437/422/380 199/218/218 404/423/381
f 424/424/382 179/248/247 423/425/383
f 372/426/97 294/412/375 292/388/357
f 282/376/349 348/427/89 2/377/104
f 14/428/384 284/416/379 280/429/385
f 224/392/361 299/294/291 298/397/364
f 400/430/386 176/431/387 399/432/388
f 297/323/315 176/431/387 251/272/271
f 382/433/162 272/434/389 345/301/297
f 439/435/390 198/251/250 437/422/380
f 284/416/379 281/436/391 280/429/385
f 180/232/232 255/437/198 182/438/197
f 392/379/351 219/237/237 390/439/392
f 40/20/20 105/180/180 104/139/139
f 440/440/393 197/441/394 439/435/390
f 345/301/297 273/307/303 344/321/313
f 386/442/395 156/283/280 158/246/245
f 282/376/349 247/213/213 246/443/396
f 430/444/397 207/273/272 400/430/386
f 290/389/358 1/415/378 350/387/118
f 261/282/279 262/332/323 263/247/246
f 308/360/342 352/445/24 9/361/276
f 370/446/91 276/406/372 368/408/74
f 414/447/398 158/246/245 159/257/256
f 316/369/346 321/266/265 317/194/194
f 357/448/59 322/330/321 318/449/356
f 383/450/86 244/451/399 272/434/389
f 447/452/400 191/299/296 446/453/401
f 385/454/402 160/209/209 413/350/334
f 20/366/82 318/386/356 314/364/344
f 272/434/389 245/308/304 273/307/303
f 274/411/374 346/404/370 275/250/249
f 274/411/374 271/242/241 270/328/319
f 290/389/358 249/222/222 248/455/403
f 229/199/199 256/456/404 257/252/251
f 278/457/405 277/271/270 276/406/372
f 277/271/270 244/451/399 276/406/372
f 258/458/406 313/196/196 312/399/365
f 410/459/407 163/216/216 164/297/294
f 397/460/408 212/352/336 396/461/409
f 427/462/410 210/293/290 426/263/262
f 435/463/411 172/269/268 434/464/412
f 401/291/288 206/314/309 430/444/397
f 432/465/413 173/466/414 431/467/415
f 398/468/416 177/288/285 397/460/408
f 331/310/306 164/297/294 163/216/216
f 428/469/417 208/325/317 427/462/410
f 442/71/71 196/243/242 440/440/393
f 446/453/401 193/254/253 444/470/418
f 406/471/419 167/258/257 168/157/157
f 441/472/420 166/296/293 167/258/257
f 220/405/371 348/427/89 246/443/396
f 285/473/421 173/466/414 204/474/422
f 396/461/409 214/344/329 395/475/423
f 387/476/424 188/267/266 385/454/402
f 390/439/392 185/236/236 388/477/425
f 403/478/426 202/479/427 402/480/428
f 198/251/250 271/242/241 275/250/249
f 415/481/429 190/188/188 447/452/400
f 448/482/430 159/257/256 161/217/217
f 425/265/264 213/343/328 424/424/382
f 407/483/431 165/241/240 178/484/230
f 388/477/425 157/192/192 387/476/424
f 423/425/383 215/201/201 422/485/432
f 445/486/433 161/217/217 163/216/216
f 420/487/434 218/253/252 419/233/233
f 434/464/412 204/474/422 432/465/413
f 389/488/435 183/489/436 184/281/278
f 417/490/437 184/281/278 156/283/280
f 565/491/438 409/492/439 407/483/431
f 422/485/432 217/200/200 420/487/434
f 395/475/423 181/286/283 393/378/350
f 404/423/381 200/220/220 403/478/426
f 221/219/219 202/479/427 200/220/220
f 421/493/440 180/232/232 182/438/197
f 402/480/428 203/212/212 433/290/287
f 337/494/300 374/495/30 226/382/353
f 411/211/211 165/241/240 409/492/439
f 226/382/353 354/359/331 254/358/341
f 444/470/418 194/206/206 408/69/69
f 429/496/441 175/262/261 428/469/417
f 431/467/415 174/221/221 429/496/441
f 213/343/328 225/292/289 305/342/327
f 285/473/421 172/269/268 281/436/391
f 186/226/226 233/403/369 315/224/224
f 50/80/80 115/497/442 114/186/186
f 222/498/443 27/418/5 250/395/363
f 259/400/366 183/489/436 313/196/196
f 367/499/444 220/405/371 347/410/373
f 391/500/445 182/197/197 183/489/436
f 394/501/446 178/230/230 180/232/232
f 260/401/367 358/336/178 262/332/323
f 258/458/406 356/502/34 260/401/367
f 42/1/1 107/132/132 106/179/179
f 18/503/129 266/353/337 238/351/335
f 500/504/447 425/265/264 569/505/448
f 569/505/448 424/424/382 472/506/449
f 518/507/450 434/464/412 516/508/451
f 401/291/288 508/509/452 510/510/453
f 552/511/454 416/261/260 548/512/455
f 536/513/456 444/470/418 408/69/69
f 492/514/457 385/454/402 490/515/458
f 386/442/395 464/516/459 546/517/460
f 21/518/333 234/368/345 230/374/348
f 438/156/156 480/519/461 526/520/462
f 410/459/407 482/521/463 538/522/464
f 442/71/71 454/523/465 534/524/466
f 415/481/429 462/525/467 544/526/468
f 413/350/334 490/515/458 385/454/402
f 540/527/469 448/482/430 445/486/433
f 536/513/456 442/71/71 534/524/466
f 520/528/470 402/480/428 478/529/471
f 528/530/472 440/440/393 439/435/390
f 435/463/411 171/173/173 201/270/269
f 378/531/105 238/351/335 236/337/325
f 542/532/473 411/211/211 484/533/474
f 488/534/475 412/210/210 542/532/473
f 407/535/431 498/536/476 565/537/438
f 524/538/477 439/435/390 437/422/380
f 506/539/478 399/432/388 474/540/479
f 516/508/451 432/465/413 512/541/480
f 496/542/481 394/501/446 421/493/440
f 526/520/462 406/471/419 438/156/156
f 458/543/482 446/453/401 444/470/418
f 568/544/483 422/485/432 562/545/484
f 397/460/408 502/546/485 398/468/416
f 478/529/471 433/290/287 514/547/486
f 530/548/487 441/472/420 406/471/419
f 552/511/454 419/233/233 418/234/234
f 422/485/432 494/549/488 562/545/484
f 476/550/489 429/496/441 450/551/490
f 556/552/491 420/487/434 419/233/233
f 554/553/492 387/476/424 492/514/457
f 638/554/493 571/555/494 604/556/495
f 468/557/496 421/558/440 391/500/445
f 569/505/448 471/559/497 570/560/498
f 572/561/499 395/475/423 470/562/500
f 460/563/501 414/447/398 448/482/430
f 462/525/467 446/453/401 486/564/502
f 550/565/503 389/488/435 417/490/437
f 569/505/448 499/566/504 500/504/447
f 548/567/455 415/481/429 544/526/468
f 574/568/505 572/561/499 571/555/494
f 508/509/452 400/430/386 506/539/478
f 560/569/506 390/439/392 558/570/507
f 518/507/450 436/171/171 435/463/411
f 7/571/508 232/402/368 256/456/404
f 16/320/57 270/328/319 341/316/311
f 480/519/461 436/171/171 452/572/509
f 636/573/510 567/574/511 603/575/512
f 22/576/27 256/456/404 228/355/339
f 403/478/426 522/577/513 404/423/381
f 604/556/495 469/578/514 635/579/515
f 469/578/514 564/580/516 563/581/517
f 470/562/500 393/378/350 564/580/516
f 538/522/464 445/486/433 410/459/407
f 546/517/460 417/490/437 386/442/395
f 524/538/477 404/423/381 522/577/513
f 362/582/39 268/279/277 266/353/337
f 573/583/518 396/461/409 572/561/499
f 466/584/519 391/500/445 389/488/435
f 472/506/449 423/425/383 568/544/483
f 561/585/520 494/549/488 493/586/521
f 596/587/522 491/588/523 595/589/524
f 557/590/525 554/553/492 553/591/526
f 553/591/526 492/514/457 491/588/523
f 597/592/527 551/593/528 629/594/529
f 549/595/530 466/584/519 550/565/503
f 628/596/531 465/597/532 549/595/530
f 467/598/533 496/599/481 468/557/496
f 547/600/534 552/511/454 548/512/455
f 629/594/529 547/600/534 594/601/535
f 563/581/517 560/569/506 559/602/536
f 465/597/532 468/557/496 466/584/519
f 484/533/474 409/492/439 456/603/537
f 541/604/538 484/533/474 483/605/539
f 627/606/540 549/595/530 545/607/541
f 543/608/542 548/567/455 544/526/468
f 594/609/535 543/608/542 626/610/543
f 633/611/544 567/574/511 561/585/520
f 292/388/357 291/223/223 290/389/358
f 490/515/458 491/588/523 492/514/457
f 488/534/475 489/612/545 490/515/458
f 545/607/541 625/613/546 627/606/540
f 12/614/2 288/413/376 13/615/125
f 459/616/547 464/516/459 460/563/501
f 592/617/548 541/604/538 622/618/549
f 590/619/550 459/616/547 539/620/551
f 544/526/468 461/621/552 543/608/542
f 559/602/536 558/570/507 557/590/525
f 601/622/553 559/602/536 599/623/554
f 493/586/521 556/552/491 555/624/555
f 599/623/554 557/590/525 631/625/556
f 633/611/544 493/586/521 598/626/557
f 538/522/464 481/627/558 537/628/559
f 567/574/511 562/545/484 561/585/520
f 566/629/560 456/603/537 565/491/438
f 13/615/125 286/414/377 371/375/95
f 458/543/482 485/630/561 486/564/502
f 486/564/502 461/621/552 462/525/467
f 487/631/562 542/532/473 541/604/538
f 626/610/543 461/621/552 624/632/563
f 222/498/443 289/227/227 288/413/376
f 546/517/460 463/633/564 545/607/541
f 598/626/557 555/624/555 597/592/527
f 533/634/565 454/523/465 453/635/566
f 618/636/567 527/637/568 584/638/569
f 539/620/551 460/563/501 540/527/469
f 14/428/384 278/457/405 370/446/91
f 221/219/219 246/443/396 247/213/213
f 619/639/570 529/640/571 617/641/572
f 617/641/572 525/642/573 583/643/574
f 531/644/575 482/521/463 532/645/576
f 527/637/568 524/538/477 523/646/577
f 537/628/559 540/527/469 538/522/464
f 586/647/578 531/644/575 619/639/570
f 585/648/579 453/635/566 618/636/567
f 531/644/575 530/548/487 529/640/571
f 527/637/568 454/523/465 528/530/472
f 585/648/579 535/649/580 533/634/565
f 529/640/571 526/520/462 525/642/573
f 280/429/385 279/268/267 278/457/405
f 399/432/388 209/322/314 398/468/416
f 284/416/379 249/222/222 285/473/421
f 635/579/515 563/581/517 601/622/553
f 555/624/555 552/511/454 551/593/528
f 545/607/541 550/565/503 546/517/460
f 456/603/537 483/605/539 484/533/474
f 443/650/581 164/297/294 166/296/293
f 5/372/54 320/326/318 316/369/346
f 322/330/321 319/239/238 318/449/356
f 535/649/580 534/524/466 533/634/565
f 416/651/260 189/189/189 415/481/429
f 35/116/116 100/184/184 99/191/191
f 495/652/582 498/653/476 496/599/481
f 537/628/559 586/647/578 588/654/583
f 274/411/374 366/655/72 15/409/79
f 622/618/549 483/605/539 589/656/584
f 631/625/556 553/591/526 596/587/522
f 588/654/583 539/620/551 537/628/559
f 621/657/585 535/649/580 587/658/586
f 457/659/587 536/513/456 535/649/580
f 517/660/588 452/572/509 518/507/450
f 505/661/589 508/509/452 506/539/478
f 611/662/590 513/663/591 509/664/592
f 509/664/592 508/509/452 507/665/593
f 610/666/594 509/664/592 507/665/593
f 449/667/595 476/550/489 450/551/490
f 520/528/470 477/668/596 519/669/597
f 608/670/598 507/665/593 505/661/589
f 576/671/599 450/551/490 575/672/600
f 521/673/601 520/528/470 519/669/597
f 613/674/602 511/675/603 612/676/604
f 506/539/478 473/677/605 505/661/589
f 519/669/597 579/678/606 581/679/607
f 607/680/608 503/681/609 606/682/610
f 576/671/599 504/683/611 503/681/609
f 473/677/605 502/546/485 501/684/612
f 615/685/613 523/646/577 521/673/601
f 505/661/589 640/686/614 608/670/598
f 639/687/615 574/568/505 638/554/493
f 504/683/611 499/566/504 503/681/609
f 501/684/612 573/583/518 574/568/505
f 613/674/602 517/660/588 515/688/616
f 615/685/613 519/669/597 581/679/607
f 579/678/606 513/663/591 578/689/617
f 477/668/596 514/547/486 513/663/591
f 580/690/618 451/691/619 517/660/588
f 523/646/577 522/577/513 521/673/601
f 503/681/609 605/692/620 606/682/610
f 639/687/615 473/677/605 501/684/612
f 511/675/603 516/508/451 512/541/480
f 509/664/592 514/547/486 510/510/453
f 583/643/574 479/693/621 582/694/622
f 511/675/603 577/695/623 612/676/604
f 526/520/462 479/693/621 525/642/573
f 584/638/569 523/646/577 616/696/624
f 452/572/509 479/693/621 480/519/461
f 511/675/603 476/550/489 475/697/625
f 515/688/616 518/507/450 516/508/451
f 607/680/608 449/667/595 576/671/599
f 510/510/453 433/290/287 401/291/288
f 428/469/417 450/551/490 429/496/441
f 512/541/480 431/467/415 476/550/489
f 532/645/576 443/650/581 441/472/420
f 570/560/498 636/573/510 637/698/626
f 485/630/561 624/632/563 461/621/552
f 575/672/600 427/462/410 504/683/611
f 427/462/410 500/504/447 504/683/611
f 451/691/619 582/694/622 479/693/621
f 634/699/627 455/700/628 566/629/560
f 455/700/628 589/656/584 483/605/539
f 457/659/587 591/701/629 485/630/561
f 474/540/479 398/468/416 502/546/485
f 489/612/545 595/589/524 491/588/523
f 623/702/630 463/633/564 459/616/547
f 558/570/507 388/477/425 554/553/492
f 487/631/562 593/703/631 489/612/545
f 632/704/632 495/652/582 467/598/533
f 600/705/633 497/706/634 495/652/582
f 768/707/635 641/708/636 704/709/637
f 571/555/494 470/562/500 469/578/514
f 449/667/595 577/695/623 475/697/625
f 565/710/438 497/706/634 566/711/560
f 630/712/638 467/598/533 465/597/532
f 471/559/497 568/544/483 567/574/511
f 566/711/560 602/713/639 634/714/627
f 564/580/516 392/379/351 560/569/506
f 680/715/640 606/716/610 605/717/620
f 682/718/641 606/716/610 681/719/642
f 654/720/643 640/721/614 639/722/615
f 655/723/644 608/724/598 640/721/614
f 654/720/643 638/725/493 653/726/645
f 651/727/646 601/728/553 650/729/647
f 677/730/648 636/731/510 603/732/512
f 678/733/649 637/734/626 636/731/510
f 653/726/645 604/735/495 652/736/650
f 676/737/651 603/732/512 633/738/544
f 703/739/652 634/740/627 602/741/639
f 652/736/650 635/742/515 651/727/646
f 680/715/640 637/734/626 679/743/653
f 648/744/654 596/745/522 647/746/655
f 674/747/656 598/748/557 597/749/527
f 649/750/657 631/751/556 648/744/654
f 650/729/647 599/752/554 649/750/657
f 673/753/658 597/749/527 629/754/529
f 700/755/659 632/756/632 630/757/638
f 701/758/660 600/759/633 632/756/632
f 699/760/661 630/757/638 628/761/531
f 675/762/662 633/738/544 598/748/557
f 697/763/663 627/764/540 625/765/546
f 646/766/664 593/767/631 645/768/665
f 647/746/655 595/769/524 646/766/664
f 645/768/665 592/770/548 644/771/666
f 671/772/667 594/773/535 626/774/543
f 698/775/668 628/761/531 627/764/540
f 673/753/658 594/773/535 672/776/669
f 669/777/670 624/778/563 591/779/629
f 670/780/671 626/774/543 624/778/563
f 668/781/672 591/779/629 621/782/585
f 695/783/673 623/784/630 590/785/550
f 644/771/666 622/786/549 643/787/674
f 696/788/675 625/765/546 623/784/630
f 702/789/676 602/741/639 600/759/633
f 643/787/674 589/790/584 642/791/677
f 704/709/637 620/792/678 634/740/627
f 693/793/679 588/794/583 586/795/578
f 694/796/680 590/785/550 588/794/583
f 642/791/677 620/792/678 641/708/636
f 637/698/626 499/566/504 570/560/498
f 667/797/681 621/782/585 587/798/586
f 666/799/682 587/798/586 585/800/579
f 690/801/683 582/802/622 689/803/684
f 691/804/685 583/805/574 690/801/683
f 692/806/686 617/807/572 691/804/685
f 666/799/682 618/808/567 665/809/687
f 662/810/688 616/811/624 615/812/613
f 664/813/689 616/811/624 663/814/690
f 665/809/687 584/815/569 664/813/689
f 693/793/679 619/816/570 692/806/686
f 658/817/691 578/818/617 611/819/590
f 659/820/692 579/821/606 578/818/617
f 686/822/693 580/823/618 613/824/602
f 662/810/688 581/825/607 661/826/694
f 684/827/695 612/828/604 577/829/623
f 686/822/693 612/828/604 685/830/696
f 660/831/697 581/825/607 579/821/606
f 657/832/698 611/819/590 610/833/594
f 687/834/699 614/835/700 580/823/618
f 764/836/701 701/758/660 700/755/659
f 752/837/702 687/834/699 751/838/703
f 684/827/695 609/839/704 683/840/705
f 723/841/706 660/831/697 659/820/692
f 721/842/707 658/817/691 657/832/698
f 683/840/705 607/843/608 682/718/641
f 656/844/708 610/833/594 608/724/598
f 738/845/709 675/762/662 674/747/656
f 754/846/710 689/803/684 753/847/711
f 749/848/712 684/827/695 748/849/713
f 756/850/714 691/804/685 755/851/715
f 755/851/715 690/801/683 754/846/710
f 729/852/716 664/813/689 728/853/717
f 689/803/684 614/835/700 688/854/718
f 747/855/719 682/718/641 746/856/720
f 707/857/721 642/791/677 706/858/722
f 757/859/723 694/796/680 693/793/679
f 730/860/724 667/797/681 666/799/682
f 747/855/719 684/827/695 683/840/705
f 733/861/725 668/781/672 732/862/726
f 726/863/727 663/814/690 662/810/688
f 753/847/711 688/854/718 752/837/702
f 731/864/728 668/781/672 667/797/681
f 709/865/729 644/771/666 708/866/730
f 759/867/731 696/788/675 695/783/673
f 711/868/732 646/766/664 710/869/733
f 706/858/722 641/708/636 705/870/734
f 761/871/735 698/775/668 697/763/663
f 735/872/736 670/780/671 734/873/737
f 730/860/724 665/809/687 729/852/716
f 724/874/738 661/826/694 660/831/697
f 726/863/727 661/826/694 725/875/739
f 714/876/740 649/750/657 713/877/741
f 736/878/742 673/753/658 672/776/669
f 710/869/733 645/768/665 709/865/729
f 763/879/743 700/755/659 699/760/661
f 762/880/744 699/760/661 698/775/668
f 760/881/745 697/763/663 696/788/675
f 712/882/746 647/746/655 711/868/732
f 766/883/747 703/739/652 702/789/676
f 737/884/748 674/747/656 673/753/658
f 736/878/742 671/772/667 735/872/736
f 741/885/749 676/737/651 740/886/750
f 739/887/751 676/737/651 675/762/662
f 767/888/752 704/709/637 703/739/652
f 715/889/753 650/729/647 714/876/740
f 717/890/754 652/736/650 716/891/755
f 728/853/717 663/814/690 727/892/756
f 713/877/741 648/744/654 712/882/746
f 765/893/757 702/789/676 701/758/660
f 742/894/758 677/730/648 741/885/749
f 757/859/723 692/806/686 756/850/714
f 742/894/758 679/743/653 678/733/649
f 720/895/759 657/832/698 656/844/708
f 716/891/755 651/727/646 715/889/753
f 743/896/760 680/715/640 679/743/653
f 718/897/761 655/723/644 654/720/643
f 745/898/762 682/718/641 681/719/642
f 745/898/762 680/715/640 744/899/763
f 733/861/725 670/780/671 669/777/670
f 708/866/730 643/787/674 707/857/721
f 719/900/764 656/844/708 655/723/644
f 722/901/765 659/820/692 658/817/691
f 750/902/766 685/830/696 749/848/712
f 751/838/703 686/822/693 750/902/766
f 758/903/767 695/783/673 694/796/680
f 718/897/761 653/726/645 717/890/754
f 405/904/768 169/158/158 170/172/172
f 42/1/1 27/5/5 12/2/2
f 41/4/4 26/21/21 27/5/5
f 351/6/6 24/9/9 66/7/7
f 24/9/9 11/19/19 67/10/10
f 353/11/11 351/6/6 65/8/8
f 90/13/13 374/30/30 23/14/14
f 373/16/16 372/97/97 69/17/17
f 11/19/19 373/16/16 68/18/18
f 40/20/20 25/905/359 26/21/21
f 10/22/22 25/905/359 40/20/20
f 352/24/24 10/22/22 39/23/23
f 62/26/26 7/906/508 22/27/27
f 89/29/29 354/346/331 374/30/30
f 376/31/31 7/906/508 62/26/26
f 85/33/33 358/178/178 356/34/34
f 3/36/36 364/44/44 54/37/37
f 362/39/39 18/129/129 30/40/40
f 91/15/15 23/14/14 17/42/42
f 17/42/42 362/39/39 29/41/41
f 364/44/44 380/177/177 55/45/45
f 381/46/46 363/907/312 81/47/47
f 377/49/49 357/59/59 59/50/50
f 365/52/52 381/46/46 80/48/48
f 5/54/54 6/115/115 34/55/55
f 16/57/57 3/36/36 53/38/38
f 357/59/59 20/82/82 60/60/60
f 56/61/61 360/908/308 19/62/62
f 144/64/64 80/48/48 81/47/47
f 91/15/15 155/102/102 154/66/66
f 57/63/63 58/51/51 122/67/67
f 408/69/69 194/206/206 195/70/70
f 366/72/72 16/57/57 52/58/58
f 368/74/74 384/77/77 76/75/75
f 384/77/77 383/86/86 77/78/78
f 15/79/79 366/72/72 51/73/73
f 49/81/81 367/909/444 15/79/79
f 20/82/82 376/31/31 61/32/32
f 147/83/83 83/108/108 84/84/84
f 383/86/86 382/162/162 78/87/87
f 46/88/88 2/104/104 348/89/89
f 370/91/91 368/74/74 75/76/76
f 73/93/93 14/910/384 370/91/91
f 44/94/94 13/125/125 371/95/95
f 372/97/97 350/118/118 70/98/98
f 48/99/99 49/81/81 113/100/100
f 155/102/102 91/15/15 28/43/43
f 45/96/96 371/95/95 2/104/104
f 378/105/105 4/110/110 32/106/106
f 83/108/108 379/130/130 359/109/109
f 57/63/63 19/62/62 377/49/49
f 4/110/110 5/54/54 33/56/56
f 151/111/111 87/159/159 88/112/112
f 28/43/43 29/41/41 93/114/114
f 6/115/115 21/349/333 35/116/116
f 148/85/85 84/84/84 85/33/33
f 350/118/118 1/911/378 71/119/119
f 143/120/120 79/53/53 80/48/48
f 145/65/65 81/47/47 82/121/121
f 140/123/123 76/75/75 77/78/78
f 43/3/3 12/2/2 13/125/125
f 71/119/119 1/911/378 349/126/126
f 348/89/89 369/128/128 48/99/99
f 369/128/128 367/909/444 49/81/81
f 18/129/129 378/105/105 31/107/107
f 82/121/121 361/161/161 379/130/130
f 43/3/3 44/94/94 108/131/131
f 126/133/133 62/26/26 63/28/28
f 125/135/135 61/32/32 62/26/26
f 33/56/56 34/55/55 98/136/136
f 139/138/138 75/76/76 76/75/75
f 349/126/126 14/910/384 73/93/93
f 39/23/23 40/20/20 104/139/139
f 118/141/141 54/37/37 55/45/45
f 124/143/143 60/60/60 61/32/32
f 63/28/28 64/12/12 128/144/144
f 52/58/58 53/38/38 117/145/145
f 31/107/107 32/106/106 96/147/147
f 45/96/96 46/88/88 110/149/149
f 120/151/151 56/61/61 57/63/63
f 66/7/7 67/10/10 131/152/152
f 70/98/98 134/167/167 133/154/154
f 117/145/145 53/38/38 54/37/37
f 129/155/155 65/8/8 66/7/7
f 32/106/106 33/56/56 97/137/137
f 438/156/156 406/471/419 168/157/157
f 87/159/159 355/169/169 375/160/160
f 81/47/47 363/907/312 361/161/161
f 382/162/162 365/52/52 79/53/53
f 152/113/113 88/112/112 89/29/29
f 64/12/12 65/8/8 129/155/155
f 29/41/41 30/40/40 94/164/164
f 38/25/25 39/23/23 103/140/140
f 30/40/40 31/107/107 95/148/148
f 70/98/98 71/119/119 135/166/166
f 132/168/168 68/18/18 69/17/17
f 86/35/35 356/34/34 355/169/169
f 123/170/170 59/50/50 60/60/60
f 436/171/171 405/904/768 170/172/172
f 73/93/93 74/92/92 138/174/174
f 47/90/90 48/99/99 112/101/101
f 380/177/177 360/908/308 56/61/61
f 55/45/45 56/61/61 120/151/151
f 153/163/163 89/29/29 90/13/13
f 51/73/73 52/58/58 116/146/146
f 84/84/84 359/109/109 358/178/178
f 41/4/4 42/1/1 106/179/179
f 72/127/127 73/93/93 137/175/175
f 36/182/182 37/195/195 101/183/183
f 46/88/88 47/90/90 111/176/176
f 71/119/119 72/127/127 136/181/181
f 141/124/124 77/78/78 78/87/87
f 44/94/94 45/96/96 109/150/150
f 58/51/51 59/50/50 123/170/170
f 142/185/185 78/87/87 79/53/53
f 138/174/174 74/92/92 75/76/76
f 113/100/100 49/81/81 50/80/80
f 323/187/187 327/298/295 190/188/188
f 67/10/10 68/18/18 132/168/168
f 146/122/122 82/121/121 83/108/108
f 150/190/190 86/35/35 87/159/159
f 34/55/55 35/116/116 99/191/191
f 149/117/117 85/33/33 86/35/35
f 157/192/192 185/236/236 235/193/193
f 37/195/195 38/25/25 102/165/165
f 313/196/196 183/489/436 182/197/197
f 229/199/199 257/252/251 217/200/200
f 239/202/202 267/240/239 192/203/203
f 243/205/205 195/70/70 194/206/206
f 237/208/208 239/202/202 162/204/204
f 412/210/210 162/204/204 192/203/203
f 203/212/212 202/479/427 247/213/213
f 329/215/215 331/310/306 163/216/216
f 199/218/218 346/404/370 221/219/219
f 174/221/221 173/466/414 249/222/222
f 315/224/224 319/912/238 187/225/225
f 289/227/227 206/314/309 205/228/228
f 178/230/230 336/913/352 227/231/231
f 419/233/233 218/253/252 186/226/226
f 231/235/235 235/193/193 185/236/236
f 323/187/187 189/189/189 187/238/225
f 267/240/239 269/305/301 165/241/240
f 271/242/241 197/441/394 196/243/242
f 325/245/244 159/257/256 158/246/245
f 229/199/199 215/201/201 179/248/247
f 275/250/249 346/404/370 199/218/218
f 257/252/251 233/403/369 218/253/252
f 193/254/253 191/299/296 265/255/254
f 325/245/244 329/215/215 161/217/217
f 167/258/257 166/296/293 241/259/258
f 418/234/234 186/226/226 187/225/225
f 291/223/223 293/354/338 175/262/261
f 340/244/243 196/243/242 195/70/70
f 426/263/262 210/293/290 211/264/263
f 321/266/265 237/208/208 160/209/209
f 279/268/267 281/436/391 172/269/268
f 279/268/267 201/270/269 171/173/173
f 251/272/271 176/431/387 207/273/272
f 317/194/194 321/266/265 188/267/266
f 338/275/274 339/207/207 333/256/255
f 9/277/276 352/24/24 38/25/25
f 23/278/14 337/304/300 268/279/277
f 184/281/278 259/400/366 261/282/279
f 309/284/281 311/306/302 216/285/282
f 303/287/284 212/352/336 177/288/285
f 433/290/287 203/212/212 205/228/228
f 225/292/289 211/264/263 210/293/290
f 335/295/292 241/259/258 166/296/293
f 283/214/214 287/229/229 205/228/228
f 327/298/295 265/255/254 191/299/296
f 365/300/52 382/433/162 345/301/297
f 343/260/259 241/259/258 240/303/299
f 338/275/274 242/315/310 243/205/205
f 337/304/300 336/380/352 269/305/301
f 263/247/246 158/246/245 156/283/280
f 311/306/302 231/235/235 219/237/237
f 343/260/259 344/321/313 168/157/157
f 273/307/303 245/308/304 170/172/172
f 171/173/173 170/172/172 245/308/304
f 334/309/305 335/295/292 331/310/306
f 332/276/275 264/334/324 360/312/308
f 223/274/273 207/273/272 206/314/309
f 340/244/243 243/205/205 242/315/310
f 363/317/312 381/318/46 240/303/299
f 342/302/298 240/303/299 381/318/46
f 341/316/311 242/315/310 3/319/36
f 342/302/298 345/301/297 344/321/313
f 301/289/286 177/288/285 209/322/314
f 344/321/313 273/307/303 169/158/158
f 295/324/316 299/294/291 210/293/290
f 320/326/318 236/337/325 237/208/208
f 364/327/44 3/319/36 242/315/310
f 340/244/243 341/316/311 270/328/319
f 326/329/320 327/298/295 323/187/187
f 324/331/322 325/245/244 263/247/246
f 19/333/62 360/312/308 264/334/324
f 359/335/109 324/331/322 262/332/323
f 364/327/44 338/275/274 332/276/275
f 236/337/325 238/351/335 239/202/202
f 328/338/326 329/215/215 325/245/244
f 379/339/130 328/338/326 324/331/322
f 377/340/49 19/333/62 326/329/320
f 264/334/324 265/255/254 327/298/295
f 4/341/110 378/531/105 236/337/325
f 22/27/27 353/11/11 64/12/12
f 305/342/327 307/249/248 179/248/247
f 309/284/281 181/286/283 214/344/329
f 333/256/255 339/207/207 194/206/206
f 88/112/112 375/160/160 354/346/331
f 361/347/161 330/311/307 328/338/326
f 8/348/332 9/277/276 37/195/195
f 21/349/333 8/348/332 36/182/182
f 413/350/334 160/209/209 162/204/204
f 330/311/307 331/310/306 329/215/215
f 238/351/335 266/353/337 267/240/239
f 334/309/305 240/303/299 241/259/258
f 253/345/330 214/344/329 212/352/336
f 266/353/337 268/279/277 269/305/301
f 332/276/275 333/256/255 265/255/254
f 363/317/312 334/309/305 330/311/307
f 293/354/338 295/324/316 208/325/317
f 228/355/339 229/199/199 307/249/248
f 375/357/160 312/399/365 254/358/341
f 308/360/342 310/362/343 311/306/302
f 9/361/276 8/373/332 310/362/343
f 227/363/231 226/382/353 254/358/341
f 314/364/344 232/402/368 376/365/31
f 353/367/11 22/576/27 228/355/339
f 317/194/194 235/193/193 234/368/345
f 309/284/281 253/345/330 252/370/347
f 316/369/346 234/368/345 6/371/115
f 8/373/332 21/518/333 230/374/348
f 371/375/95 286/414/377 282/376/349
f 393/378/350 181/286/283 216/285/282
f 336/380/352 178/484/230 165/241/240
f 282/376/349 286/414/377 287/229/229
f 336/381/352 337/494/300 226/382/353
f 230/374/348 234/368/345 235/193/193
f 353/367/11 306/356/340 304/383/354
f 304/383/354 306/356/340 307/249/248
f 302/385/355 252/370/347 253/345/330
f 318/386/356 319/912/238 315/224/224
f 350/387/118 372/426/97 292/388/357
f 25/390/359 10/421/22 302/385/355
f 305/342/327 225/292/289 224/392/361
f 300/391/360 302/385/355 303/287/284
f 25/390/359 300/391/360 296/393/362
f 296/393/362 297/323/315 251/272/271
f 292/388/357 294/412/375 295/324/316
f 223/274/273 222/498/443 250/395/363
f 11/396/19 24/420/9 224/392/361
f 355/398/169 258/458/406 312/399/365
f 259/400/366 258/458/406 260/401/367
f 257/252/251 256/456/404 232/402/368
f 314/364/344 315/224/224 233/403/369
f 346/404/370 347/410/373 220/405/371
f 276/406/372 244/451/399 384/407/77
f 15/409/79 367/499/444 347/410/373
f 298/397/364 299/294/291 295/324/316
f 288/413/376 289/227/227 287/229/229
f 1/415/378 248/455/403 284/416/379
f 26/394/21 296/393/362 250/395/363
f 373/419/16 11/396/19 298/397/364
f 300/391/360 301/289/286 297/323/315
f 351/384/6 304/383/354 224/392/361
f 10/421/22 352/445/24 252/370/347
f 310/362/343 230/374/348 231/235/235
f 312/399/365 313/196/196 255/198/198
f 437/422/380 198/251/250 199/218/218
f 424/424/382 213/343/328 179/248/247
f 372/426/97 373/419/16 294/412/375
f 282/376/349 246/443/396 348/427/89
f 14/428/384 349/417/126 284/416/379
f 224/392/361 225/292/289 299/294/291
f 400/430/386 207/273/272 176/431/387
f 297/323/315 209/322/314 176/431/387
f 382/433/162 383/450/86 272/434/389
f 439/435/390 197/441/394 198/251/250
f 284/416/379 285/473/421 281/436/391
f 180/232/232 227/231/231 255/437/198
f 392/379/351 216/285/282 219/237/237
f 40/20/20 41/4/4 105/180/180
f 440/440/393 196/243/242 197/441/394
f 345/301/297 272/434/389 273/307/303
f 386/442/395 417/490/437 156/283/280
f 282/376/349 283/214/214 247/213/213
f 430/444/397 206/314/309 207/273/272
f 290/389/358 248/455/403 1/415/378
f 261/282/279 260/401/367 262/332/323
f 308/360/342 252/370/347 352/445/24
f 370/446/91 278/457/405 276/406/372
f 414/447/398 386/442/395 158/246/245
f 316/369/346 320/326/318 321/266/265
f 357/448/59 377/340/49 322/330/321
f 383/450/86 384/407/77 244/451/399
f 447/452/400 190/188/188 191/299/296
f 385/454/402 188/267/266 160/209/209
f 20/366/82 357/914/59 318/386/356
f 272/434/389 244/451/399 245/308/304
f 274/411/374 347/410/373 346/404/370
f 274/411/374 275/250/249 271/242/241
f 290/389/358 291/223/223 249/222/222
f 229/199/199 228/355/339 256/456/404
f 278/457/405 279/268/267 277/271/270
f 277/271/270 245/308/304 244/451/399
f 258/458/406 259/400/366 313/196/196
f 410/459/407 445/486/433 163/216/216
f 397/460/408 177/288/285 212/352/336
f 427/462/410 208/325/317 210/293/290
f 435/463/411 201/270/269 172/269/268
f 401/291/288 205/228/228 206/314/309
f 432/465/413 204/474/422 173/466/414
f 398/468/416 209/322/314 177/288/285
f 331/310/306 335/295/292 164/297/294
f 428/469/417 175/262/261 208/325/317
f 442/71/71 195/70/70 196/243/242
f 446/453/401 191/299/296 193/254/253
f 406/471/419 441/472/420 167/258/257
f 441/472/420 443/650/581 166/296/293
f 220/405/371 369/915/128 348/427/89
f 285/473/421 249/222/222 173/466/414
f 396/461/409 212/352/336 214/344/329
f 387/476/424 157/192/192 188/267/266
f 390/439/392 219/237/237 185/236/236
f 403/478/426 200/220/220 202/479/427
f 198/251/250 197/441/394 271/242/241
f 415/481/429 189/189/189 190/188/188
f 448/482/430 414/447/398 159/257/256
f 425/265/264 211/264/263 213/343/328
f 407/483/431 409/492/439 165/241/240
f 388/477/425 185/236/236 157/192/192
f 423/425/383 179/248/247 215/201/201
f 445/486/433 448/482/430 161/217/217
f 420/487/434 217/200/200 218/253/252
f 434/464/412 172/269/268 204/474/422
f 389/488/435 391/500/445 183/489/436
f 417/490/437 389/488/435 184/281/278
f 565/491/438 456/603/537 409/492/439
f 422/485/432 215/201/201 217/200/200
f 395/475/423 214/344/329 181/286/283
f 404/423/381 199/218/218 200/220/220
f 221/219/219 247/213/213 202/479/427
f 421/493/440 394/501/446 180/232/232
f 402/480/428 202/479/427 203/212/212
f 337/494/300 23/916/14 374/495/30
f 411/211/211 192/203/203 165/241/240
f 226/382/353 374/495/30 354/359/331
f 444/470/418 193/254/253 194/206/206
f 429/496/441 174/221/221 175/262/261
f 431/467/415 173/466/414 174/221/221
f 213/343/328 211/264/263 225/292/289
f 285/473/421 204/474/422 172/269/268
f 186/226/226 218/253/252 233/403/369
f 50/80/80 51/73/73 115/497/442
f 222/498/443 12/614/2 27/418/5
f 259/400/366 184/281/278 183/489/436
f 367/499/444 369/915/128 220/405/371
f 391/500/445 421/558/440 182/197/197
f 394/501/446 407/535/431 178/230/230
f 260/401/367 356/502/34 358/336/178
f 258/458/406 355/398/169 356/502/34
f 42/1/1 43/3/3 107/132/132
f 18/503/129 362/582/39 266/353/337
f 500/504/447 426/263/262 425/265/264
f 569/505/448 425/265/264 424/424/382
f 518/507/450 435/463/411 434/464/412
f 401/291/288 430/444/397 508/509/452
f 552/511/454 418/234/234 416/261/260
f 536/513/456 458/543/482 444/470/418
f 492/514/457 387/476/424 385/454/402
f 386/442/395 414/447/398 464/516/459
f 21/518/333 6/371/115 234/368/345
f 438/156/156 405/904/768 480/519/461
f 410/459/407 443/650/581 482/521/463
f 442/71/71 440/440/393 454/523/465
f 415/481/429 447/452/400 462/525/467
f 413/350/334 488/534/475 490/515/458
f 540/527/469 460/563/501 448/482/430
f 536/513/456 408/69/69 442/71/71
f 520/528/470 403/478/426 402/480/428
f 528/530/472 454/523/465 440/440/393
f 435/463/411 436/171/171 171/173/173
f 378/531/105 18/503/129 238/351/335
f 542/532/473 412/210/210 411/211/211
f 488/534/475 413/350/334 412/210/210
f 407/535/431 394/501/446 498/536/476
f 524/538/477 528/530/472 439/435/390
f 506/539/478 400/430/386 399/432/388
f 516/508/451 434/464/412 432/465/413
f 496/542/481 498/536/476 394/501/446
f 526/520/462 530/548/487 406/471/419
f 458/543/482 486/564/502 446/453/401
f 568/544/483 423/425/383 422/485/432
f 397/460/408 573/583/518 502/546/485
f 478/529/471 402/480/428 433/290/287
f 530/548/487 532/645/576 441/472/420
f 552/511/454 556/552/491 419/233/233
f 422/485/432 420/487/434 494/549/488
f 476/550/489 431/467/415 429/496/441
f 556/552/491 494/549/488 420/487/434
f 554/553/492 388/477/425 387/476/424
f 638/554/493 574/568/505 571/555/494
f 468/557/496 496/599/481 421/558/440
f 569/505/448 472/506/449 471/559/497
f 572/561/499 396/461/409 395/475/423
f 460/563/501 464/516/459 414/447/398
f 462/525/467 447/452/400 446/453/401
f 550/565/503 466/584/519 389/488/435
f 569/505/448 570/560/498 499/566/504
f 548/567/455 416/651/260 415/481/429
f 574/568/505 573/583/518 572/561/499
f 508/509/452 430/444/397 400/430/386
f 560/569/506 392/379/351 390/439/392
f 518/507/450 452/572/509 436/171/171
f 7/571/508 376/365/31 232/402/368
f 16/320/57 366/655/72 270/328/319
f 480/519/461 405/904/768 436/171/171
f 636/573/510 471/559/497 567/574/511
f 22/576/27 7/571/508 256/456/404
f 403/478/426 520/528/470 522/577/513
f 604/556/495 571/555/494 469/578/514
f 469/578/514 470/562/500 564/580/516
f 470/562/500 395/475/423 393/378/350
f 538/522/464 540/527/469 445/486/433
f 546/517/460 550/565/503 417/490/437
f 524/538/477 437/422/380 404/423/381
f 362/582/39 17/280/42 268/279/277
f 573/583/518 397/460/408 396/461/409
f 466/584/519 468/557/496 391/500/445
f 472/506/449 424/424/382 423/425/383
f 561/585/520 562/545/484 494/549/488
f 596/587/522 553/591/526 491/588/523
f 557/590/525 558/570/507 554/553/492
f 553/591/526 554/553/492 492/514/457
f 597/592/527 555/624/555 551/593/528
f 549/595/530 465/597/532 466/584/519
f 628/596/531 630/712/638 465/597/532
f 467/598/533 495/652/582 496/599/481
f 547/600/534 551/593/528 552/511/454
f 629/594/529 551/593/528 547/600/534
f 563/581/517 564/580/516 560/569/506
f 465/597/532 467/598/533 468/557/496
f 484/533/474 411/211/211 409/492/439
f 541/604/538 542/532/473 484/533/474
f 627/606/540 628/596/531 549/595/530
f 543/608/542 547/917/534 548/567/455
f 594/609/535 547/917/534 543/608/542
f 633/611/544 603/575/512 567/574/511
f 292/388/357 293/354/338 291/223/223
f 490/515/458 489/612/545 491/588/523
f 488/534/475 487/631/562 489/612/545
f 545/607/541 463/633/564 625/613/546
f 12/614/2 222/498/443 288/413/376
f 459/616/547 463/633/564 464/516/459
f 592/617/548 487/631/562 541/604/538
f 590/619/550 623/702/630 459/616/547
f 544/526/468 462/525/467 461/621/552
f 559/602/536 560/569/506 558/570/507
f 601/622/553 563/581/517 559/602/536
f 493/586/521 494/549/488 556/552/491
f 599/623/554 559/602/536 557/590/525
f 633/611/544 561/585/520 493/586/521
f 538/522/464 482/521/463 481/627/558
f 567/574/511 568/544/483 562/545/484
f 566/629/560 455/700/628 456/603/537
f 13/615/125 288/413/376 286/414/377
f 458/543/482 457/659/587 485/630/561
f 486/564/502 485/630/561 461/621/552
f 487/631/562 488/534/475 542/532/473
f 626/610/543 543/608/542 461/621/552
f 222/498/443 223/274/273 289/227/227
f 546/517/460 464/516/459 463/633/564
f 598/626/557 493/586/521 555/624/555
f 533/634/565 534/524/466 454/523/465
f 618/636/567 453/635/566 527/637/568
f 539/620/551 459/616/547 460/563/501
f 14/428/384 280/429/385 278/457/405
f 221/219/219 220/405/371 246/443/396
f 619/639/570 531/644/575 529/640/571
f 617/641/572 529/640/571 525/642/573
f 531/644/575 481/627/558 482/521/463
f 527/637/568 528/530/472 524/538/477
f 537/628/559 539/620/551 540/527/469
f 586/647/578 481/627/558 531/644/575
f 585/648/579 533/634/565 453/635/566
f 531/644/575 532/645/576 530/548/487
f 527/637/568 453/635/566 454/523/465
f 585/648/579 587/658/586 535/649/580
f 529/640/571 530/548/487 526/520/462
f 280/429/385 281/436/391 279/268/267
f 399/432/388 176/431/387 209/322/314
f 284/416/379 248/455/403 249/222/222
f 635/579/515 469/578/514 563/581/517
f 555/624/555 556/552/491 552/511/454
f 545/607/541 549/595/530 550/565/503
f 456/603/537 455/700/628 483/605/539
f 443/650/581 410/459/407 164/297/294
f 5/372/54 4/341/110 320/326/318
f 322/330/321 323/187/187 319/239/238
f 535/649/580 536/513/456 534/524/466
f 416/651/260 187/238/225 189/189/189
f 35/116/116 36/182/182 100/184/184
f 495/652/582 497/706/634 498/653/476
f 537/628/559 481/627/558 586/647/578
f 274/411/374 270/328/319 366/655/72
f 622/618/549 541/604/538 483/605/539
f 631/625/556 557/590/525 553/591/526
f 588/654/583 590/619/550 539/620/551
f 621/657/585 457/659/587 535/649/580
f 457/659/587 458/543/482 536/513/456
f 517/660/588 451/691/619 452/572/509
f 505/661/589 507/665/593 508/509/452
f 611/662/590 578/689/617 513/663/591
f 509/664/592 510/510/453 508/509/452
f 610/666/594 611/662/590 509/664/592
f 449/667/595 475/697/625 476/550/489
f 520/528/470 478/529/471 477/668/596
f 608/670/598 610/666/594 507/665/593
f 576/671/599 449/667/595 450/551/490
f 521/673/601 522/577/513 520/528/470
f 613/674/602 515/688/616 511/675/603
f 506/539/478 474/540/479 473/677/605
f 519/669/597 477/668/596 579/678/606
f 607/680/608 576/671/599 503/681/609
f 576/671/599 575/672/600 504/683/611
f 473/677/605 474/540/479 502/546/485
f 615/685/613 616/696/624 523/646/577
f 505/661/589 473/677/605 640/686/614
f 639/687/615 501/684/612 574/568/505
f 504/683/611 500/504/447 499/566/504
f 501/684/612 502/546/485 573/583/518
f 613/674/602 580/690/618 517/660/588
f 615/685/613 521/673/601 519/669/597
f 579/678/606 477/668/596 513/663/591
f 477/668/596 478/529/471 514/547/486
f 580/690/618 614/918/700 451/691/619
f 523/646/577 524/538/477 522/577/513
f 503/681/609 499/566/504 605/692/620
f 639/687/615 640/686/614 473/677/605
f 511/675/603 515/688/616 516/508/451
f 509/664/592 513/663/591 514/547/486
f 583/643/574 525/642/573 479/693/621
f 511/675/603 475/697/625 577/695/623
f 526/520/462 480/519/461 479/693/621
f 584/638/569 527/637/568 523/646/577
f 452/572/509 451/691/619 479/693/621
f 511/675/603 512/541/480 476/550/489
f 515/688/616 517/660/588 518/507/450
f 607/680/608 609/919/704 449/667/595
f 510/510/453 514/547/486 433/290/287
f 428/469/417 575/672/600 450/551/490
f 512/541/480 432/465/413 431/467/415
f 532/645/576 482/521/463 443/650/581
f 570/560/498 471/559/497 636/573/510
f 485/630/561 591/701/629 624/632/563
f 575/672/600 428/469/417 427/462/410
f 427/462/410 426/263/262 500/504/447
f 451/691/619 614/918/700 582/694/622
f 634/699/627 620/920/678 455/700/628
f 455/700/628 620/920/678 589/656/584
f 457/659/587 621/657/585 591/701/629
f 474/540/479 399/432/388 398/468/416
f 489/612/545 593/703/631 595/589/524
f 623/702/630 625/613/546 463/633/564
f 558/570/507 390/439/392 388/477/425
f 487/631/562 592/617/548 593/703/631
f 632/704/632 600/705/633 495/652/582
f 600/705/633 602/713/639 497/706/634
f 768/707/635 705/870/734 641/708/636
f 571/555/494 572/561/499 470/562/500
f 449/667/595 609/919/704 577/695/623
f 565/710/438 498/653/476 497/706/634
f 630/712/638 632/704/632 467/598/533
f 471/559/497 472/506/449 568/544/483
f 566/711/560 497/706/634 602/713/639
f 564/580/516 393/378/350 392/379/351
f 680/715/640 681/719/642 606/716/610
f 682/718/641 607/843/608 606/716/610
f 654/720/643 655/723/644 640/721/614
f 655/723/644 656/844/708 608/724/598
f 654/720/643 639/722/615 638/725/493
f 651/727/646 635/742/515 601/728/553
f 677/730/648 678/733/649 636/731/510
f 678/733/649 679/743/653 637/734/626
f 653/726/645 638/725/493 604/735/495
f 676/737/651 677/730/648 603/732/512
f 703/739/652 704/709/637 634/740/627
f 652/736/650 604/735/495 635/742/515
f 680/715/640 605/717/620 637/734/626
f 648/744/654 631/751/556 596/745/522
f 674/747/656 675/762/662 598/748/557
f 649/750/657 599/752/554 631/751/556
f 650/729/647 601/728/553 599/752/554
f 673/753/658 674/747/656 597/749/527
f 700/755/659 701/758/660 632/756/632
f 701/758/660 702/789/676 600/759/633
f 699/760/661 700/755/659 630/757/638
f 675/762/662 676/737/651 633/738/544
f 697/763/663 698/775/668 627/764/540
f 646/766/664 595/769/524 593/767/631
f 647/746/655 596/745/522 595/769/524
f 645/768/665 593/767/631 592/770/548
f 671/772/667 672/776/669 594/773/535
f 698/775/668 699/760/661 628/761/531
f 673/753/658 629/754/529 594/773/535
f 669/777/670 670/780/671 624/778/563
f 670/780/671 671/772/667 626/774/543
f 668/781/672 669/777/670 591/779/629
f 695/783/673 696/788/675 623/784/630
f 644/771/666 592/770/548 622/786/549
f 696/788/675 697/763/663 625/765/546
f 702/789/676 703/739/652 602/741/639
f 643/787/674 622/786/549 589/790/584
f 704/709/637 641/708/636 620/792/678
f 693/793/679 694/796/680 588/794/583
f 694/796/680 695/783/673 590/785/550
f 642/791/677 589/790/584 620/792/678
f 637/698/626 605/692/620 499/566/504
f 667/797/681 668/781/672 621/782/585
f 666/799/682 667/797/681 587/798/586
f 690/801/683 583/805/574 582/802/622
f 691/804/685 617/807/572 583/805/574
f 692/806/686 619/816/570 617/807/572
f 666/799/682 585/800/579 618/808/567
f 662/810/688 663/814/690 616/811/624
f 664/813/689 584/815/569 616/811/624
f 665/809/687 618/808/567 584/815/569
f 693/793/679 586/795/578 619/816/570
f 658/817/691 659/820/692 578/818/617
f 659/820/692 660/831/697 579/821/606
f 686/822/693 687/834/699 580/823/618
f 662/810/688 615/812/613 581/825/607
f 684/827/695 685/830/696 612/828/604
f 686/822/693 613/824/602 612/828/604
f 660/831/697 661/826/694 581/825/607
f 657/832/698 658/817/691 611/819/590
f 687/834/699 688/854/718 614/835/700
f 764/836/701 765/893/757 701/758/660
f 752/837/702 688/854/718 687/834/699
f 684/827/695 577/829/623 609/839/704
f 723/841/706 724/874/738 660/831/697
f 721/842/707 722/901/765 658/817/691
f 683/840/705 609/839/704 607/843/608
f 656/844/708 657/832/698 610/833/594
f 738/845/709 739/887/751 675/762/662
f 754/846/710 690/801/683 689/803/684
f 749/848/712 685/830/696 684/827/695
f 756/850/714 692/806/686 691/804/685
f 755/851/715 691/804/685 690/801/683
f 729/852/716 665/809/687 664/813/689
f 689/803/684 582/802/622 614/835/700
f 747/855/719 683/840/705 682/718/641
f 707/857/721 643/787/674 642/791/677
f 757/859/723 758/903/767 694/796/680
f 730/860/724 731/864/728 667/797/681
f 747/855/719 748/849/713 684/827/695
f 733/861/725 669/777/670 668/781/672
f 726/863/727 727/892/756 663/814/690
f 753/847/711 689/803/684 688/854/718
f 731/864/728 732/862/726 668/781/672
f 709/865/729 645/768/665 644/771/666
f 759/867/731 760/881/745 696/788/675
f 711/868/732 647/746/655 646/766/664
f 706/858/722 642/791/677 641/708/636
f 761/871/735 762/880/744 698/775/668
f 735/872/736 671/772/667 670/780/671
f 730/860/724 666/799/682 665/809/687
f 724/874/738 725/875/739 661/826/694
f 726/863/727 662/810/688 661/826/694
f 714/876/740 650/729/647 649/750/657
f 736/878/742 737/884/748 673/753/658
f 710/869/733 646/766/664 645/768/665
f 763/879/743 764/836/701 700/755/659
f 762/880/744 763/879/743 699/760/661
f 760/881/745 761/871/735 697/763/663
f 712/882/746 648/744/654 647/746/655
f 766/883/747 767/888/752 703/739/652
f 737/884/748 738/845/709 674/747/656
f 736/878/742 672/776/669 671/772/667
f 741/885/749 677/730/648 676/737/651
f 739/887/751 740/886/750 676/737/651
f 767/888/752 768/707/635 704/709/637
f 715/889/753 651/727/646 650/729/647
f 717/890/754 653/726/645 652/736/650
f 728/853/717 664/813/689 663/814/690
f 713/877/741 649/750/657 648/744/654
f 765/893/757 766/883/747 702/789/676
f 742/894/758 678/733/649 677/730/648
f 757/859/723 693/793/679 692/806/686
f 742/894/758 743/896/760 679/743/653
f 720/895/759 721/842/707 657/832/698
f 716/891/755 652/736/650 651/727/646
f 743/896/760 744/899/763 680/715/640
f 718/897/761 719/900/764 655/723/644
f 745/898/762 746/856/720 682/718/641
f 745/898/762 681/719/642 680/715/640
f 733/861/725 734/873/737 670/780/671
f 708/866/730 644/771/666 643/787/674
f 719/900/764 720/895/759 656/844/708
f 722/901/765 723/841/706 659/820/692
f 750/902/766 686/822/693 685/830/696
f 751/838/703 687/834/699 686/822/693
f 758/903/767 759/867/731 695/783/673
f 718/897/761 654/720/643 653/726/645
f 405/904/768 438/156/156 169/158/158
f 775/921/769 772/922/770 770/923/771
f 774/924/772 772/922/773 773/925/774
f 778/926/775 777/927/776 779/928/777
f 788/929/778 786/930/779 783/931/780
f 787/932/781 784/933/782 785/934/783
f 794/935/784 792/936/785 790/937/786
f 803/938/787 798/939/788 799/940/789
f 808/941/790 806/942/791 807/943/792
f 789/944/793 800/945/794 805/946/795
f 809/947/796 810/948/797 811/949/798
f 815/950/799 812/951/800 813/952/801
f 830/953/802 820/954/803 829/955/804
f 826/956/805 816/957/806 825/958/807
f 829/955/804 819/959/808 828/960/809
f 825/958/807 823/961/810 831/962/811
f 832/963/812 821/964/813 830/953/802
f 835/965/814 833/966/815 834/967/816
f 832/968/812 834/967/816 824/969/817
f 839/963/818 836/964/819 838/953/820
f 827/970/821 817/971/822 826/956/805
f 828/960/809 818/972/823 827/970/821
f 847/965/824 842/966/825 843/967/826
f 839/968/818 843/967/826 837/969/827
f 845/973/828 840/974/829 841/975/830
f 856/976/831 849/975/832 850/977/833
f 855/973/834 848/974/835 849/975/832
f 865/978/836 861/979/837 864/980/838
f 854/981/839 853/982/840 848/974/835
f 857/983/841 851/984/842 852/966/843
f 861/979/837 863/985/844 864/980/838
f 866/986/845 860/987/846 865/978/836
f 862/988/847 859/989/848 860/987/846
f 866/990/845 867/991/849 862/992/847
f 770/923/850 771/993/851 769/994/852
f 778/926/775 776/995/853 777/927/776
f 782/996/854 781/997/854 780/924/855
f 793/998/856 795/999/857 791/1000/858
f 794/935/784 796/1001/859 792/936/785
f 803/938/787 801/1002/860 798/939/788
f 804/1003/861 802/1004/862 797/1005/863
f 815/950/799 814/1006/864 812/951/800
f 830/953/802 821/964/813 820/954/803
f 826/956/805 817/971/822 816/957/806
f 831/962/811 823/961/810 822/1007/865
f 829/955/804 820/954/803 819/959/808
f 825/958/807 816/957/806 823/961/810
f 832/963/812 824/1008/817 821/964/813
f 832/968/812 835/965/814 834/967/816
f 839/963/818 837/1008/827 836/964/819
f 827/970/821 818/972/823 817/971/822
f 828/960/809 819/959/808 818/972/823
f 847/965/824 846/983/866 842/966/825
f 839/968/818 847/965/824 843/967/826
f 845/973/828 844/981/867 840/974/829
f 856/976/831 855/973/834 849/975/832
f 855/973/834 854/981/839 848/974/835
f 865/978/836 860/987/846 861/979/837
f 854/981/839 858/1009/868 853/982/840
f 866/986/845 862/988/847 860/987/846
f 866/990/845 868/1010/869 867/991/849
g Llanta.004_M_Wheel.004
usemtl M_Wheel.004
f 920/1011/870 914/1012/871 919/1013/872
f 875/1014/873 870/1015/874 869/1016/875
f 918/1017/876 912/1018/877 917/1019/878
f 895/1020/879 894/1021/880 899/1022/881
f 897/1023/882 904/1024/883 903/1025/884
f 878/1026/885 873/1027/886 872/1028/887
f 895/1029/879 902/1030/888 901/1031/889
f 905/1032/890 894/1033/880 900/1034/891
f 919/1013/872 913/1035/892 918/1017/876
f 904/1024/883 898/1036/893 905/1032/890
f 882/1035/894 878/1026/885 877/1037/895
f 896/1038/896 903/1039/884 902/1030/888
f 900/1034/891 895/1029/879 901/1031/889
f 883/1012/897 879/1040/898 878/1026/885
f 921/1041/899 907/1014/900 906/1016/901
f 881/1018/902 877/1037/895 876/1042/903
f 885/1019/904 882/1035/894 881/1018/902
f 914/1012/871 909/1037/905 913/1035/892
f 886/1017/906 883/1012/897 882/1035/894
f 912/1018/877 907/1014/907 911/1043/908
f 913/1035/892 908/1042/909 912/1018/877
f 893/1044/910 874/1045/911 890/1046/912
f 917/1019/878 911/1043/908 916/1047/913
f 891/1048/914 889/1049/915 888/1011/916
f 877/1037/895 872/1028/887 871/1050/917
f 968/1051/918 967/1020/919 970/1052/920
f 967/1029/919 974/1030/921 973/1031/922
f 970/1036/920 972/1034/923 976/1032/924
f 949/1035/925 944/1026/926 943/1037/927
f 974/1030/921 969/1053/928 975/1039/929
f 966/1033/930 973/1031/922 972/1034/923
f 950/1012/931 945/1040/932 944/1026/926
f 948/1018/933 943/1037/927 942/1042/934
f 959/1041/935 947/1043/936 941/1014/937
f 925/1054/938 918/1017/876 924/1055/939
f 955/1013/940 951/1056/941 950/1012/931
f 923/1057/942 916/1047/913 922/1058/943
f 953/1019/944 949/1035/925 948/1018/933
f 928/1051/945 927/1020/946 926/1021/947
f 935/1025/948 931/1059/949 936/1024/950
f 927/1029/946 934/1030/951 933/1031/952
f 956/1011/953 952/1060/954 951/1056/941
f 954/1017/955 950/1012/931 949/1035/925
f 924/1055/939 917/1019/878 923/1057/942
f 964/1061/956 958/1046/957 957/1049/958
f 928/1038/945 935/1039/948 934/1030/951
f 962/1054/959 956/1011/953 955/1013/940
f 926/1033/947 933/1031/952 932/1034/960
f 960/1057/961 954/1017/955 953/1019/944
f 942/1042/934 938/1050/962 937/1015/963
f 963/1048/964 957/1049/958 956/1011/953
f 945/1040/965 940/1062/966 939/1027/967
f 994/1023/968 1001/1024/969 1000/1025/970
f 991/1021/971 994/1063/968 992/1020/972
f 1010/1017/973 1003/1018/974 1009/1019/975
f 1012/1011/976 1005/1012/977 1011/1013/978
f 990/1054/979 986/1017/980 989/1055/979
f 1014/1046/981 1007/1060/982 1013/1049/983
f 987/1013/984 981/1035/985 986/1017/980
f 1067/1064/986 1036/1065/987 1034/1066/988
f 1030/1032/989 1019/1033/990 1025/1034/991
f 1026/1031/992 1021/1038/993 1027/1030/994
f 1022/1023/995 1029/1024/996 1028/1025/997
f 1021/1051/993 1020/1020/998 1019/1021/990
f 988/1011/999 982/1012/1000 987/1013/984
f 985/1019/1001 979/1043/1002 984/1047/1003
f 980/1018/1004 978/1037/1005 977/1042/1006
f 1016/1055/1007 1009/1019/1008 1015/1057/1009
f 997/1034/1010 992/1029/972 998/1031/1011
f 1018/1048/1012 1011/1013/978 1017/1054/1012
f 999/1030/1013 994/1053/968 1000/1039/970
f 996/1059/1014 1002/1032/1015 1001/1024/969
f 995/1036/1016 997/1034/1010 1002/1032/1015
f 998/1031/1011 993/1038/1017 999/1030/1013
f 1237/1067/1018 1253/1068/1019 1259/1069/1020
f 1187/1070/1021 1186/1071/1022 1174/1072/1023
f 1119/1073/1024 1164/1074/1025 1123/1075/1026
f 1173/1076/1027 1172/1077/1028 1183/1078/1029
f 1159/1079/1030 1121/1080/1031 1209/1081/1032
f 1123/1075/1026 1126/1082/1033 1119/1073/1024
f 1252/1083/1034 1227/1084/1035 1226/1085/1036
f 1177/1086/1037 1176/1087/1038 1187/1070/1021
f 1128/1088/1039 1210/1089/1040 1182/1090/1041
f 1038/1091/1042 1310/1092/1043 1309/1093/1044
f 1154/1094/1045 1189/1095/1046 1155/1096/1047
f 1119/1073/1024 1124/1097/1048 1118/1098/1049
f 1061/1099/1050 1041/1100/1051 1040/1101/1052
f 1209/1081/1032 1128/1088/1039 1180/1102/1053
f 1108/1103/1054 1068/1104/1055 1167/1105/1056
f 1151/1106/1057 1192/1107/1058 1191/1108/1059
f 1209/1081/1032 1197/1109/1060 1206/1110/1061
f 1288/1111/1062 1295/1112/1063 1271/1113/1064
f 1070/1114/1065 1071/1115/1066 1078/1116/1067
f 1136/1117/1068 1148/1118/1069 1135/1119/1070
f 1195/1120/1071 1204/1121/1072 1203/1122/1073
f 1083/1123/1074 1057/1124/1075 1058/1125/1076
f 1044/1126/1077 1112/1127/1078 1077/1128/1079
f 1044/1126/1077 1060/1129/1080 1054/1130/1081
f 1055/1131/1082 1086/1132/1083 1056/1133/1084
f 1059/1134/1085 1389/1135/1086 1336/1136/1087
f 1137/1137/1088 1171/1138/1089 1169/1139/1090
f 1319/1140/1091 1053/1141/1092 1048/1142/1093
f 1144/1143/1094 1133/1144/1095 1148/1118/1096
f 1078/1116/1067 1047/1145/1097 1046/1146/1098
f 1091/1147/1099 1094/1148/1100 1092/1149/1101
f 1181/1150/1102 1156/1151/1103 1188/1152/1104
f 1100/1153/1105 1095/1154/1106 1098/1155/1107
f 1077/1128/1079 1103/1156/1108 1085/1157/1109
f 1172/1077/1028 1150/1158/1110 1178/1159/1111
f 1100/1153/1105 1102/1160/1112 1103/1156/1108
f 1176/1087/1038 1155/1096/1047 1186/1071/1022
f 1055/1131/1082 1080/1161/1113 1079/1162/1114
f 1206/1110/1061 1159/1079/1030 1209/1081/1032
f 1056/1133/1084 1081/1163/1115 1080/1161/1113
f 1161/1164/1116 1166/1165/1117 1162/1166/1118
f 1205/1167/1119 1116/1168/1120 1113/1169/1121
f 1114/1170/1122 1165/1171/1123 1167/1105/1056
f 1167/1105/1056 1207/1172/1124 1108/1103/1054
f 1250/1173/1125 1216/1174/1126 1214/1175/1127
f 1324/1176/1128 1314/1177/1129 1316/1178/1130
f 1244/1179/1131 1291/1180/1132 1296/1181/1133
f 1108/1103/1054 1198/1182/1134 1095/1154/1106
f 1320/1183/1135 1353/1184/1136 1352/1185/1137
f 1245/1186/1138 1250/1173/1125 1217/1187/1139
f 1217/1187/1139 1214/1175/1127 1212/1188/1140
f 1365/1189/1141 1323/1190/1142 1355/1191/1143
f 1291/1180/1132 1251/1192/1144 1293/1193/1145
f 1516/1194/1146 1223/1195/1147 1493/1196/1148
f 1286/1197/1149 1278/1198/1150 1289/1199/1151
f 1272/1200/1152 1248/1201/1153 1222/1202/1154
f 1224/1203/1155 1243/1204/1156 1237/1067/1018
f 1292/1205/1157 1293/1193/1145 1251/1192/1144
f 1246/1206/1158 1218/1207/1159 1219/1208/1160
f 1492/1209/1161 1223/1195/1147 1219/1208/1160
f 1263/1210/1162 1255/1211/1163 1256/1212/1164
f 1218/1207/1159 1491/1213/1165 1490/1214/1166
f 1257/1215/1167 1258/1216/1168 1265/1217/1169
f 1247/1218/1170 1246/1206/1158 1248/1201/1153
f 1341/1219/1171 1313/1220/1172 1333/1221/1173
f 1219/1208/1160 1490/1214/1166 1492/1209/1161
f 1304/1222/1174 1347/1223/1175 1308/1224/1176
f 1296/1181/1133 1280/1225/1177 1260/1226/1178
f 1267/1227/1179 1240/1228/1180 1241/1229/1181
f 1224/1203/1155 1296/1181/1133 1260/1226/1178
f 1232/1230/1182 1233/1231/1183 1231/1232/1184
f 1238/1233/1185 1270/1234/1186 1239/1235/1187
f 1242/1236/1188 1561/1237/1189 1509/1238/1190
f 1342/1239/1191 1306/1240/1192 1393/1241/1193
f 1308/1224/1176 1311/1242/1194 1304/1222/1174
f 1313/1220/1172 1394/1243/1195 1364/1244/1196
f 1304/1222/1174 1309/1093/1044 1303/1245/1197
f 1377/1246/1198 1213/1247/1199 1274/1248/1200
f 1281/1249/1201 1292/1205/1157 1279/1250/1202
f 1393/1241/1193 1380/1251/1203 1390/1252/1204
f 1095/1154/1106 1199/1253/1205 1098/1155/1107
f 1288/1111/1062 1267/1227/1179 1289/1199/1151
f 1180/1102/1053 1202/1254/1206 1197/1109/1060
f 1301/1255/1207 1349/1256/1208 1299/1257/1209
f 1330/1258/1210 1322/1259/1211 1327/1260/1212
f 1201/1261/1213 1199/1253/1205 1202/1254/1206
f 1402/1262/1214 1666/1263/1215 1665/1264/1216
f 1196/1265/1217 1201/1261/1213 1204/1121/1072
f 1355/1191/1143 1331/1266/1218 1357/1267/1219
f 1298/1268/1220 1348/1269/1221 1350/1270/1222
f 1025/1034/991 1020/1029/998 1026/1031/992
f 1386/1271/1223 1387/1272/1224 1371/1273/1225
f 1379/1274/1226 1384/1275/1227 1387/1272/1224
f 1024/1059/1228 1030/1032/989 1029/1024/996
f 1276/1276/1229 1383/1277/1230 1379/1274/1226
f 1240/1228/1180 1268/1278/1231 1242/1236/1188
f 1328/1279/1232 1317/1280/1233 1332/1281/1234
f 1021/1038/993 1028/1039/997 1027/1030/994
f 1383/1277/1230 1282/1282/1235 1382/1283/1236
f 1097/1284/1237 1108/1103/1054 1095/1154/1106
f 1384/1275/1227 1382/1283/1236 1385/1285/1238
f 1102/1160/1112 1094/1148/1100 1105/1286/1239
f 1429/1287/1240 1403/1288/1241 1407/1289/1242
f 1104/1290/1243 1083/1123/1074 1105/1286/1239
f 1381/1291/1244 1385/1285/1238 1382/1283/1236
f 1105/1286/1239 1086/1132/1083 1102/1160/1112
f 1362/1292/1245 1385/1285/1238 1380/1251/1203
f 1057/1124/1075 1082/1293/1246 1074/1294/1247
f 1391/1295/1248 1380/1251/1203 1381/1291/1244
f 1294/1296/1249 1378/1297/1250 1392/1298/1251
f 1284/1299/1252 1286/1197/1149 1287/1300/1253
f 1279/1250/1202 1382/1283/1236 1282/1282/1235
f 1275/1301/1254 1379/1274/1226 1378/1297/1250
f 1281/1249/1201 1287/1300/1253 1280/1225/1177
f 1378/1297/1250 1387/1272/1224 1386/1271/1223
f 1352/1185/1137 1045/1302/1255 1320/1183/1135
f 1357/1267/1219 1329/1303/1256 1356/1304/1257
f 1105/1286/1239 1093/1305/1258 1104/1290/1243
f 1685/1306/1259 1407/1289/1242 1668/1307/1260
f 1260/1226/1178 1287/1300/1253 1269/1308/1261
f 1353/1184/1136 1322/1259/1211 1365/1189/1141
f 1337/1309/1262 1372/1310/1263 1375/1311/1264
f 1338/1312/1265 1374/1313/1266 1335/1314/1267
f 1341/1219/1171 1373/1315/1268 1362/1292/1245
f 1071/1115/1066 1052/1316/1269 1047/1145/1097
f 1334/1317/1270 1374/1313/1266 1373/1315/1268
f 1293/1193/1145 1280/1225/1177 1291/1180/1132
f 1393/1241/1193 1313/1220/1172 1362/1292/1245
f 1058/1125/1076 1074/1294/1247 1081/1163/1115
f 1360/1318/1271 1340/1319/1272 1361/1320/1273
f 1284/1299/1252 1279/1250/1202 1282/1282/1235
f 1337/1309/1262 1371/1273/1225 1338/1312/1265
f 1051/1321/1274 1046/1146/1098 1047/1145/1097
f 1333/1221/1173 1364/1244/1196 1340/1319/1272
f 1091/1147/1099 1196/1265/1217 1195/1120/1071
f 1408/1322/1275 1424/1323/1276 1418/1324/1277
f 1294/1296/1249 1277/1325/1278 1275/1301/1254
f 1369/1326/1279 1326/1327/1280 1359/1328/1281
f 1452/1329/1282 1448/1330/1283 1469/1331/1284
f 1351/1332/1285 1370/1333/1286 1359/1328/1281
f 1359/1328/1281 1358/1334/1287 1369/1326/1279
f 1146/1335/1288 1139/1336/1289 1143/1337/1290
f 1430/1338/1291 1396/1339/1292 1432/1340/1293
f 1356/1304/1257 1367/1341/1294 1357/1267/1219
f 1425/1342/1295 1405/1343/1296 1404/1344/1297
f 1085/1157/1109 1102/1160/1112 1086/1132/1083
f 1357/1267/1219 1366/1345/1298 1355/1191/1143
f 1401/1346/1299 1398/1347/1300 1396/1339/1292
f 1033/1348/1301 1089/1349/1302 1090/1350/1303
f 1355/1191/1143 1354/1351/1304 1365/1189/1141
f 1112/1127/1078 1096/1352/1305 1077/1128/1079
f 1365/1189/1141 1360/1318/1271 1353/1184/1136
f 1431/1353/1306 1400/1354/1307 1398/1347/1300
f 1064/1355/1308 1063/1356/1309 1065/1357/1310
f 1369/1326/1279 1368/1358/1311 1356/1304/1257
f 1039/1359/1312 1309/1093/1044 1311/1242/1194
f 1292/1205/1157 1350/1270/1222 1391/1295/1248
f 1289/1199/1151 1277/1325/1278 1288/1111/1062
f 1388/1360/1313 1347/1223/1175 1346/1361/1314
f 1044/1126/1077 1394/1243/1195 1041/1100/1051
f 1376/1362/1315 1347/1223/1175 1388/1360/1313
f 1040/1101/1052 1394/1243/1195 1310/1092/1043
f 1388/1360/1313 1301/1255/1207 1297/1363/1316
f 1062/1364/1317 1040/1101/1052 1038/1091/1042
f 1344/1365/1318 1349/1256/1208 1345/1366/1319
f 1106/1367/1320 1036/1065/987 1064/1355/1308
f 1427/1368/1321 1402/1262/1214 1403/1288/1241
f 1350/1270/1222 1390/1252/1204 1391/1295/1248
f 1311/1242/1194 1043/1369/1322 1039/1359/1312
f 1342/1239/1191 1302/1370/1323 1344/1365/1318
f 1062/1364/1317 1067/1064/986 1037/1371/1324
f 1454/1372/1325 1395/1373/1326 1453/1374/1327
f 1063/1356/1309 1038/1091/1042 1039/1359/1312
f 1390/1252/1204 1342/1239/1191 1393/1241/1193
f 1307/1375/1328 1308/1224/1176 1347/1223/1175
f 1061/1099/1050 1107/1376/1329 1112/1127/1078
f 1292/1205/1157 1381/1291/1244 1279/1250/1202
f 1065/1357/1310 1039/1359/1312 1043/1369/1322
f 1366/1345/1298 1341/1219/1171 1354/1351/1304
f 1066/1377/1330 1032/1378/1331 1068/1104/1055
f 1343/1379/1332 1043/1369/1322 1312/1380/1333
f 1354/1351/1304 1333/1221/1173 1360/1318/1271
f 1037/1371/1324 1034/1066/988 1032/1378/1331
f 1367/1341/1294 1334/1317/1270 1366/1345/1298
f 1087/1381/1334 1083/1123/1074 1104/1290/1243
f 1370/1333/1286 1337/1309/1262 1358/1334/1287
f 1089/1349/1302 1031/1382/1335 1088/1383/1336
f 1368/1358/1311 1335/1314/1267 1367/1341/1294
f 1292/1205/1157 1251/1192/1144 1350/1270/1222
f 1387/1272/1224 1374/1313/1266 1371/1273/1225
f 1158/1384/1337 1128/1088/1039 1150/1158/1110
f 1363/1385/1338 1339/1386/1339 1370/1333/1286
f 1154/1094/1045 1190/1387/1340 1193/1388/1341
f 1076/1389/1342 1078/1116/1067 1069/1390/1343
f 1155/1096/1047 1192/1107/1058 1152/1391/1344
f 1088/1383/1336 1065/1357/1310 1042/1392/1345
f 1191/1108/1059 1201/1261/1213 1202/1254/1206
f 1158/1384/1337 1191/1108/1059 1180/1102/1053
f 1106/1367/1320 1064/1355/1308 1065/1357/1310
f 1163/1393/1346 1162/1166/1118 1166/1165/1117
f 1150/1158/1110 1182/1090/1041 1157/1394/1347
f 1107/1376/1329 1068/1104/1055 1109/1395/1348
f 1120/1396/1349 1210/1089/1040 1121/1080/1031
f 1061/1099/1050 1037/1371/1324 1066/1377/1330
f 1120/1396/1349 1161/1164/1116 1118/1098/1049
f 1168/1397/1350 1188/1152/1104 1177/1086/1037
f 1042/1392/1345 1065/1357/1310 1043/1369/1322
f 1125/1398/1351 1118/1098/1049 1124/1097/1048
f 1175/1399/1352 1184/1400/1353 1173/1076/1027
f 1060/1129/1080 1079/1162/1114 1070/1114/1065
f 1162/1166/1118 1118/1098/1049 1161/1164/1116
f 1160/1401/1354 1123/1075/1026 1122/1402/1355
f 1194/1403/1356 1164/1074/1025 1205/1167/1119
f 1205/1167/1119 1164/1074/1025 1163/1393/1346
f 1115/1404/1357 1117/1405/1358 1114/1170/1122
f 1167/1105/1056 1206/1110/1061 1207/1172/1124
f 1116/1168/1120 1166/1165/1117 1115/1404/1357
f 1159/1079/1030 1117/1405/1358 1161/1164/1116
f 1092/1149/1101 1101/1406/1359 1099/1407/1360
f 1122/1402/1355 1123/1075/1026 1164/1074/1025
f 1098/1155/1107 1101/1406/1359 1100/1153/1105
f 1178/1159/1111 1157/1394/1347 1179/1408/1361
f 1097/1284/1237 1103/1156/1108 1096/1352/1305
f 1184/1400/1353 1158/1384/1337 1172/1077/1028
f 1109/1395/1348 1096/1352/1305 1107/1376/1329
f 1186/1071/1022 1152/1391/1344 1185/1409/1362
f 1110/1410/1363 1093/1305/1258 1091/1147/1099
f 1188/1152/1104 1154/1094/1045 1176/1087/1038
f 1104/1290/1243 1111/1411/1364 1087/1381/1334
f 1073/1412/1365 1050/1413/1366 1052/1316/1269
f 1146/1335/1288 1129/1414/1367 1130/1415/1368
f 1069/1390/1343 1046/1146/1098 1045/1302/1255
f 1057/1124/1075 1084/1416/1369 1059/1134/1085
f 1086/1132/1083 1058/1125/1076 1056/1133/1084
f 1060/1129/1080 1085/1157/1109 1055/1131/1082
f 1340/1319/1272 1076/1389/1370 1361/1320/1273
f 1364/1244/1196 1054/1130/1081 1340/1319/1272
f 1208/1417/1371 1203/1122/1073 1193/1388/1372
f 1175/1399/1373 1145/1418/1374 1174/1072/1375
f 1082/1293/1376 1351/1332/1285 1075/1419/1377
f 1143/1337/1290 1138/1420/1378 1149/1421/1379
f 1079/1162/1114 1073/1412/1365 1071/1115/1066
f 1149/1421/1379 1137/1137/1088 1170/1422/1380
f 1475/1423/1381 1550/1424/1382 1564/1425/1383
f 1563/1426/1384 1552/1427/1385 1553/1428/1386
f 1424/1323/1276 1450/1429/1387 1419/1430/1388
f 1553/1428/1386 1557/1431/1389 1554/1432/1390
f 1529/1433/1391 1501/1434/1392 1541/1435/1393
f 1592/1436/1394 1583/1437/1395 1584/1438/1396
f 1555/1439/1397 1463/1440/1398 1554/1432/1390
f 1457/1441/1399 1555/1439/1397 1551/1442/1400
f 1503/1443/1401 1495/1444/1402 1496/1445/1403
f 1559/1446/1404 1546/1447/1405 1543/1448/1406
f 1469/1331/1284 1476/1449/1407 1452/1329/1282
f 1572/1450/1408 1570/1451/1409 1568/1452/1410
f 1540/1453/1411 1508/1454/1412 1539/1455/1413
f 1474/1456/1414 1461/1457/1415 1472/1458/1416
f 1538/1459/1417 1514/1460/1418 1527/1461/1419
f 1726/1462/1420 1727/1463/1421 1711/1464/1422
f 1604/1465/1423 1573/1466/1424 1574/1467/1425
f 1463/1440/1398 1466/1468/1426 1465/1469/1427
f 1573/1466/1424 1836/1470/1428 1835/1471/1429
f 1457/1441/1399 1466/1468/1426 1464/1472/1430
f 1682/1473/1431 1440/1474/1432 1701/1475/1433
f 1515/1476/1434 1483/1477/1435 1517/1478/1436
f 1548/1479/1437 1478/1480/1438 1549/1481/1439
f 1422/1482/1440 1438/1483/1441 1445/1484/1442
f 1523/1485/1443 1562/1486/1444 1563/1426/1384
f 1480/1487/1445 1483/1477/1435 1479/1488/1446
f 1560/1489/1447 1520/1490/1448 1519/1491/1449
f 1548/1479/1437 1520/1490/1448 1560/1489/1447
f 1516/1194/1146 1489/1492/1450 1488/1493/1451
f 1537/1494/1452 1532/1495/1453 1526/1496/1454
f 1518/1497/1455 1484/1498/1456 1517/1478/1436
f 1530/1499/1457 1538/1459/1417 1528/1500/1458
f 1486/1501/1459 1517/1478/1436 1484/1498/1456
f 1486/1501/1459 1566/1502/1460 1487/1503/1461
f 1506/1504/1462 1536/1505/1463 1513/1506/1464
f 1519/1491/1449 1518/1497/1455 1522/1507/1465
f 1514/1460/1418 1545/1508/1466 1534/1509/1467
f 1545/1508/1466 1556/1510/1468 1557/1431/1389
f 1704/1511/1469 1418/1324/1277 1682/1473/1431
f 1510/1512/1470 1544/1513/1471 1547/1514/1472
f 1446/1515/1473 1414/1516/1474 1413/1517/1475
f 1526/1496/1454 1500/1518/1476 1537/1494/1452
f 1530/1499/1457 1502/1519/1477 1529/1433/1391
f 1564/1425/1383 1558/1520/1478 1547/1514/1479
f 1376/1362/1315 1297/1363/1316 1377/1246/1198
f 1207/1172/1124 1197/1109/1060 1198/1182/1134
f 1289/1199/1151 1270/1234/1186 1286/1197/1149
f 1352/1185/1137 1360/1318/1271 1361/1320/1273
f 1110/1410/1363 1195/1120/1071 1208/1417/1371
f 1373/1315/1268 1384/1275/1227 1385/1285/1238
f 1276/1276/1229 1285/1521/1480 1283/1522/1481
f 1346/1361/1314 1345/1366/1319 1349/1256/1208
f 1305/1523/1482 1394/1243/1195 1306/1240/1192
f 1305/1523/1482 1344/1365/1318 1303/1245/1197
f 1310/1092/1043 1303/1245/1197 1309/1093/1044
f 1345/1366/1319 1303/1245/1197 1344/1365/1318
f 1230/1524/1483 1228/1525/1484 1235/1526/1485
f 1243/1204/1156 1269/1308/1261 1238/1233/1185
f 1536/1505/1463 1237/1067/1018 1513/1506/1464
f 1259/1069/1020 1524/1527/1486 1533/1528/1487
f 1269/1308/1261 1286/1197/1149 1270/1234/1186
f 1343/1379/1332 1308/1224/1176 1307/1375/1328
f 1220/1529/1488 1566/1502/1460 1491/1213/1165
f 1375/1311/1264 1386/1271/1223 1371/1273/1225
f 1213/1247/1199 1273/1530/1489 1274/1248/1200
f 1224/1203/1155 1566/1502/1460 1221/1531/1490
f 1262/1532/1491 1256/1212/1164 1254/1533/1492
f 1245/1186/1138 1220/1529/1488 1218/1207/1159
f 1259/1069/1020 1261/1534/1493 1252/1083/1034
f 1244/1179/1131 1221/1531/1490 1220/1529/1488
f 1290/1535/1494 1247/1218/1170 1248/1201/1153
f 1271/1113/1064 1267/1227/1179 1288/1111/1062
f 1282/1282/1235 1285/1521/1480 1284/1299/1252
f 1248/1201/1153 1219/1208/1160 1223/1195/1147
f 1290/1535/1494 1216/1174/1126 1247/1218/1170
f 1249/1536/1495 1212/1188/1140 1251/1192/1144
f 1244/1179/1131 1217/1187/1139 1249/1536/1495
f 1092/1149/1101 1200/1537/1496 1196/1265/1217
f 1222/1202/1154 1248/1201/1153 1223/1195/1147
f 1273/1530/1489 1211/1538/1497 1272/1200/1152
f 1243/1204/1156 1262/1532/1498 1253/1068/1019
f 1299/1257/1209 1302/1370/1323 1298/1268/1220
f 1241/1229/1181 1257/1215/1499 1264/1539/1500
f 1200/1537/1496 1098/1155/1107 1199/1253/1205
f 1579/1540/1501 1918/1541/1502 1576/1542/1503
f 1198/1182/1134 1202/1254/1206 1199/1253/1205
f 1428/1543/1504 1427/1368/1321 1429/1287/1240
f 1622/1544/1505 1623/1545/1506 1613/1546/1507
f 1605/1547/1508 1604/1465/1423 1606/1548/1509
f 1426/1549/1510 1404/1344/1297 1402/1262/1214
f 1575/1550/1511 1918/1541/1502 1836/1470/1428
f 1609/1551/1512 1648/1552/1513 1649/1553/1514
f 1404/1344/1297 1734/1554/1515 1666/1263/1215
f 1505/1555/1516 1498/1556/1517 1525/1557/1518
f 1646/1558/1519 1605/1547/1508 1606/1548/1509
f 1443/1559/1520 1437/1560/1521 1435/1561/1522
f 1524/1527/1486 1532/1495/1453 1533/1528/1487
f 1434/1562/1523 1435/1561/1522 1442/1563/1524
f 1647/1564/1525 1609/1551/1512 1649/1553/1514
f 1674/1565/1526 1671/1566/1527 1695/1567/1528
f 1602/1568/1529 1647/1564/1525 1652/1569/1530
f 1453/1374/1327 1429/1287/1240 1406/1570/1531
f 1733/1571/1532 1720/1572/1533 1730/1573/1534
f 1694/1574/1535 1700/1575/1536 1701/1475/1433
f 1432/1340/1293 1473/1576/1537 1474/1456/1414
f 1717/1577/1538 1569/1578/1539 1630/1579/1540
f 1864/1580/1541 1617/1581/1542 1885/1582/1543
f 1660/1583/1544 1665/1264/1216 1659/1584/1545
f 1713/1585/1546 1724/1586/1547 1725/1587/1548
f 1688/1588/1549 1687/1589/1550 1691/1590/1551
f 1471/1591/1552 1400/1354/1307 1428/1543/1504
f 1661/1592/1553 1734/1554/1515 1662/1593/1554
f 1491/1213/1165 1484/1498/1456 1490/1214/1166
f 1425/1342/1295 1401/1346/1299 1430/1338/1291
f 1669/1594/1555 1734/1554/1515 1704/1511/1469
f 1661/1592/1553 1686/1595/1556 1659/1584/1545
f 1664/1596/1557 1667/1597/1558 1660/1583/1544
f 1426/1549/1510 1431/1353/1306 1401/1346/1299
f 1684/1598/1559 1662/1593/1554 1733/1571/1532
f 1660/1583/1544 1689/1599/1560 1664/1596/1557
f 1685/1306/1259 1664/1596/1557 1663/1600/1561
f 1666/1263/1215 1659/1584/1545 1665/1264/1216
f 1687/1589/1550 1659/1584/1545 1686/1595/1556
f 1683/1601/1562 1669/1594/1555 1675/1602/1563
f 1715/1603/1564 1726/1462/1420 1711/1464/1422
f 1655/1604/1565 1658/1605/1566 1654/1606/1567
f 1600/1607/1568 1887/1608/1569 1624/1609/1570
f 1654/1606/1567 1690/1610/1571 1692/1611/1572
f 1657/1612/1573 1691/1590/1551 1655/1604/1565
f 1451/1613/1574 1422/1482/1440 1420/1614/1575
f 1625/1615/1576 1598/1616/1577 1599/1617/1578
f 1598/1616/1577 1624/1609/1570 1615/1618/1579
f 1637/1619/1580 1648/1552/1513 1635/1620/1581
f 1716/1621/1582 1653/1622/1583 1717/1577/1538
f 1603/1623/1584 1575/1550/1511 1573/1466/1424
f 1642/1624/1585 1634/1625/1586 1645/1626/1587
f 1638/1627/1588 1641/1628/1589 1640/1629/1590
f 1488/1493/1451 1489/1492/1450 1520/1490/1448
f 1420/1614/1575 1445/1484/1442 1444/1630/1591
f 1637/1619/1580 1643/1631/1592 1636/1632/1593
f 1632/1633/1594 1641/1628/1589 1639/1634/1595
f 1640/1629/1590 1642/1624/1585 1643/1631/1592
f 1532/1495/1453 1513/1506/1464 1533/1528/1487
f 1462/1635/1596 1468/1636/1597 1461/1457/1415
f 1727/1463/1421 1714/1637/1598 1711/1464/1422
f 1649/1553/1514 1636/1632/1593 1647/1564/1525
f 1867/1638/1599 1578/1639/1600 1838/1640/1601
f 1640/1629/1590 1635/1620/1581 1638/1627/1588
f 1650/1641/1602 1633/1642/1603 1631/1643/1604
f 1631/1643/1604 1634/1625/1586 1632/1633/1594
f 1644/1644/1605 1651/1645/1606 1629/1646/1607
f 1645/1626/1587 1633/1642/1603 1644/1644/1605
f 1417/1647/1608 1670/1648/1609 1695/1567/1610
f 1843/1649/1611 1594/1650/1612 1588/1651/1613
f 1610/1652/1614 1583/1437/1615 1582/1653/1616
f 1614/1654/1617 1591/1655/1618 1593/1656/1619
f 1433/1657/1620 1671/1566/1621 1694/1574/1622
f 1616/1658/1623 1843/1649/1611 1588/1651/1613
f 1600/1607/1568 1913/1659/1624 1860/1660/1625
f 1598/1616/1577 1626/1661/1626 1600/1607/1568
f 1596/1662/1627 1628/1663/1628 1597/1664/1629
f 1601/1665/1630 1627/1666/1631 1596/1662/1627
f 1421/1667/1632 1449/1668/1471 1423/1669/1633
f 1615/1618/1579 1616/1658/1634 1623/1545/1506
f 1579/1540/1501 1652/1569/1530 1618/1670/1635
f 1888/1671/1636 1595/1672/1637 1864/1580/1541
f 1621/1673/1638 1613/1546/1507 1614/1654/1617
f 1620/1674/1639 1614/1654/1617 1612/1675/1640
f 1450/1429/1387 1467/1676/1641 1451/1613/1574
f 1611/1677/1642 1612/1675/1640 1619/1678/1643
f 1579/1540/1501 1601/1665/1630 1595/1672/1637
f 1465/1469/1427 1460/1679/1644 1463/1440/1398
f 1535/1680/1645 1512/1681/1646 1542/1682/1647
f 1607/1683/1648 1568/1452/1410 1609/1551/1512
f 1456/1684/1649 1459/1685/1650 1457/1441/1399
f 1558/1520/1478 1559/1446/1404 1543/1448/1406
f 1608/1686/1651 1571/1687/1652 1570/1451/1409
f 1470/1688/1653 1458/1689/1654 1469/1331/1284
f 1473/1576/1537 1553/1428/1386 1460/1679/1644
f 1551/1442/1400 1556/1510/1468 1559/1446/1404
f 1498/1556/1517 1526/1496/1454 1524/1527/1486
f 1556/1510/1468 1554/1432/1390 1557/1431/1389
f 1534/1509/1467 1557/1431/1389 1552/1427/1385
f 1408/1322/1275 1477/1690/1655 1441/1691/1656
f 1460/1679/1644 1554/1432/1390 1463/1440/1398
f 1456/1684/1649 1551/1442/1400 1550/1424/1382
f 1550/1424/1382 1559/1446/1404 1558/1520/1478
f 1512/1681/1646 1561/1237/1189 1544/1513/1471
f 1565/1692/1657 1552/1427/1385 1562/1486/1444
f 1507/1693/1658 1546/1447/1405 1545/1508/1466
f 1549/1481/1439 1397/1694/1659 1455/1695/1660
f 1565/1692/1657 1494/1696/1661 1534/1509/1467
f 1485/1697/1662 1490/1214/1166 1484/1498/1456
f 1510/1512/1470 1543/1448/1663 1511/1698/1664
f 1489/1492/1450 1492/1209/1161 1485/1697/1662
f 1529/1433/1391 1539/1455/1413 1530/1499/1457
f 1515/1476/1434 1487/1503/1461 1565/1692/1657
f 1528/1500/1458 1527/1461/1419 1537/1494/1452
f 1485/1697/1662 1520/1490/1448 1489/1492/1450
f 1514/1460/1418 1494/1696/1661 1506/1504/1462
f 1523/1485/1443 1473/1576/1537 1432/1340/1293
f 1479/1488/1446 1521/1699/1665 1523/1485/1443
f 1560/1489/1447 1482/1700/1666 1478/1480/1438
f 1482/1700/1666 1522/1507/1465 1480/1487/1445
f 1517/1478/1436 1522/1507/1465 1518/1497/1455
f 1419/1430/1388 1451/1613/1574 1420/1614/1575
f 1462/1635/1596 1473/1576/1537 1460/1679/1644
f 1562/1486/1444 1515/1476/1434 1565/1692/1657
f 1837/1701/1667 1578/1639/1600 1574/1467/1425
f 1467/1676/1641 1459/1685/1650 1470/1688/1653
f 1531/1702/1668 1511/1698/1664 1540/1453/1411
f 1602/1568/1529 1576/1542/1503 1575/1550/1511
f 1465/1469/1427 1467/1676/1641 1468/1636/1597
f 1606/1548/1509 1574/1467/1425 1578/1639/1600
f 1441/1691/1656 1468/1636/1597 1450/1429/1387
f 1539/1455/1413 1507/1693/1658 1538/1459/1417
f 1774/1703/1669 1743/1704/1670 1747/1705/1671
f 1681/1706/1672 1729/1707/1673 1712/1708/1626
f 1697/1709/1674 1675/1602/1563 1700/1575/1536
f 1772/1710/1675 1742/1711/1676 1743/1704/1670
f 1700/1575/1536 1682/1473/1431 1701/1475/1433
f 1770/1712/1677 1745/1713/1678 1744/1714/1679
f 1698/1715/1680 1680/1716/1681 1708/1717/1682
f 1742/1711/1676 1125/1398/1351 1124/1097/1048
f 1696/1718/1683 1673/1719/1684 1705/1720/1685
f 1663/1600/1561 1664/1596/1557 1689/1599/1560
f 1126/1082/1033 1747/1705/1671 1743/1704/1670
f 1730/1573/1534 1684/1598/1559 1733/1571/1532
f 1771/1721/1686 1744/1714/1679 1742/1711/1676
f 1684/1598/1559 1658/1605/1566 1686/1595/1556
f 1748/1722/1687 1210/1089/1040 1745/1713/1678
f 1718/1723/1688 1727/1463/1421 1726/1462/1420
f 1686/1595/1556 1691/1590/1551 1687/1589/1550
f 1732/1724/1689 1726/1462/1420 1715/1603/1564
f 1692/1611/1572 1730/1573/1534 1731/1725/1690
f 1631/1643/1604 1719/1726/1691 1718/1723/1688
f 1728/1727/1692 1657/1612/1573 1653/1622/1583
f 1650/1641/1602 1718/1723/1688 1732/1724/1689
f 1728/1727/1692 1689/1599/1560 1688/1588/1549
f 1635/1620/1581 1722/1728/1693 1638/1627/1588
f 1692/1611/1572 1648/1552/1513 1609/1551/1512
f 1731/1725/1690 1720/1572/1533 1721/1729/1694
f 1716/1621/1582 1689/1599/1560 1728/1727/1692
f 1702/1730/1695 1725/1587/1548 1720/1572/1533
f 1721/1729/1694 1725/1587/1548 1722/1728/1693
f 1724/1586/1547 1722/1728/1693 1725/1587/1548
f 1723/1731/1696 1638/1627/1588 1722/1728/1693
f 1719/1726/1691 1724/1586/1547 1727/1463/1421
f 1632/1633/1594 1723/1731/1696 1719/1726/1691
f 1693/1732/1697 1710/1733/1698 1699/1734/1699
f 1648/1552/1513 1721/1729/1694 1635/1620/1581
f 1699/1734/1699 1698/1715/1680 1709/1735/1700
f 1799/1736/1701 1735/1737/1702 1798/1738/1703
f 1776/1739/1704 1740/1740/1705 1738/1741/1706
f 1679/1742/1707 1711/1464/1422 1680/1716/1681
f 1741/1743/1708 1738/1741/1706 1736/1744/1709
f 1675/1602/1563 1704/1511/1469 1682/1473/1431
f 1775/1745/1710 1736/1744/1709 1777/1746/1711
f 1733/1571/1532 1669/1594/1555 1702/1730/1695
f 1710/1733/1698 1679/1742/1707 1698/1715/1680
f 1797/1747/1712 1793/1748/1713 1814/1749/1714
f 1683/1601/1562 1713/1585/1546 1702/1730/1695
f 1708/1717/1682 1677/1750/1715 1707/1751/1716
f 1748/1722/1687 1769/1752/1717 1763/1753/1718
f 1707/1751/1716 1676/1754/1719 1706/1755/1720
f 1160/1401/1354 1747/1705/1671 1127/1756/1721
f 1680/1716/1681 1714/1637/1598 1677/1750/1715
f 1706/1755/1720 1683/1601/1562 1697/1709/1674
f 1785/1757/1722 1787/1758/1723 1778/1759/1724
f 1779/1760/1725 1780/1761/1726 1787/1758/1723
f 1762/1762/1727 1132/1763/1728 1170/1422/1729
f 1789/1764/1730 1781/1765/1731 1782/1766/1732
f 1787/1758/1723 1754/1767/1733 1753/1768/1734
f 1792/1769/1735 1168/1397/1350 1784/1770/1736
f 1783/1771/1737 1784/1770/1736 1791/1772/1738
f 1815/1773/1739 1796/1774/1740 1812/1775/1741
f 1793/1748/1713 1766/1776/1742 1767/1777/1743
f 1814/1749/1714 1793/1748/1713 1815/1773/1739
f 1744/1714/1679 1210/1089/1040 1125/1398/1351
f 1182/1090/1041 1763/1753/1718 1157/1394/1347
f 1766/1776/1742 1792/1769/1735 1783/1771/1737
f 1773/1778/1744 1772/1710/1675 1774/1703/1669
f 1748/1722/1687 1822/1779/1745 1786/1780/1746
f 1768/1781/1747 1181/1150/1102 1792/1769/1735
f 1737/1782/1748 1799/1736/1701 1800/1783/1749
f 1769/1752/1717 1795/1784/1750 1764/1785/1751
f 1765/1786/1752 1790/1787/1753 1789/1764/1730
f 1795/1784/1750 1812/1775/1741 1796/1774/1740
f 1764/1785/1751 1796/1774/1740 1765/1786/1752
f 1764/1785/1751 1789/1764/1730 1788/1788/1754
f 1822/1779/1745 1806/1789/1755 1786/1780/1746
f 1796/1774/1740 1767/1777/1743 1765/1786/1752
f 1769/1752/1717 1788/1788/1754 1779/1760/1725
f 1785/1757/1722 1169/1139/1756 1179/1408/1361
f 1763/1753/1718 1779/1760/1725 1785/1757/1722
f 1766/1776/1742 1794/1790/1757 1768/1781/1747
f 1157/1394/1347 1785/1757/1722 1179/1408/1361
f 1784/1770/1736 1136/1117/1068 1757/1791/1758
f 1767/1777/1743 1783/1771/1737 1790/1787/1753
f 1778/1759/1724 1753/1768/1734 1752/1792/1759
f 1746/1793/1760 1774/1703/1669 1747/1705/1671
f 1136/1117/1068 1761/1794/1761 1757/1791/1758
f 1770/1712/1677 1817/1795/1762 1822/1779/1745
f 1743/1704/1670 1124/1097/1048 1126/1082/1033
f 1770/1712/1677 1741/1743/1708 1775/1745/1710
f 1771/1721/1686 1776/1739/1704 1741/1743/1708
f 1755/1796/1763 1760/1797/1764 1759/1798/1765
f 1817/1795/1762 1777/1746/1711 1819/1799/1766
f 1816/1800/1767 1740/1740/1705 1773/1778/1744
f 1816/1800/1767 1773/1778/1744 1774/1703/1669
f 1818/1801/1768 1777/1746/1711 1874/1802/1769
f 1798/1738/1703 1774/1703/1669 1746/1793/1760
f 1790/1787/1753 1791/1772/1738 1781/1765/1731
f 1471/1591/1552 1428/1543/1504 1429/1287/1240
f 1820/1803/1770 1803/1804/1771 1801/1805/1772
f 1440/1474/1432 1442/1563/1524 1433/1657/1773
f 1602/1568/1529 1572/1450/1408 1607/1683/1648
f 1603/1623/1584 1608/1686/1651 1572/1450/1408
f 1646/1558/1519 1571/1687/1652 1605/1547/1508
f 1444/1630/1591 1436/1806/1774 1437/1560/1521
f 1438/1483/1441 1439/1807/1775 1446/1515/1473
f 1408/1322/1275 1734/1554/1515 1405/1343/1296
f 1574/1467/1425 1835/1471/1429 1837/1701/1667
f 1667/1597/1558 1407/1289/1242 1403/1288/1241
f 1403/1288/1241 1665/1264/1216 1667/1597/1558
f 1652/1569/1530 1636/1632/1593 1618/1670/1635
f 1397/1694/1659 1454/1372/1325 1455/1695/1660
f 1801/1805/1772 1804/1808/1776 1802/1809/1777
f 1477/1690/1655 1461/1457/1415 1441/1691/1656
f 1586/1810/1778 1584/1438/1396 1593/1656/1619
f 1590/1811/1779 1591/1655/1780 1587/1812/1781
f 1612/1675/1640 1593/1656/1619 1584/1438/1396
f 1436/1806/1782 1413/1517/1475 1415/1813/1783
f 1435/1561/1522 1416/1814/1784 1412/1815/1785
f 1442/1563/1524 1412/1815/1785 1411/1816/1786
f 1807/1817/1787 1818/1801/1768 1805/1818/1788
f 1802/1809/1777 1811/1819/1789 1809/1820/1790
f 1469/1331/1284 1448/1330/1283 1470/1688/1653
f 1812/1775/1741 1804/1808/1776 1815/1773/1739
f 1424/1323/1276 1443/1559/1520 1434/1562/1523
f 1421/1667/1632 1447/1821/1791 1438/1483/1441
f 1808/1822/1792 1811/1819/1789 1810/1823/1793
f 1814/1749/1714 1821/1824/1794 1797/1747/1712
f 1810/1823/1793 1812/1775/1741 1813/1825/1795
f 1418/1324/1277 1434/1562/1523 1440/1474/1432
f 1597/1664/1629 1622/1544/1505 1621/1673/1638
f 1406/1570/1531 1429/1287/1240 1407/1289/1242
f 1596/1662/1627 1621/1673/1638 1620/1674/1639
f 1595/1672/1637 1611/1677/1796 1617/1581/1542
f 1807/1817/1787 1813/1825/1795 1806/1789/1755
f 1815/1773/1739 1803/1804/1771 1814/1749/1714
f 1786/1780/1746 1813/1825/1795 1795/1784/1750
f 1472/1458/1416 1432/1340/1293 1474/1456/1414
f 1819/1799/1766 1806/1789/1755 1817/1795/1762
f 1425/1342/1295 1472/1458/1416 1477/1690/1655
f 1810/1823/1793 1805/1818/1788 1808/1822/1792
f 1869/1826/1797 1829/1827/1798 1868/1828/1799
f 1900/1829/1800 1823/1830/1801 1901/1831/1802
f 1827/1832/1803 1873/1833/1804 1825/1834/1805
f 1824/1835/1806 1872/1836/1807 1874/1802/1769
f 1834/1837/1808 1837/1701/1667 1830/1838/1809
f 1865/1839/1810 1839/1840/1811 1857/1841/1812
f 1867/1638/1599 1834/1837/1808 1833/1842/1813
f 1830/1838/1809 1871/1843/1814 1834/1837/1808
f 1899/1844/1815 1910/1845/1816 1895/1846/1817
f 1836/1470/1428 1829/1827/1798 1835/1471/1429
f 1831/1847/1818 1868/1828/1799 1829/1827/1798
f 1839/1840/1811 1918/1541/1502 1888/1671/1636
f 1917/1848/1819 1904/1849/1820 1914/1850/1821
f 1870/1851/1822 1869/1826/1797 1873/1833/1804
f 1901/1831/1802 1737/1782/1748 1800/1783/1749
f 1831/1847/1818 1918/1541/1502 1832/1852/1823
f 1830/1838/1809 1835/1471/1429 1829/1827/1798
f 1897/1853/1824 1908/1854/1825 1909/1855/1826
f 1854/1856/1827 1846/1857/1828 1851/1858/1829
f 1852/1859/1830 1853/1860/1831 1848/1861/1832
f 1850/1862/1833 1852/1859/1830 1856/1863/1834
f 1879/1864/1835 1855/1865/1836 1881/1866/1837
f 1866/1867/1838 1832/1852/1823 1917/1848/1819
f 1880/1868/1839 1849/1869/1840 1893/1870/1841
f 1844/1871/1842 1877/1872/1843 1876/1873/1844
f 1852/1859/1830 1841/1874/1845 1856/1863/1834
f 1825/1834/1805 1828/1875/1846 1824/1835/1806
f 1801/1805/1772 1903/1876/1847 1902/1877/1848
f 1940/1878/1849 1965/1879/1850 1938/1880/1851
f 1964/1881/1852 1934/1882/1853 1936/1883/1854
f 1958/1884/1855 1919/1885/1856 1957/1886/1857
f 1935/1887/1858 1976/1888/1859 1975/1889/1860
f 1962/1890/1861 1923/1891/1862 1961/1892/1863
f 2020/1893/1864 1986/1894/1865 1987/1895/1866
f 1874/1802/1769 1915/1896/1867 1818/1801/1768
f 1908/1854/1825 1906/1897/1868 1909/1855/1826
f 2002/1898/1869 2022/1899/1870 2012/1900/1871
f 2030/1901/1872 2005/1902/1873 2025/1903/1874
f 1998/1904/1875 2020/1893/1864 2021/1905/1876
f 2016/1906/1877 1982/1907/1878 1983/1908/1879
f 1912/1909/1880 1827/1832/1803 1823/1830/1801
f 1863/1910/1881 1913/1659/1624 1896/1911/1882
f 1992/1912/1883 2019/1913/1884 1994/1914/1885
f 1937/1915/1886 1975/1889/1860 1973/1916/1887
f 2023/1917/1888 2009/1918/1889 2024/1919/1890
f 1957/1886/1857 1929/1920/1891 1967/1921/1892
f 1972/1922/1893 1937/1915/1886 1973/1916/1887
f 2025/1903/1874 2007/1923/1894 2023/1917/1888
f 1902/1877/1848 1911/1924/1895 1910/1845/1816
f 1961/1892/1863 1922/1925/1896 1960/1926/1897
f 2031/1927/1898 1999/1928/1899 2001/1929/1900
f 1882/1930/1901 1862/1931/1902 1892/1932/1903
f 1893/1870/1841 1892/1932/1903 1880/1868/1839
f 1858/1933/1904 1898/1934/1905 1897/1853/1824
f 2024/1919/1890 2011/1935/1906 2026/1936/1907
f 1960/1926/1897 1921/1937/1908 1959/1938/1909
f 1974/1939/1910 1939/1940/1911 1972/1922/1893
f 2015/1941/1912 1981/1942/1913 1982/1907/1878
f 1878/1943/1914 1857/1841/1812 1884/1944/1915
f 1976/1888/1859 1993/1945/1916 2029/1946/1917
f 2032/1947/1918 2011/1935/1906 1991/1948/1919
f 1818/1801/1768 1905/1949/1920 1805/1818/1788
f 1945/1950/1921 1978/1951/1922 1977/1952/1923
f 1978/1951/1922 1941/1953/1924 1974/1939/1910
f 2017/1954/1925 1983/1908/1879 1984/1955/1926
f 1910/1845/1816 1911/1924/1895 1895/1846/1817
f 1963/1956/1927 1956/1957/1928 1934/1882/1853
f 1861/1958/1929 1895/1846/1817 1862/1931/1902
f 1965/1879/1850 1926/1959/1930 1964/1881/1852
f 1891/1960/1931 1858/1933/1904 1890/1961/1932
f 1903/1876/1847 1908/1854/1825 1911/1924/1895
f 1914/1850/1821 1866/1867/1838 1917/1848/1819
f 1959/1938/1909 1946/1962/1933 1948/1963/1934
f 2012/1900/1871 1989/1964/1935 1979/1965/1936
f 2028/1966/1937 1997/1967/1938 1999/1928/1899
f 1949/1968/1939 1971/1969/1940 1970/1970/1941
f 2013/1971/1942 1979/1965/1936 1980/1972/1943
f 1868/1828/1799 1873/1833/1804 1869/1826/1797
f 1879/1864/1835 1878/1943/1914 1889/1973/1944
f 1886/1974/1945 1909/1855/1826 1904/1849/1820
f 1947/1975/1946 1977/1952/1923 1971/1969/1940
f 1887/1608/1569 1863/1910/1881 1894/1976/1947
f 1917/1848/1819 1839/1840/1811 1886/1974/1945
f 2031/1927/1898 2003/1977/1948 2030/1901/1872
f 1944/1978/1949 1967/1921/1892 1942/1979/1950
f 1880/1868/1839 1891/1960/1931 1881/1866/1837
f 1805/1818/1788 1906/1897/1868 1808/1822/1792
f 1953/1980/1951 1962/1890/1861 1932/1981/1952
f 2004/1982/1953 2014/1983/1954 2006/1984/1955
f 1938/1880/1851 1964/1881/1852 1936/1883/1854
f 1881/1866/1837 1853/1860/1831 1880/1868/1839
f 1942/1979/1950 1966/1985/1956 1940/1878/1849
f 1916/1986/1957 1910/1845/1816 1899/1844/1815
f 1958/1884/1855 1944/1978/1949 1946/1962/1933
f 1820/1803/1770 1902/1877/1848 1916/1986/1957
f 1950/1987/1958 1959/1938/1909 1948/1963/1934
f 1915/1896/1867 1904/1849/1820 1905/1949/1920
f 1932/1981/1952 1961/1892/1863 1951/1988/1959
f 1905/1949/1920 1909/1855/1826 1906/1897/1868
f 1969/1989/1960 1984/1955/1926 1931/1990/1961
f 1907/1991/1962 1808/1822/1792 1906/1897/1868
f 2021/1905/1876 1987/1895/1866 1988/1992/1963
f 1802/1809/1777 1907/1991/1962 1903/1876/1847
f 1968/1993/1964 1985/1994/1965 2018/1995/1966
f 1969/1996/1960 1924/1997/1967 1962/1890/1861
f 1911/1924/1895 1898/1934/1905 1895/1846/1817
f 2022/1899/1870 1988/1992/1963 1989/1964/1935
f 1966/1985/1956 1927/1998/1968 1965/1879/1850
f 1894/1976/1947 1861/1958/1929 1882/1930/1901
f 1925/1999/1969 1968/1993/1964 1963/1956/1927
f 1892/1932/1903 1859/2000/1970 1891/1960/1931
f 2014/1983/1954 1980/1972/1943 1981/1942/1913
f 1967/1921/1892 1928/2001/1971 1966/1985/1956
f 1890/1961/1932 1865/1839/1810 1878/1943/1914
f 1955/2002/1972 1992/1912/1883 1993/1945/1916
f 1964/1881/1852 1925/1999/1969 1963/1956/1927
f 1991/1948/1919 2010/2003/1973 1990/2004/1974
f 1959/1938/1909 1920/2005/1975 1958/1884/1855
f 1833/1842/1813 1834/1837/1808 1871/1843/1814
f 2011/1935/1906 2008/2006/1976 2010/2003/1973
f 1934/1882/1853 1955/2002/1972 1935/1887/1858
f 1866/1867/1838 1828/1875/1846 1868/1828/1799
f 2007/1923/1894 2008/2006/1976 2009/1918/1889
f 1933/2007/1977 1951/1988/1959 1952/2008/1978
f 1874/1802/1769 1914/1850/1821 1915/1896/1867
f 2005/1902/1873 2006/1984/1955 2007/1923/1894
f 1912/1909/1880 1871/1843/1814 1870/1851/1822
f 2003/1977/1948 2004/1982/1953 2005/1902/1873
f 1900/1829/1800 1871/1843/1814 1912/1909/1880
f 2001/1929/1900 2002/1898/1869 2003/1977/1948
f 1948/1963/1934 1947/1975/1946 1949/1968/1939
f 1889/1973/1944 1884/1944/1915 1877/1872/1979
f 2001/1929/1900 1998/1904/1875 2000/2009/1980
f 1946/1962/1933 1945/1950/1921 1947/1975/1946
f 1881/1866/1837 1890/1961/1932 1879/1864/1835
f 1944/1978/1949 1943/2010/1981 1945/1950/1921
f 1875/2011/1982 1894/1976/1947 1883/2012/1983
f 1997/1967/1984 1994/1914/1885 1996/2013/1985
f 1943/2010/1981 1940/1878/1849 1941/1953/1924
f 1893/1870/1841 1850/1862/1833 1883/2012/1986
f 1941/1953/1924 1938/1880/1851 1939/1940/1911
f 1857/1841/1812 1888/1671/1636 1864/1580/1541
f 1954/2014/1987 1990/2004/1974 1953/2015/1951
f 1865/1839/1810 1897/1853/1824 1886/1974/1945
f 1953/2015/1951 2017/1954/1925 1969/1989/1960
f 1936/1883/1854 1935/1887/1858 1937/1915/1886
f 1996/2013/1985 2019/1913/1884 2020/1893/1864
f 1861/1958/1929 1896/1911/1882 1899/1844/1815
f 2000/2009/1980 2021/1905/1876 2022/1899/1870
f 2002/1898/1869 2013/1971/1942 2004/1982/1953
f 2101/1948/1988 2119/2003/1989 2100/2004/1990
f 2085/1888/1991 2103/1945/1992 2137/1946/1993
f 2129/1893/1994 2096/1894/1995 2097/1895/1996
f 2123/1983/1997 2091/1972/1998 2092/1942/1999
f 2187/1985/2000 2148/1998/2001 2186/1879/2002
f 2122/1971/2003 2090/1965/2004 2091/1972/1998
f 2131/1899/2005 2098/1992/2006 2099/1964/2007
f 2125/1906/2008 2093/1907/2009 2094/1908/2010
f 2075/1993/2011 2095/1994/2012 2127/1995/2013
f 2110/2009/2014 2130/1905/2015 2131/1899/2005
f 2130/1905/2015 2097/1895/1996 2098/1992/2006
f 2124/1941/2016 2092/1942/1999 2093/1907/2009
f 2102/1912/2017 2128/1913/2018 2104/1914/2019
f 2060/2015/2020 2126/1954/2021 2076/1989/2022
f 2070/1956/2023 2063/1957/2024 2040/1882/2025
f 2038/1981/2026 2068/1892/2027 2058/1988/2028
f 2056/1987/2029 2066/1938/2030 2054/1963/2031
f 2066/1938/2030 2052/1962/2032 2054/1963/2031
f 2061/2014/2033 2100/2004/1990 2060/2015/2020
f 2137/1946/1993 2105/2016/2034 2135/2017/2035
f 2050/1978/2036 2074/1921/2037 2048/1979/2038
f 2048/1979/2038 2073/1985/2039 2046/1878/2040
f 2103/1945/1992 2104/1914/2019 2105/2016/2034
f 2134/2018/2041 2105/2016/2034 2107/1967/2042
f 2046/1878/2040 2072/1879/2043 2044/1880/2044
f 2044/1880/2044 2071/1881/2045 2042/1883/2046
f 2071/1881/2045 2040/1882/2025 2042/1883/2046
f 2060/1980/2020 2069/1890/2047 2038/1981/2026
f 2061/2019/2033 2038/1981/2026 2039/2007/2048
f 2043/1915/2049 2084/1889/2050 2082/1916/2051
f 2045/1940/2052 2042/1883/2046 2043/1915/2053
f 2047/1953/2054 2044/1880/2044 2045/1940/2052
f 2087/1951/2055 2047/1953/2054 2083/1939/2056
f 2051/1950/2057 2087/1951/2055 2086/1952/2058
f 2050/1978/2036 2049/2010/2059 2051/1950/2057
f 2136/1966/2060 2107/1967/2042 2109/1928/2061
f 2109/1928/2061 2106/2013/2062 2108/1904/2063
f 2052/1962/2032 2051/1950/2057 2053/1975/2064
f 2139/1927/2065 2109/1928/2061 2111/1929/2066
f 2111/1929/2066 2108/1904/2063 2110/2009/2014
f 2055/1968/2067 2079/1969/2068 2077/1970/2069
f 2054/1963/2031 2053/1975/2064 2055/1968/2067
f 2139/1927/2065 2113/1977/2070 2138/1901/2071
f 2111/1929/2066 2112/1898/2072 2113/1977/2070
f 2056/1987/2029 2055/1968/2067 2057/2020/2073
f 2059/2008/2074 2078/2021/2075 2080/2022/2076
f 2113/1977/2070 2114/1982/2077 2115/1902/2078
f 2133/1903/2079 2117/1923/2080 2132/1917/2081
f 2088/2023/2082 2059/2008/2074 2080/2022/2076
f 2039/2007/2048 2058/1988/2028 2059/2008/2074
f 2040/1882/2025 2062/2002/2083 2041/1887/2084
f 2072/1879/2043 2034/1959/2085 2071/1881/2045
f 2071/1881/2045 2033/1999/2086 2070/1956/2023
f 2074/1921/2037 2036/2001/2087 2073/1985/2039
f 2033/1999/2086 2075/1993/2011 2070/1956/2023
f 1956/1957/1928 2018/1995/1966 1992/1912/1883
f 2010/2003/1973 2015/1941/1912 2016/1906/1877
f 2008/2006/1976 2014/1983/1954 2015/1941/1912
f 2062/2002/2083 2102/1912/2017 2103/1945/1992
f 2180/1938/2088 2141/2005/2089 2179/1884/2090
f 2183/1890/2091 2144/1891/2092 2182/1892/2093
f 2179/1884/2090 2140/1885/2094 2178/1886/2095
f 2185/1881/2096 2146/1999/2097 2184/1956/2098
f 2121/1900/2099 2099/1964/2007 2090/1965/2004
f 2106/2013/2100 2128/1913/2018 2129/1893/1994
f 2058/1988/2028 2067/1926/2101 2056/1987/2029
f 2065/1884/2102 2050/1978/2036 2052/1962/2032
f 2182/1892/2093 2143/1925/2103 2181/1926/2104
f 2188/1921/2105 2149/2001/2106 2187/1985/2000
f 2146/1999/2097 2189/1993/2107 2184/1956/2098
f 2178/1886/2095 2150/1920/2108 2188/1921/2105
f 2089/2024/2109 2039/2007/2048 2088/2023/2082
f 2083/1939/2056 2045/1940/2052 2081/1922/2110
f 2049/2010/2059 2046/1878/2040 2047/1953/2054
f 2053/1975/2064 2086/1952/2058 2079/1969/2068
f 2181/1926/2104 2142/1937/2111 2180/1938/2088
f 2100/2004/1990 2125/1906/2008 2126/1954/2021
f 2063/1957/2024 2127/1995/2013 2102/1912/2017
f 2057/2020/2073 2077/1970/2069 2078/2021/2075
f 2138/1901/2071 2115/1902/2078 2133/1903/2079
f 2059/2008/2074 2056/1987/2029 2057/2020/2073
f 2041/1887/2084 2085/1888/1991 2084/1889/2050
f 2115/1902/2078 2116/1984/2112 2117/1923/2080
f 2119/2003/1989 2124/1941/2016 2125/1906/2008
f 2118/2006/2113 2123/1983/1997 2124/1941/2016
f 2112/1898/2072 2131/1899/2005 2121/1900/2099
f 2112/1898/2072 2122/1971/2003 2114/1982/2077
f 1990/2004/1974 2016/1906/1877 2017/1954/1925
f 2186/1879/2002 2147/1959/2114 2185/1881/2096
f 2174/2015/2115 2238/1954/2116 2190/1989/2117
f 2252/1901/2118 2226/1902/2119 2246/1903/2120
f 2202/2025/2121 2212/1948/2122 2175/2014/2123
f 2198/1888/2124 2214/1945/2125 2251/1946/2126
f 2213/1912/2127 2240/1913/2128 2215/1914/2129
f 2222/1929/2130 2223/1898/2131 2224/1977/2132
f 2176/2002/2133 2213/1912/2127 2214/1945/2125
f 2217/2013/2134 2240/1913/2128 2241/1893/2135
f 2253/1927/2136 2224/1977/2132 2252/1901/2118
f 2241/1893/2135 2207/1894/2137 2208/1895/2138
f 2250/1966/2139 2218/1967/2140 2220/1928/2141
f 2222/1929/2130 2219/1904/2142 2221/2009/2143
f 2212/1948/2122 2231/2003/2144 2211/2004/2145
f 2219/1904/2142 2241/1893/2135 2242/1905/2146
f 2220/1928/2141 2217/2013/2134 2219/1904/2142
f 2254/1947/2147 2232/1935/2148 2212/1948/2122
f 2253/1927/2136 2220/1928/2141 2222/1929/2130
f 2189/1993/2107 2206/1994/2149 2239/1995/2150
f 2236/1941/2151 2204/1942/2152 2205/1907/2153
f 2218/1967/2140 2215/1914/2129 2217/2013/2134
f 2232/1935/2148 2229/2006/2154 2231/2003/2144
f 2233/1900/2155 2210/1964/2156 2203/1965/2157
f 2248/2018/2158 2216/2016/2159 2218/1967/2140
f 2245/1919/2160 2232/1935/2148 2247/1936/2161
f 2242/1905/2146 2208/1895/2138 2209/1992/2162
f 2246/1903/2120 2228/1923/2163 2244/1917/2164
f 2228/1923/2163 2229/2006/2154 2230/1918/2165
f 2214/1945/2125 2215/1914/2129 2216/2016/2159
f 2226/1902/2119 2227/1984/2166 2228/1923/2163
f 2243/1899/2167 2209/1992/2162 2210/1964/2156
f 2251/1946/2126 2216/2016/2159 2249/2017/2168
f 2244/1917/2164 2230/1918/2165 2245/1919/2160
f 2240/1913/2128 2206/1994/2149 2207/1894/2137
f 2175/2014/2123 2211/2004/2145 2174/2015/2115
f 2224/1977/2132 2225/1982/2169 2226/1902/2119
f 2164/1978/2170 2163/2010/2171 2165/1950/2172
f 2162/1979/2173 2187/1985/2000 2160/1878/2174
f 2328/1929/2175 2329/1898/2176 2330/1977/2177
f 2165/1950/2172 2200/1951/2178 2199/1952/2179
f 2164/1978/2170 2188/1921/2105 2162/1979/2173
f 2163/2010/2171 2160/1878/2174 2161/1953/2180
f 2296/1881/2181 2259/1999/2182 2295/1956/2183
f 2200/1951/2178 2161/1953/2180 2196/1939/2184
f 2294/1890/2185 2257/1891/2186 2293/1892/2187
f 2180/1938/2088 2166/1962/2188 2168/1963/2189
f 2161/1953/2180 2158/1880/2190 2159/1940/2191
f 2168/1963/2189 2167/1975/2192 2169/1968/2193
f 2169/1968/2193 2193/1969/2194 2191/1970/2195
f 2154/1882/2196 2176/2002/2133 2155/1887/2197
f 2175/2019/2123 2152/1981/2198 2153/2007/2199
f 2155/1887/2197 2198/1888/2124 2197/1889/2200
f 2287/2002/2201 2319/1912/2202 2320/1945/2203
f 2201/2023/2204 2173/2008/2205 2194/2022/2206
f 2307/1888/2207 2320/1945/2203 2352/1946/2208
f 2279/1962/2209 2278/1950/2210 2280/1975/2211
f 2297/1879/2212 2260/1959/2213 2296/1881/2181
f 2173/2008/2205 2170/1987/2214 2171/2020/2215
f 2281/1963/2216 2280/1975/2211 2282/1968/2217
f 2172/1988/2218 2181/1926/2104 2170/1987/2214
f 2173/2008/2205 2192/2021/2219 2194/2022/2206
f 2152/1981/2198 2182/1892/2093 2172/1988/2218
f 2174/1980/2115 2183/1890/2091 2152/1981/2198
f 2160/1878/2174 2186/1879/2002 2158/1880/2190
f 2179/1884/2090 2164/1978/2170 2166/1962/2188
f 2184/1956/2098 2177/1957/2220 2154/1882/2196
f 2267/1882/2221 2287/2002/2201 2268/1887/2222
f 2344/1913/2223 2313/1994/2224 2314/1894/2225
f 2170/1987/2214 2180/1938/2088 2168/1963/2189
f 2268/1887/2222 2307/1888/2207 2306/1889/2226
f 2185/1881/2096 2154/1882/2196 2156/1883/2227
f 2332/1902/2228 2333/1984/2229 2334/1923/2230
f 2156/1883/2227 2155/1887/2197 2157/1915/2231
f 2158/1880/2190 2185/1881/2096 2156/1883/2227
f 2157/1915/2231 2197/1889/2200 2195/1916/2232
f 2277/1978/2233 2276/2010/2234 2278/1950/2210
f 2280/1975/2211 2308/1952/2235 2302/1969/2236
f 2330/1977/2177 2331/1982/2237 2332/1902/2228
f 2167/1975/2192 2199/1952/2179 2193/1969/2194
f 2353/1901/2238 2332/1902/2228 2348/1903/2239
f 2166/1962/2188 2165/1950/2172 2167/1975/2192
f 2342/1954/2240 2311/1908/2241 2312/1955/2242
f 2278/1950/2210 2309/1951/2243 2308/1952/2235
f 2368/2007/2244 2387/1988/2245 2388/2008/2246
f 2370/1887/2247 2413/1888/2248 2412/1889/2249
f 2269/1883/2250 2268/1887/2222 2270/1915/2251
f 2283/1987/2252 2291/1938/2253 2281/1963/2216
f 2395/1938/2254 2356/2005/2255 2394/1884/2256
f 2398/1890/2257 2359/1891/2258 2397/1892/2259
f 2400/1881/2260 2361/1999/2261 2399/1956/2262
f 2394/1884/2256 2355/1885/2263 2393/1886/2264
f 2372/1915/2265 2412/1889/2249 2410/1916/2266
f 2371/1883/2267 2370/1887/2247 2372/1915/2265
f 2290/1884/2268 2255/1885/2269 2289/1886/2270
f 2403/1921/2271 2363/2001/2272 2402/1985/2273
f 2374/1940/2274 2371/1883/2267 2372/1915/2265
f 2411/1939/2275 2374/1940/2274 2409/1922/2276
f 2397/1892/2259 2358/1925/2277 2396/1926/2278
f 2347/1899/2279 2315/1992/2280 2316/1964/2281
f 2361/1999/2261 2404/1993/2282 2399/1956/2262
f 2223/1898/2131 2234/1971/2283 2225/1982/2169
f 2415/1951/2284 2376/1953/2285 2411/1939/2275
f 2378/2010/2286 2375/1878/2287 2376/1953/2285
f 2393/1886/2264 2364/1920/2288 2403/1921/2271
f 2211/2004/2145 2237/1906/2289 2238/1954/2116
f 2231/2003/2144 2236/1941/2290 2237/1906/2289
f 2301/1996/2291 2258/1997/2292 2294/1890/2185
f 2396/1926/2278 2357/1937/2293 2395/1938/2254
f 2405/1996/2294 2360/1997/2295 2398/1890/2257
f 2259/1999/2182 2300/1993/2296 2295/1956/2183
f 2289/1886/2270 2263/1920/2297 2299/1921/2298
f 2288/1957/2299 2343/1995/2300 2319/1912/2202
f 2336/2003/2301 2340/1941/2302 2341/1906/2303
f 2335/2006/2304 2339/1983/2305 2340/1941/2302
f 2379/1978/2306 2378/2010/2286 2380/1950/2307
f 2382/1975/2308 2414/1952/2309 2408/1969/2310
f 2305/1939/2311 2272/1940/2312 2303/1922/2313
f 2295/1956/2183 2288/1957/2299 2267/1882/2221
f 2381/1962/2314 2380/1950/2307 2382/1975/2308
f 2384/1968/2315 2408/1969/2310 2406/1970/2316
f 2331/1982/2237 2339/1983/2305 2333/1984/2229
f 2329/1898/2176 2338/1971/2317 2331/1982/2237
f 2383/1963/2318 2382/1975/2308 2384/1968/2315
f 2386/2020/2319 2406/1970/2316 2407/2021/2320
f 2327/2009/2321 2346/1905/2322 2347/1899/2279
f 2385/1987/2323 2384/1968/2315 2386/2020/2319
f 2273/1878/2324 2297/1879/2212 2271/1880/2325
f 2271/1880/2325 2296/1881/2181 2269/1883/2250
f 2285/1980/2326 2294/1890/2185 2266/1981/2327
f 2323/2013/2328 2344/1913/2223 2345/1893/2329
f 2319/1912/2202 2344/1913/2223 2321/1914/2330
f 2291/1938/2253 2279/1962/2209 2281/1963/2216
f 2290/1884/2268 2277/1978/2233 2279/1962/2209
f 2285/2015/2326 2342/1954/2240 2301/1989/2291
f 2286/2014/2331 2317/2004/2332 2285/2015/2326
f 2352/1946/2208 2322/2016/2333 2350/2017/2334
f 2320/1945/2203 2321/1914/2330 2322/2016/2333
f 2349/2018/2335 2322/2016/2333 2324/1967/2336
f 2351/1966/2337 2324/1967/2336 2326/1928/2338
f 2326/1928/2338 2323/2013/2339 2325/1904/2340
f 2328/1929/2175 2325/1904/2340 2327/2009/2321
f 2354/1927/2341 2330/1977/2177 2353/1901/2238
f 2388/2008/2246 2385/1987/2323 2386/2020/2319
f 2272/1940/2312 2269/1883/2250 2270/1915/2251
f 2369/1882/2342 2391/2002/2343 2370/1887/2247
f 2394/1884/2256 2379/1978/2306 2381/1962/2314
f 2379/1978/2306 2403/1921/2271 2377/1979/2344
f 2299/1921/2298 2262/2001/2345 2298/1985/2346
f 2409/1922/2276 2372/1915/2265 2410/1916/2266
f 2301/1989/2291 2312/1955/2242 2265/1990/2347
f 2300/1993/2296 2313/1994/2224 2343/1995/2300
f 2221/2009/2143 2242/1905/2146 2243/1899/2167
f 2223/1898/2131 2243/1899/2167 2233/1900/2155
f 2377/1979/2344 2402/1985/2273 2375/1878/2287
f 2225/1982/2169 2235/1983/2348 2227/1984/2166
f 2177/1957/2220 2239/1995/2150 2213/1912/2127
f 2298/1985/2346 2261/1998/2349 2297/1879/2212
f 2317/2004/2332 2341/1906/2303 2342/1954/2240
f 2380/1950/2307 2415/1951/2284 2414/1952/2309
f 2266/1981/2327 2293/1892/2187 2284/1988/2350
f 2375/1878/2287 2401/1879/2351 2373/1880/2352
f 2373/1880/2352 2400/1881/2353 2371/1883/2267
f 2329/1898/2176 2347/1899/2279 2337/1900/2354
f 2296/1881/2181 2267/1882/2221 2269/1883/2250
f 2277/1978/2233 2299/1921/2298 2275/1979/2355
f 2275/1979/2355 2298/1985/2346 2273/1878/2324
f 2389/1980/2356 2398/1890/2257 2367/1981/2357
f 2309/1951/2243 2274/1953/2358 2305/1939/2311
f 2276/2010/2234 2273/1878/2324 2274/1953/2358
f 2354/1927/2341 2326/1928/2338 2328/1929/2175
f 2303/1922/2313 2270/1915/2251 2304/1916/2359
f 2387/1988/2245 2396/1926/2278 2385/1987/2323
f 2451/1983/2360 2417/1972/2361 2418/1942/2362
f 2385/1987/2323 2395/1938/2254 2383/1963/2318
f 2466/1946/2363 2432/2016/2364 2464/2017/2365
f 2454/1954/2366 2420/1908/2367 2421/1955/2368
f 2449/1900/2369 2426/1964/2370 2416/1965/2371
f 2458/1905/2372 2424/1895/2373 2425/1992/2374
f 2453/1906/2375 2419/1907/2376 2420/1908/2367
f 2404/1993/2282 2422/1994/2377 2455/1995/2378
f 2413/1888/2248 2430/1945/2379 2466/1946/2363
f 2452/1941/2380 2418/1942/2362 2419/1907/2376
f 2405/1989/2294 2421/1955/2368 2366/1990/2381
f 2367/1981/2357 2397/1892/2259 2387/1988/2245
f 2391/2002/2343 2429/1912/2382 2430/1945/2379
f 2457/1893/2383 2423/1894/2384 2424/1895/2373
f 2448/1935/2385 2445/2006/2386 2447/2003/2387
f 2428/1948/2388 2447/2003/2387 2427/2004/2389
f 2442/1902/2390 2443/1984/2391 2444/1923/2392
f 2465/1966/2393 2434/1967/2394 2436/1928/2395
f 2460/1917/2396 2446/1918/2397 2461/1919/2398
f 2470/2026/2399 2476/2027/2400 2475/2028/2401
f 2436/1928/2395 2433/2013/2402 2435/1904/2403
f 2468/1927/2404 2440/1977/2405 2467/1901/2406
f 2438/1929/2407 2439/1898/2408 2440/1977/2405
f 2438/1929/2407 2435/1904/2403 2437/2009/2409
f 2468/1927/2404 2436/1928/2395 2438/1929/2407
f 2463/2018/2410 2432/2016/2364 2434/1967/2394
f 2467/1901/2406 2442/1902/2390 2462/1903/2411
f 2440/1977/2405 2441/1982/2412 2442/1902/2390
f 2462/1903/2411 2444/1923/2392 2460/1917/2396
f 2430/1945/2379 2431/1914/2413 2432/2016/2364
f 2434/1967/2394 2431/1914/2413 2433/2013/2402
f 2429/1912/2382 2456/1913/2414 2431/1914/2413
f 2389/2015/2356 2454/1954/2366 2405/1989/2294
f 2390/2014/2415 2427/2004/2389 2389/2015/2356
f 2435/1904/2403 2457/1893/2383 2458/1905/2372
f 2471/2029/2416 2538/2030/2417 2472/2031/2418
f 2456/1913/2414 2422/1994/2377 2423/1894/2384
f 2473/2032/2419 2469/2033/2420 2470/2026/2399
f 2447/2003/2387 2452/1941/2380 2453/1906/2375
f 2445/2006/2386 2451/1983/2360 2452/1941/2380
f 2392/1957/2421 2455/1995/2378 2429/1912/2382
f 2427/2004/2389 2453/1906/2375 2454/1954/2366
f 2550/2034/2422 2491/2035/2423 2481/2036/2424
f 2441/1982/2412 2451/1983/2360 2443/1984/2391
f 2439/1898/2408 2450/1971/2425 2441/1982/2412
f 2437/2009/2409 2458/1905/2372 2459/1899/2426
f 2477/2037/2427 2482/2038/2428 2480/2039/2429
f 2479/2040/2430 2480/2039/2429 2483/2041/2431
f 2473/2032/2419 2480/2039/2429 2482/2038/2428
f 2471/2029/2416 2551/2042/2432 2537/2043/2433
f 2479/2040/2430 2490/2044/2434 2477/2037/2427
f 2490/2044/2434 2478/2045/2435 2477/2037/2427
f 2496/2046/2436 2474/2047/2437 2473/2032/2419
f 2476/2027/2400 2485/2048/2438 2471/2029/2416
f 2523/2049/2439 2519/2050/2440 2522/2051/2441
f 2498/2052/2442 2500/2053/2443 2499/2054/2444
f 2492/2055/2445 2479/2040/2430 2483/2041/2431
f 2475/2028/2401 2481/2036/2424 2483/2041/2431
f 2499/2054/2444 2495/2056/2446 2496/2046/2436
f 2459/1899/2426 2425/1992/2374 2426/1964/2370
f 2503/2057/2447 2502/2058/2448 2505/2059/2449
f 2481/2036/2424 2492/2055/2445 2483/2041/2431
f 2470/2026/2399 2483/2041/2431 2480/2039/2429
f 2399/1956/2262 2392/1957/2421 2369/1882/2342
f 2482/2038/2428 2501/2060/2450 2503/2057/2447
f 2494/2061/2451 2497/2062/2452 2498/2052/2442
f 2444/1923/2392 2445/2006/2386 2446/1918/2397
f 2502/2058/2448 2512/2063/2453 2511/2064/2454
f 2478/2045/2435 2512/2063/2453 2501/2060/2450
f 2506/2065/2455 2513/2066/2456 2514/2067/2457
f 2493/2068/2458 2509/2069/2459 2497/2062/2452
f 2526/2070/2460 2527/2071/2461 2530/2072/2462
f 2503/2057/2447 2473/2032/2419 2482/2038/2428
f 2475/2028/2401 2471/2029/2416 2472/2031/2418
f 2518/2073/2463 2585/2074/2464 2519/2050/2440
f 2515/2075/2465 2504/2076/2466 2505/2059/2449
f 2472/2031/2418 2550/2034/2422 2481/2036/2424
f 2502/2058/2448 2515/2075/2465 2505/2059/2449
f 2504/2076/2466 2499/2054/2444 2505/2059/2449
f 2534/2077/2467 2525/2078/2468 2524/2079/2469
f 2496/2046/2436 2505/2059/2449 2499/2054/2444
f 2500/2053/2443 2508/2080/2470 2495/2056/2446
f 2495/2056/2446 2486/2081/2471 2474/2047/2437
f 2597/2082/2472 2535/2083/2473 2528/2084/2474
f 2524/2079/2469 2529/2085/2475 2527/2071/2461
f 2520/2086/2476 2527/2071/2461 2529/2085/2475
f 2526/2070/2460 2534/2077/2467 2524/2079/2469
f 2517/2087/2477 2530/2072/2462 2527/2071/2461
f 2520/2086/2476 2539/2088/2478 2521/2089/2479
f 2566/2090/2480 2562/2091/2481 2563/2092/2482
f 2543/2093/2483 2541/2094/2484 2544/2095/2485
f 2536/2096/2486 2526/2070/2460 2530/2072/2462
f 2522/2051/2441 2528/2084/2474 2530/2072/2462
f 2544/2095/2485 2540/2097/2487 2543/2093/2483
f 2679/2098/2488 2689/2099/2489 2691/2100/2490
f 2547/2101/2491 2546/2102/2492 2549/2103/2493
f 2528/2084/2474 2536/2096/2486 2530/2072/2462
f 2506/2065/2455 2498/2052/2442 2504/2076/2466
f 2439/1898/2408 2459/1899/2426 2449/1900/2369
f 2529/2085/2475 2545/2104/2494 2547/2101/2491
f 2542/2105/2495 2537/2043/2433 2541/2094/2484
f 2474/2047/2437 2484/2106/2496 2469/2033/2420
f 2546/2102/2492 2556/2107/2497 2555/2108/2498
f 2525/2078/2468 2556/2107/2497 2545/2104/2494
f 2550/2034/2422 2557/2109/2499 2558/2110/2500
f 2537/2043/2433 2553/2111/2501 2541/2094/2484
f 2570/2112/2502 2571/2113/2503 2574/2114/2504
f 2540/2097/2487 2529/2085/2475 2547/2101/2491
f 2521/2089/2479 2517/2087/2477 2520/2086/2476
f 2563/2092/2482 2631/2115/2505 2632/2116/2506
f 2559/2117/2507 2548/2118/2508 2549/2103/2493
f 2519/2050/2440 2597/2082/2472 2528/2084/2474
f 2546/2102/2492 2559/2117/2507 2549/2103/2493
f 2548/2118/2508 2543/2093/2483 2549/2103/2493
f 2581/2119/2509 2569/2120/2510 2568/2121/2511
f 2543/2093/2483 2547/2101/2491 2549/2103/2493
f 2544/2095/2485 2552/2122/2512 2539/2088/2478
f 2539/2088/2478 2531/2123/2513 2521/2089/2479
f 2644/2124/2514 2582/2125/2515 2572/2126/2516
f 2568/2121/2511 2573/2127/2517 2571/2113/2503
f 2576/2128/2518 2631/2115/2505 2562/2091/2481
f 2573/2127/2517 2561/2129/2519 2571/2113/2503
f 2570/2112/2502 2581/2119/2509 2568/2121/2511
f 2571/2113/2503 2566/2090/2480 2574/2114/2504
f 2587/2130/2520 2565/2131/2521 2564/2132/2522
f 2567/2133/2523 2575/2134/2524 2578/2135/2525
f 2593/2136/2526 2606/2137/2527 2596/2138/2528
f 2589/2139/2529 2591/2140/2530 2590/2141/2531
f 2583/2142/2532 2570/2112/2502 2574/2114/2504
f 2566/2090/2480 2572/2126/2516 2574/2114/2504
f 2590/2141/2531 2586/2143/2533 2587/2130/2520
f 2522/2051/2441 2516/2144/2534 2523/2049/2439
f 2594/2145/2535 2593/2136/2526 2596/2138/2528
f 2572/2126/2516 2583/2142/2532 2574/2114/2504
f 2538/2030/2417 2548/2118/2508 2550/2034/2422
f 2497/2062/2452 2510/2146/2536 2500/2053/2443
f 2573/2127/2517 2592/2147/2537 2594/2145/2535
f 2589/2139/2529 2584/2148/2538 2588/2149/2539
f 2593/2136/2526 2603/2150/2540 2602/2151/2541
f 2569/2120/2510 2603/2150/2540 2592/2147/2537
f 2597/2082/2472 2604/2152/2542 2605/2153/2543
f 2584/2148/2538 2600/2154/2544 2588/2149/2539
f 2614/2155/2545 2610/2156/2546 2613/2157/2547
f 2594/2145/2535 2564/2132/2522 2573/2127/2517
f 2564/2132/2522 2560/2158/2548 2561/2129/2519
f 2572/2126/2516 2632/2116/2506 2644/2124/2514
f 2587/2130/2520 2596/2138/2528 2590/2141/2531
f 2595/2159/2549 2590/2141/2531 2596/2138/2528
f 2606/2137/2527 2595/2159/2549 2596/2138/2528
f 2617/2160/2550 2618/2161/2551 2621/2162/2552
f 2591/2140/2530 2600/2154/2544 2601/2163/2553
f 2586/2143/2533 2577/2164/2554 2565/2131/2521
f 2609/2165/2555 2679/2098/2488 2610/2156/2546
f 2612/2166/2556 2608/2167/2557 2611/2168/2558
f 2628/2169/2559 2616/2170/2560 2615/2171/2561
f 2617/2160/2550 2628/2169/2559 2615/2171/2561
f 2691/2100/2490 2629/2172/2562 2619/2173/2563
f 2615/2171/2561 2620/2174/2564 2618/2161/2551
f 2623/2175/2565 2678/2176/2566 2609/2165/2555
f 2613/2157/2547 2619/2173/2563 2621/2162/2552
f 2611/2168/2558 2618/2161/2551 2620/2174/2564
f 2619/2173/2563 2630/2177/2567 2621/2162/2552
f 2608/2167/2557 2621/2162/2552 2618/2161/2551
f 2614/2155/2568 2622/2178/2569 2625/2179/2570
f 2585/2074/2464 2595/2159/2549 2597/2082/2472
f 2561/2129/2519 2567/2133/2523 2566/2090/2480
f 2637/2180/2571 2633/2181/2572 2634/2182/2573
f 2624/2183/2574 2607/2184/2575 2612/2166/2556
f 2636/2185/2576 2638/2186/2577 2637/2180/2571
f 2630/2177/2567 2617/2160/2550 2621/2162/2552
f 2578/2135/2525 2562/2091/2481 2567/2133/2523
f 2641/2187/2578 2640/2188/2579 2643/2189/2580
f 2632/2116/2506 2635/2190/2581 2636/2185/2576
f 2611/2168/2558 2633/2181/2572 2612/2166/2556
f 2450/1971/2425 2416/1965/2371 2417/1972/2361
f 2658/2191/2582 2665/2192/2583 2667/2193/2584
f 2654/2194/2585 2672/2195/2586 2661/2196/2587
f 2655/2197/2588 2668/2198/2589 2665/2192/2583
f 2660/2199/2590 2666/2200/2591 2668/2198/2589
f 2685/2201/2592 2681/2202/2593 2684/2203/2594
f 2658/2191/2582 2680/2204/2595 2659/2205/2596
f 2660/2199/2590 2656/2206/2597 2657/2207/2598
f 2640/2188/2579 2653/2208/2599 2643/2189/2580
f 2657/2207/2598 2493/2068/2458 2494/2061/2451
f 2662/2209/2600 2667/2193/2584 2665/2192/2583
f 2675/2210/2601 2663/2211/2602 2662/2209/2600
f 2671/2212/2603 2654/2194/2585 2659/2205/2596
f 2620/2174/2564 2639/2213/2604 2641/2187/2578
f 2635/2190/2581 2645/2214/2605 2647/2215/2606
f 2685/2201/2592 2694/2216/2607 2695/2217/2608
f 2648/2218/2609 2633/2181/2572 2638/2186/2577
f 2638/2186/2577 2647/2215/2606 2648/2218/2609
f 2640/2188/2579 2650/2219/2610 2649/2220/2611
f 2616/2170/2560 2650/2219/2610 2639/2213/2604
f 2687/2221/2612 2697/2222/2613 2696/2223/2614
f 2641/2187/2578 2611/2168/2558 2620/2174/2564
f 2663/2211/2602 2697/2222/2613 2686/2224/2615
f 2691/2100/2490 2698/2225/2616 2699/2226/2617
f 2653/2208/2599 2642/2227/2618 2643/2189/2580
f 2667/2193/2584 2686/2224/2615 2688/2228/2619
f 2634/2182/2573 2643/2189/2580 2637/2180/2571
f 2688/2228/2619 2687/2221/2612 2690/2229/2620
f 2644/2124/2514 2651/2230/2621 2652/2231/2622
f 2683/2232/2623 2678/2176/2566 2682/2233/2624
f 2612/2166/2556 2646/2234/2625 2624/2183/2574
f 2695/2217/2608 2680/2204/2595 2685/2201/2592
f 2664/2235/2626 2665/2192/2583 2668/2198/2589
f 2677/2236/2627 2664/2235/2626 2668/2198/2589
f 2661/2196/2587 2670/2237/2628 2656/2206/2597
f 2506/2065/2455 2676/2238/2629 2666/2200/2591
f 2684/2203/2594 2682/2233/2624 2685/2201/2592
f 2642/2227/2618 2637/2180/2571 2643/2189/2580
f 2644/2124/2514 2636/2185/2576 2642/2227/2618
f 2664/2235/2626 2675/2210/2601 2662/2209/2600
f 2655/2197/2588 2661/2196/2587 2660/2199/2590
f 2659/2205/2596 2655/2197/2588 2658/2191/2582
f 2666/2200/2591 2677/2236/2627 2668/2198/2589
f 2666/2200/2591 2494/2061/2451 2506/2065/2455
f 2687/2221/2612 2700/2239/2630 2690/2229/2620
f 2700/2239/2630 2689/2099/2489 2690/2229/2620
f 2840/2240/2631 2768/2241/2632 2887/2242/2633
f 2710/2243/2634 2733/2244/2634 2721/2245/2634
f 2704/2246/2634 2733/2244/2634 2702/2247/2634
f 2716/2248/2634 2715/2249/2634 2733/2244/2634
f 2706/2250/2634 2708/2251/2634 2733/2244/2634
f 2740/2252/2634 2738/2253/2634 2733/2244/2634
f 2701/2254/2634 2733/2244/2634 2704/2246/2634
f 2723/2255/2634 2721/2245/2634 2733/2244/2634
f 2732/2256/2634 2731/2257/2634 2733/2244/2634
f 2736/2258/2634 2733/2244/2634 2734/2259/2634
f 2712/2260/2634 2733/2244/2634 2710/2243/2634
f 2714/2261/2634 2716/2248/2634 2733/2244/2634
f 2703/2262/2634 2733/2244/2634 2701/2254/2634
f 2715/2249/2634 2713/2263/2634 2733/2244/2634
f 2717/2264/2634 2733/2244/2634 2720/2265/2634
f 2741/2266/2634 2740/2252/2634 2733/2244/2634
f 2719/2267/2634 2733/2244/2634 2717/2264/2634
f 2739/2268/2634 2741/2266/2634 2733/2244/2634
f 2720/2265/2634 2733/2244/2634 2718/2269/2634
f 2735/2270/2634 2733/2244/2634 2705/2271/2634
f 2709/2272/2634 2733/2244/2634 2712/2260/2634
f 2728/2273/2634 2733/2244/2634 2726/2274/2634
f 2737/2275/2634 2733/2244/2634 2735/2270/2634
f 2734/2259/2634 2733/2244/2634 2737/2275/2634
f 2726/2274/2634 2733/2244/2634 2738/2253/2634
f 2731/2257/2634 2729/2276/2634 2733/2244/2634
f 2711/2277/2634 2733/2244/2634 2709/2272/2634
f 2727/2278/2634 2733/2244/2634 2725/2279/2634
f 2730/2280/2634 2732/2256/2634 2733/2244/2634
f 2727/2278/2634 2730/2280/2634 2733/2244/2634
f 2725/2279/2634 2733/2244/2634 2728/2273/2634
f 2742/2281/2635 2744/2282/2636 2743/2283/2636
f 2718/2269/2634 2733/2244/2634 2729/2276/2634
f 2703/2262/2634 2706/2250/2634 2733/2244/2634
f 2702/2247/2634 2733/2244/2634 2713/2263/2634
f 2707/2284/2634 2705/2271/2634 2733/2244/2634
f 2708/2251/2634 2707/2284/2634 2733/2244/2634
f 2722/2285/2634 2724/2286/2634 2733/2244/2634
f 2724/2286/2634 2723/2255/2634 2733/2244/2634
f 2719/2267/2634 2722/2285/2634 2733/2244/2634
f 2711/2277/2634 2714/2261/2634 2733/2244/2634
f 2736/2258/2634 2739/2268/2634 2733/2244/2634
f 920/1011/870 915/1056/2637 914/1012/871
f 918/1017/876 913/1035/892 912/1018/877
f 894/1021/880 898/1052/893 899/1022/881
f 899/1022/881 897/1063/882 896/1051/896
f 896/1051/896 895/1020/879 899/1022/881
f 897/1023/882 899/1059/881 904/1024/883
f 878/1026/885 879/1040/898 873/1027/886
f 895/1029/879 896/1038/896 902/1030/888
f 905/1032/890 898/1036/893 894/1033/880
f 919/1013/872 914/1012/871 913/1035/892
f 904/1024/883 899/1059/881 898/1036/893
f 882/1035/894 883/1012/897 878/1026/885
f 896/1038/896 897/1053/882 903/1039/884
f 900/1034/891 894/1033/880 895/1029/879
f 883/1012/897 884/1056/2638 879/1040/898
f 881/1018/902 882/1035/894 877/1037/895
f 885/1019/904 881/1018/902 880/1043/2639
f 885/1019/904 886/1017/906 882/1035/894
f 914/1012/871 910/1026/2640 909/1037/905
f 886/1017/906 887/1013/2641 883/1012/897
f 912/1018/877 908/1042/909 907/1014/907
f 913/1035/892 909/1037/905 908/1042/909
f 917/1019/878 912/1018/877 911/1043/908
f 891/1048/914 892/1061/2642 889/1049/915
f 877/1037/895 878/1026/885 872/1028/887
f 966/1021/930 970/1052/920 967/1020/919
f 970/1052/920 971/1022/2643 968/1051/918
f 971/1022/2643 969/1063/928 968/1051/918
f 967/1029/919 968/1038/918 974/1030/921
f 970/1036/920 966/1033/930 972/1034/923
f 949/1035/925 950/1012/931 944/1026/926
f 974/1030/921 968/1038/918 969/1053/928
f 966/1033/930 967/1029/919 973/1031/922
f 950/1012/931 951/1056/941 945/1040/932
f 948/1018/933 949/1035/925 943/1037/927
f 925/1054/938 919/1013/872 918/1017/876
f 955/1013/940 956/1011/953 951/1056/941
f 923/1057/942 917/1019/878 916/1047/913
f 953/1019/944 954/1017/955 949/1035/925
f 926/1021/947 930/1052/2644 929/1063/2645
f 930/1052/2644 931/1022/949 929/1063/2645
f 929/1063/2645 928/1051/945 926/1021/947
f 935/1025/948 929/1023/2645 931/1059/949
f 927/1029/946 928/1038/945 934/1030/951
f 956/1011/953 957/1049/958 952/1060/954
f 954/1017/955 955/1013/940 950/1012/931
f 924/1055/939 918/1017/876 917/1019/878
f 964/1061/956 965/1044/2646 958/1046/957
f 928/1038/945 929/1053/2645 935/1039/948
f 962/1054/959 963/1048/964 956/1011/953
f 926/1033/947 927/1029/946 933/1031/952
f 960/1057/961 961/1055/2647 954/1017/955
f 942/1042/934 943/1037/927 938/1050/962
f 963/1048/964 964/1061/956 957/1049/958
f 945/1040/965 946/2287/2648 940/1062/966
f 994/1023/968 996/1059/1014 1001/1024/969
f 991/1021/971 995/1052/1016 996/1022/1014
f 996/1022/1014 994/1063/968 991/1021/971
f 994/1063/968 993/1051/1017 992/1020/972
f 1010/1017/973 1004/1035/2649 1003/1018/974
f 1012/1011/976 1006/1056/2650 1005/1012/977
f 990/1054/979 987/1013/984 986/1017/980
f 1014/1046/981 1008/2288/2651 1007/1060/982
f 987/1013/984 982/1012/1000 981/1035/985
f 1067/1064/986 1064/1355/1308 1036/1065/987
f 1030/1032/989 1023/1036/2652 1019/1033/990
f 1026/1031/992 1020/1029/998 1021/1038/993
f 1022/1023/995 1024/1059/1228 1029/1024/996
f 1019/1021/990 1023/1052/2652 1021/1051/993
f 1023/1052/2652 1024/1022/1228 1021/1051/993
f 1024/1022/1228 1022/1063/995 1021/1051/993
f 988/1011/999 983/1056/2653 982/1012/1000
f 985/1019/1001 980/1018/2654 979/1043/1002
f 980/1018/1004 981/1035/2655 978/1037/1005
f 997/1034/1010 991/1033/971 992/1029/972
f 1018/1048/1012 1012/1011/976 1011/1013/978
f 999/1030/1013 993/1038/1017 994/1053/968
f 996/1059/1014 995/1036/1016 1002/1032/1015
f 995/1036/1016 991/1033/971 997/1034/1010
f 998/1031/1011 992/1029/972 993/1038/1017
f 1237/1067/1018 1243/1204/1156 1253/1068/1019
f 1187/1070/1021 1176/1087/1038 1186/1071/1022
f 1119/1073/1024 1162/1166/1118 1164/1074/1025
f 1173/1076/1027 1184/1400/1353 1172/1077/1028
f 1159/1079/1030 1120/1396/1349 1121/1080/1031
f 1123/1075/1026 1127/1756/1721 1126/1082/1033
f 1252/1083/1034 1261/1534/1493 1227/1084/1035
f 1177/1086/1037 1188/1152/1104 1176/1087/1038
f 1128/1088/1039 1121/1080/1031 1210/1089/1040
f 1038/1091/1042 1040/1101/1052 1310/1092/1043
f 1154/1094/1045 1193/1388/1341 1189/1095/1046
f 1119/1073/1024 1126/1082/1033 1124/1097/1048
f 1061/1099/1050 1112/1127/1078 1041/1100/1051
f 1209/1081/1032 1121/1080/1031 1128/1088/1039
f 1108/1103/1054 1109/1395/1348 1068/1104/1055
f 1151/1106/1057 1152/1391/1344 1192/1107/1058
f 1209/1081/1032 1180/1102/1053 1197/1109/1060
f 1288/1111/1062 1277/1325/1278 1295/1112/1063
f 1070/1114/1065 1079/1162/1114 1071/1115/1066
f 1136/1117/1068 1142/2289/2656 1148/1118/1069
f 1195/1120/1071 1196/1265/1217 1204/1121/1072
f 1083/1123/1074 1087/1381/1334 1057/1124/1075
f 1044/1126/1077 1041/1100/1051 1112/1127/1078
f 1044/1126/1077 1077/1128/1079 1060/1129/1080
f 1143/1337/1290 1149/1421/1379 1134/2290/2657
f 1055/1131/1082 1085/1157/1109 1086/1132/1083
f 1141/2291/2658 1146/1335/1288 1130/1415/1368
f 1059/1134/1085 1084/1416/1369 1389/1135/1086
f 1137/1137/1088 1138/1420/1378 1171/1138/1089
f 1319/1140/1091 1318/2292/2659 1053/1141/1092
f 1144/1143/1094 1131/2293/2660 1133/1144/1095
f 1078/1116/1067 1071/1115/1066 1047/1145/1097
f 1091/1147/1099 1093/1305/1258 1094/1148/1100
f 1181/1150/1102 1153/2294/2661 1156/1151/1103
f 1100/1153/1105 1097/1284/1237 1095/1154/1106
f 1077/1128/1079 1096/1352/1305 1103/1156/1108
f 1172/1077/1028 1158/1384/1337 1150/1158/1110
f 1100/1153/1105 1101/1406/1359 1102/1160/1112
f 1176/1087/1038 1154/1094/1045 1155/1096/1047
f 1055/1131/1082 1056/1133/1084 1080/1161/1113
f 1206/1110/1061 1165/1171/1123 1159/1079/1030
f 1056/1133/1084 1058/1125/1076 1081/1163/1115
f 1161/1164/1116 1117/1405/1358 1166/1165/1117
f 1205/1167/1119 1163/1393/1346 1116/1168/1120
f 1114/1170/1122 1117/1405/1358 1165/1171/1123
f 1250/1173/1125 1247/1218/1170 1216/1174/1126
f 1244/1179/1131 1249/1536/1495 1291/1180/1132
f 1108/1103/1054 1207/1172/1124 1198/1182/1134
f 1320/1183/1135 1321/2295/2662 1353/1184/1136
f 1245/1186/1138 1246/1206/1158 1250/1173/1125
f 1217/1187/1139 1250/1173/1125 1214/1175/1127
f 1365/1189/1141 1322/1259/1211 1323/1190/1142
f 1291/1180/1132 1249/1536/1495 1251/1192/1144
f 1516/1194/1146 1222/1202/1154 1223/1195/1147
f 1286/1197/1149 1285/1521/1480 1278/1198/1150
f 1272/1200/1152 1290/1535/1494 1248/1201/1153
f 1224/1203/1155 1260/1226/1178 1243/1204/1156
f 1246/1206/1158 1245/1186/1138 1218/1207/1159
f 1492/1209/1161 1493/1196/1148 1223/1195/1147
f 1263/1210/1162 1264/1539/2663 1255/1211/1163
f 1218/1207/1159 1220/1529/1488 1491/1213/1165
f 1257/1215/1167 1266/2296/2664 1258/1216/1168
f 1247/1218/1170 1250/1173/1125 1246/1206/1158
f 1341/1219/1171 1362/1292/1245 1313/1220/1172
f 1219/1208/1160 1218/1207/1159 1490/1214/1166
f 1304/1222/1174 1345/1366/1319 1347/1223/1175
f 1296/1181/1133 1291/1180/1132 1280/1225/1177
f 1267/1227/1179 1271/1113/1064 1240/1228/1180
f 1224/1203/1155 1221/1531/1490 1296/1181/1133
f 1232/1230/1182 1229/2297/2665 1233/1231/1183
f 1238/1233/1185 1269/1308/1261 1270/1234/1186
f 1242/1236/1188 1268/1278/1231 1561/1237/1189
f 1342/1239/1191 1305/1523/1482 1306/1240/1192
f 1308/1224/1176 1312/1380/1333 1311/1242/1194
f 1313/1220/1172 1306/1240/1192 1394/1243/1195
f 1304/1222/1174 1311/1242/1194 1309/1093/1044
f 1377/1246/1198 1300/2298/2666 1213/1247/1199
f 1281/1249/1201 1293/1193/1145 1292/1205/1157
f 1393/1241/1193 1362/1292/1245 1380/1251/1203
f 1095/1154/1106 1198/1182/1134 1199/1253/1205
f 1180/1102/1053 1191/1108/1059 1202/1254/1206
f 1301/1255/1207 1346/1361/1314 1349/1256/1208
f 1330/1258/1210 1323/1190/1142 1322/1259/1211
f 1201/1261/1213 1200/1537/1496 1199/1253/1205
f 1402/1262/1214 1404/1344/1297 1666/1263/1215
f 1196/1265/1217 1200/1537/1496 1201/1261/1213
f 1355/1191/1143 1323/1190/1142 1331/1266/1218
f 1298/1268/1220 1302/1370/1323 1348/1269/1221
f 1025/1034/991 1019/1033/990 1020/1029/998
f 1379/1274/1226 1383/1277/1230 1384/1275/1227
f 1024/1059/1228 1023/1036/2652 1030/1032/989
f 1276/1276/1229 1283/1522/1481 1383/1277/1230
f 1240/1228/1180 1271/1113/1064 1268/1278/1231
f 1328/1279/1232 1315/2299/2667 1317/1280/1233
f 1021/1038/993 1022/1053/995 1028/1039/997
f 1383/1277/1230 1283/1522/1481 1282/1282/1235
f 1097/1284/1237 1109/1395/1348 1108/1103/1054
f 1384/1275/1227 1383/1277/1230 1382/1283/1236
f 1102/1160/1112 1101/1406/1359 1094/1148/1100
f 1429/1287/1240 1427/1368/1321 1403/1288/1241
f 1381/1291/1244 1380/1251/1203 1385/1285/1238
f 1105/1286/1239 1083/1123/1074 1086/1132/1083
f 1362/1292/1245 1373/1315/1268 1385/1285/1238
f 1057/1124/1075 1059/1134/1085 1082/1293/1246
f 1391/1295/1248 1390/1252/1204 1380/1251/1203
f 1294/1296/1249 1275/1301/1254 1378/1297/1250
f 1284/1299/1252 1285/1521/1480 1286/1197/1149
f 1279/1250/1202 1381/1291/1244 1382/1283/1236
f 1275/1301/1254 1276/1276/1229 1379/1274/1226
f 1281/1249/1201 1284/1299/1252 1287/1300/1253
f 1378/1297/1250 1379/1274/1226 1387/1272/1224
f 1352/1185/1137 1069/1390/1343 1045/1302/1255
f 1357/1267/1219 1331/1266/1218 1329/1303/1256
f 1105/1286/1239 1094/1148/1100 1093/1305/1258
f 1685/1306/1259 1406/1570/1531 1407/1289/1242
f 1260/1226/1178 1280/1225/1177 1287/1300/1253
f 1353/1184/1136 1321/2295/2662 1322/1259/1211
f 1337/1309/1262 1339/1386/1339 1372/1310/1263
f 1338/1312/1265 1371/1273/1225 1374/1313/1266
f 1341/1219/1171 1334/1317/1270 1373/1315/1268
f 1071/1115/1066 1073/1412/1365 1052/1316/1269
f 1334/1317/1270 1335/1314/1267 1374/1313/1266
f 1293/1193/1145 1281/1249/1201 1280/1225/1177
f 1393/1241/1193 1306/1240/1192 1313/1220/1172
f 1058/1125/1076 1057/1124/1075 1074/1294/1247
f 1360/1318/1271 1333/1221/1173 1340/1319/1272
f 1284/1299/1252 1281/1249/1201 1279/1250/1202
f 1337/1309/1262 1375/1311/1264 1371/1273/1225
f 1051/1321/1274 1049/2300/2668 1046/1146/1098
f 1333/1221/1173 1313/1220/1172 1364/1244/1196
f 1091/1147/1099 1092/1149/1101 1196/1265/1217
f 1408/1322/1275 1441/1691/1656 1424/1323/1276
f 1294/1296/1249 1295/1112/1063 1277/1325/1278
f 1369/1326/1279 1325/2301/2669 1326/1327/1280
f 1351/1332/1285 1363/1385/1338 1370/1333/1286
f 1359/1328/1281 1370/1333/1286 1358/1334/1287
f 1146/1335/1288 1140/2302/2670 1139/1336/1289
f 1430/1338/1291 1401/1346/1299 1396/1339/1292
f 1356/1304/1257 1368/1358/1311 1367/1341/1294
f 1425/1342/1295 1477/1690/1655 1405/1343/1296
f 1085/1157/1109 1103/1156/1108 1102/1160/1112
f 1357/1267/1219 1367/1341/1294 1366/1345/1298
f 1401/1346/1299 1431/1353/1306 1398/1347/1300
f 1033/1348/1301 1035/2303/2671 1089/1349/1302
f 1355/1191/1143 1366/1345/1298 1354/1351/1304
f 1112/1127/1078 1107/1376/1329 1096/1352/1305
f 1365/1189/1141 1354/1351/1304 1360/1318/1271
f 1431/1353/1306 1428/1543/1504 1400/1354/1307
f 1064/1355/1308 1067/1064/986 1063/1356/1309
f 1369/1326/1279 1358/1334/1287 1368/1358/1311
f 1039/1359/1312 1038/1091/1042 1309/1093/1044
f 1289/1199/1151 1278/1198/1150 1277/1325/1278
f 1044/1126/1077 1364/1244/1196 1394/1243/1195
f 1376/1362/1315 1307/1375/1328 1347/1223/1175
f 1040/1101/1052 1041/1100/1051 1394/1243/1195
f 1388/1360/1313 1346/1361/1314 1301/1255/1207
f 1062/1364/1317 1061/1099/1050 1040/1101/1052
f 1344/1365/1318 1302/1370/1323 1349/1256/1208
f 1106/1367/1320 1031/1382/1335 1036/1065/987
f 1427/1368/1321 1426/1549/1510 1402/1262/1214
f 1350/1270/1222 1348/1269/1221 1390/1252/1204
f 1311/1242/1194 1312/1380/1333 1043/1369/1322
f 1342/1239/1191 1348/1269/1221 1302/1370/1323
f 1062/1364/1317 1063/1356/1309 1067/1064/986
f 1399/2304/2672 1395/1373/1326 1454/1372/1325
f 1395/1373/1326 1471/1591/1552 1453/1374/1327
f 1063/1356/1309 1062/1364/1317 1038/1091/1042
f 1390/1252/1204 1348/1269/1221 1342/1239/1191
f 1061/1099/1050 1066/1377/1330 1107/1376/1329
f 1292/1205/1157 1391/1295/1248 1381/1291/1244
f 1065/1357/1310 1063/1356/1309 1039/1359/1312
f 1366/1345/1298 1334/1317/1270 1341/1219/1171
f 1066/1377/1330 1037/1371/1324 1032/1378/1331
f 1343/1379/1332 1042/1392/1345 1043/1369/1322
f 1354/1351/1304 1341/1219/1171 1333/1221/1173
f 1037/1371/1324 1067/1064/986 1034/1066/988
f 1367/1341/1294 1335/1314/1267 1334/1317/1270
f 1370/1333/1286 1339/1386/1339 1337/1309/1262
f 1035/2303/2671 1031/1382/1335 1089/1349/1302
f 1031/1382/1335 1106/1367/1320 1088/1383/1336
f 1368/1358/1311 1338/1312/1265 1335/1314/1267
f 1387/1272/1224 1384/1275/1227 1374/1313/1266
f 1158/1384/1337 1180/1102/1053 1128/1088/1039
f 1363/1385/1338 1336/1136/2673 1339/1386/1339
f 1154/1094/1045 1156/1151/1103 1190/1387/1340
f 1076/1389/1342 1070/1114/1065 1078/1116/1067
f 1155/1096/1047 1189/1095/1046 1192/1107/1058
f 1088/1383/1336 1106/1367/1320 1065/1357/1310
f 1191/1108/1059 1192/1107/1058 1201/1261/1213
f 1158/1384/1337 1151/1106/1057 1191/1108/1059
f 1163/1393/1346 1164/1074/1025 1162/1166/1118
f 1150/1158/1110 1128/1088/1039 1182/1090/1041
f 1107/1376/1329 1066/1377/1330 1068/1104/1055
f 1120/1396/1349 1125/1398/1351 1210/1089/1040
f 1061/1099/1050 1062/1364/1317 1037/1371/1324
f 1120/1396/1349 1159/1079/1030 1161/1164/1116
f 1168/1397/1350 1181/1150/1102 1188/1152/1104
f 1125/1398/1351 1120/1396/1349 1118/1098/1049
f 1175/1399/1352 1185/1409/2674 1184/1400/1353
f 1060/1129/1080 1055/1131/1082 1079/1162/1114
f 1162/1166/1118 1119/1073/1024 1118/1098/1049
f 1160/1401/1354 1127/1756/1721 1123/1075/1026
f 1194/1403/1356 1122/1402/1355 1164/1074/1025
f 1115/1404/1357 1166/1165/1117 1117/1405/1358
f 1167/1105/1056 1165/1171/1123 1206/1110/1061
f 1116/1168/1120 1163/1393/1346 1166/1165/1117
f 1159/1079/1030 1165/1171/1123 1117/1405/1358
f 1092/1149/1101 1094/1148/1100 1101/1406/1359
f 1098/1155/1107 1099/1407/1360 1101/1406/1359
f 1178/1159/1111 1150/1158/1110 1157/1394/1347
f 1097/1284/1237 1100/1153/1105 1103/1156/1108
f 1184/1400/1353 1151/1106/1057 1158/1384/1337
f 1109/1395/1348 1097/1284/1237 1096/1352/1305
f 1186/1071/1022 1155/1096/1047 1152/1391/1344
f 1110/1410/1363 1111/1411/1364 1093/1305/1258
f 1188/1152/1104 1156/1151/1103 1154/1094/1045
f 1104/1290/1243 1093/1305/1258 1111/1411/1364
f 1073/1412/1365 1072/2305/2675 1050/1413/1366
f 1146/1335/1288 1143/1337/1290 1129/1414/1367
f 1069/1390/1343 1078/1116/1067 1046/1146/1098
f 1057/1124/1075 1087/1381/1334 1084/1416/1369
f 1086/1132/1083 1083/1123/1074 1058/1125/1076
f 1060/1129/1080 1077/1128/1079 1085/1157/1109
f 1340/1319/1272 1054/1130/1081 1076/1389/1370
f 1364/1244/1196 1044/1126/1077 1054/1130/1081
f 1208/1417/1371 1195/1120/1071 1203/1122/1073
f 1175/1399/1373 1147/2306/2676 1145/1418/1374
f 1082/1293/1376 1363/1385/1338 1351/1332/1285
f 1143/1337/1290 1139/1336/1289 1138/1420/1378
f 1079/1162/1114 1080/1161/1113 1073/1412/1365
f 1149/1421/1379 1138/1420/1378 1137/1137/1088
f 1475/1423/1381 1456/1684/1649 1550/1424/1382
f 1563/1426/1384 1562/1486/1444 1552/1427/1385
f 1424/1323/1276 1441/1691/1656 1450/1429/1387
f 1553/1428/1386 1552/1427/1385 1557/1431/1389
f 1529/1433/1391 1502/1519/1477 1501/1434/1392
f 1592/1436/1394 1589/2307/2677 1583/1437/1395
f 1555/1439/1397 1464/1472/1430 1463/1440/1398
f 1457/1441/1399 1464/1472/1430 1555/1439/1397
f 1559/1446/1404 1556/1510/1468 1546/1447/1405
f 1469/1331/1284 1458/1689/1654 1476/1449/1407
f 1572/1450/1408 1608/1686/1651 1570/1451/1409
f 1590/1811/2678 1581/2308/2679 1580/2309/2680
f 1540/1453/1411 1511/1698/1664 1508/1454/1412
f 1474/1456/1414 1462/1635/1596 1461/1457/1415
f 1538/1459/1417 1507/1693/1658 1514/1460/1418
f 1604/1465/1423 1603/1623/1584 1573/1466/1424
f 1463/1440/1398 1464/1472/1430 1466/1468/1426
f 1573/1466/1424 1575/1550/1511 1836/1470/1428
f 1457/1441/1399 1459/1685/1650 1466/1468/1426
f 1682/1473/1431 1418/1324/1277 1440/1474/1432
f 1515/1476/1434 1521/1699/1665 1483/1477/1435
f 1560/1489/1447 1478/1480/1438 1548/1479/1437
f 1478/1480/1438 1481/2310/2681 1549/1481/1439
f 1422/1482/1440 1421/1667/1632 1438/1483/1441
f 1523/1485/1443 1521/1699/1665 1562/1486/1444
f 1480/1487/1445 1522/1507/1465 1483/1477/1435
f 1548/1479/1437 1488/1493/1451 1520/1490/1448
f 1516/1194/1146 1493/1196/1148 1489/1492/1450
f 1537/1494/1452 1527/1461/1419 1532/1495/1453
f 1518/1497/1455 1485/1697/1662 1484/1498/1456
f 1530/1499/1457 1539/1455/1413 1538/1459/1417
f 1486/1501/1459 1515/1476/1434 1517/1478/1436
f 1486/1501/1459 1491/1213/1165 1566/1502/1460
f 1506/1504/1462 1494/1696/1661 1536/1505/1463
f 1519/1491/1449 1520/1490/1448 1518/1497/1455
f 1514/1460/1418 1507/1693/1658 1545/1508/1466
f 1545/1508/1466 1546/1447/1405 1556/1510/1468
f 1704/1511/1469 1408/1322/1275 1418/1324/1277
f 1510/1512/1470 1512/1681/1646 1544/1513/1471
f 1446/1515/1473 1439/1807/1775 1414/1516/1474
f 1526/1496/1454 1499/2311/2682 1500/1518/1476
f 1530/1499/1457 1504/2312/2683 1502/1519/1477
f 1564/1425/1383 1550/1424/1382 1558/1520/1478
f 1388/1360/1313 1297/1363/1316 1376/1362/1315
f 1297/1363/1316 1300/2298/2666 1377/1246/1198
f 1207/1172/1124 1206/1110/1061 1197/1109/1060
f 1289/1199/1151 1267/1227/1179 1270/1234/1186
f 1352/1185/1137 1353/1184/1136 1360/1318/1271
f 1110/1410/1363 1091/1147/1099 1195/1120/1071
f 1373/1315/1268 1374/1313/1266 1384/1275/1227
f 1276/1276/1229 1278/1198/1150 1285/1521/1480
f 1236/2313/2684 1225/2314/2685 1497/2315/2686
f 1346/1361/1314 1347/1223/1175 1345/1366/1319
f 1305/1523/1482 1310/1092/1043 1394/1243/1195
f 1305/1523/1482 1342/1239/1191 1344/1365/1318
f 1310/1092/1043 1305/1523/1482 1303/1245/1197
f 1345/1366/1319 1304/1222/1174 1303/1245/1197
f 1230/1524/1483 1234/2316/2687 1228/1525/1484
f 1243/1204/1156 1260/1226/1178 1269/1308/1261
f 1536/1505/1463 1224/1203/1155 1237/1067/1018
f 1259/1069/1020 1252/1083/1034 1524/1527/1486
f 1269/1308/1261 1287/1300/1253 1286/1197/1149
f 1343/1379/1332 1312/1380/1333 1308/1224/1176
f 1220/1529/1488 1221/1531/1490 1566/1502/1460
f 1213/1247/1199 1215/2317/2688 1273/1530/1489
f 1224/1203/1155 1536/1505/1463 1566/1502/1460
f 1262/1532/1491 1263/1210/1162 1256/1212/1164
f 1245/1186/1138 1244/1179/1131 1220/1529/1488
f 1259/1069/1020 1253/1068/1019 1261/1534/1493
f 1244/1179/1131 1296/1181/1133 1221/1531/1490
f 1282/1282/1235 1283/1522/1481 1285/1521/1480
f 1248/1201/1153 1246/1206/1158 1219/1208/1160
f 1290/1535/1494 1211/1538/1497 1216/1174/1126
f 1249/1536/1495 1217/1187/1139 1212/1188/1140
f 1244/1179/1131 1245/1186/1138 1217/1187/1139
f 1092/1149/1101 1099/1407/1360 1200/1537/1496
f 1215/2317/2688 1211/1538/1497 1273/1530/1489
f 1211/1538/1497 1290/1535/1494 1272/1200/1152
f 1243/1204/1156 1238/1233/1185 1262/1532/1498
f 1299/1257/1209 1349/1256/1208 1302/1370/1323
f 1241/1229/1181 1240/1228/1180 1257/1215/1499
f 1200/1537/1496 1099/1407/1360 1098/1155/1107
f 1579/1540/1501 1888/1671/1636 1918/1541/1502
f 1198/1182/1134 1197/1109/1060 1202/1254/1206
f 1428/1543/1504 1431/1353/1306 1427/1368/1321
f 1622/1544/1505 1615/1618/1579 1623/1545/1506
f 1605/1547/1508 1608/1686/1651 1604/1465/1423
f 1426/1549/1510 1425/1342/1295 1404/1344/1297
f 1575/1550/1511 1576/1542/1503 1918/1541/1502
f 1404/1344/1297 1405/1343/1296 1734/1554/1515
f 1505/1555/1516 1499/2311/2682 1498/1556/1517
f 1443/1559/1520 1444/1630/1591 1437/1560/1521
f 1524/1527/1486 1526/1496/1454 1532/1495/1453
f 1434/1562/1523 1443/1559/1520 1435/1561/1522
f 1647/1564/1525 1607/1683/1648 1609/1551/1512
f 1674/1565/1526 1672/2318/2689 1671/1566/1527
f 1602/1568/1529 1607/1683/1648 1647/1564/1525
f 1453/1374/1327 1471/1591/1552 1429/1287/1240
f 1733/1571/1532 1702/1730/1695 1720/1572/1533
f 1694/1574/1535 1696/1718/2690 1700/1575/1536
f 1717/1577/1538 1656/2319/2691 1569/1578/1539
f 1864/1580/1541 1595/1672/1637 1617/1581/1542
f 1660/1583/1544 1667/1597/1558 1665/1264/1216
f 1713/1585/1546 1714/1637/1598 1724/1586/1547
f 1688/1588/1549 1689/1599/1560 1687/1589/1550
f 1471/1591/1552 1395/1373/1326 1400/1354/1307
f 1661/1592/1553 1666/1263/1215 1734/1554/1515
f 1491/1213/1165 1486/1501/1459 1484/1498/1456
f 1425/1342/1295 1426/1549/1510 1401/1346/1299
f 1669/1594/1555 1662/1593/1554 1734/1554/1515
f 1661/1592/1553 1684/1598/1559 1686/1595/1556
f 1664/1596/1557 1668/1307/1260 1667/1597/1558
f 1426/1549/1510 1427/1368/1321 1431/1353/1306
f 1684/1598/1559 1661/1592/1553 1662/1593/1554
f 1660/1583/1544 1687/1589/1550 1689/1599/1560
f 1685/1306/1259 1668/1307/1260 1664/1596/1557
f 1666/1263/1215 1661/1592/1553 1659/1584/1545
f 1687/1589/1550 1660/1583/1544 1659/1584/1545
f 1683/1601/1562 1702/1730/1695 1669/1594/1555
f 1655/1604/1565 1691/1590/1551 1658/1605/1566
f 1600/1607/1568 1860/1660/1625 1887/1608/1569
f 1654/1606/1567 1658/1605/1566 1690/1610/1571
f 1657/1612/1573 1688/1588/1549 1691/1590/1551
f 1451/1613/1574 1448/1330/2692 1422/1482/1440
f 1625/1615/1576 1629/1646/2693 1598/1616/1577
f 1598/1616/1577 1600/1607/1568 1624/1609/1570
f 1637/1619/1580 1649/1553/1514 1648/1552/1513
f 1728/1727/1692 1653/1622/1583 1716/1621/1582
f 1653/1622/1583 1656/2319/2691 1717/1577/1538
f 1603/1623/1584 1602/1568/1529 1575/1550/1511
f 1642/1624/1585 1641/1628/1589 1634/1625/1586
f 1638/1627/1588 1639/1634/1595 1641/1628/1589
f 1420/1614/1575 1422/1482/1440 1445/1484/1442
f 1637/1619/1580 1640/1629/1590 1643/1631/1592
f 1632/1633/1594 1634/1625/1586 1641/1628/1589
f 1640/1629/1590 1641/1628/1589 1642/1624/1585
f 1532/1495/1453 1506/1504/1462 1513/1506/1464
f 1462/1635/1596 1465/1469/1427 1468/1636/1597
f 1727/1463/1421 1724/1586/1547 1714/1637/1598
f 1649/1553/1514 1637/1619/1580 1636/1632/1593
f 1867/1638/1599 1577/2320/2694 1578/1639/1600
f 1640/1629/1590 1637/1619/1580 1635/1620/1581
f 1650/1641/1602 1651/1645/1606 1633/1642/1603
f 1631/1643/1604 1633/1642/1603 1634/1625/1586
f 1644/1644/1605 1633/1642/1603 1651/1645/1606
f 1645/1626/1587 1634/1625/1586 1633/1642/1603
f 1417/1647/1608 1409/2321/2695 1670/1648/1609
f 1843/1649/1611 1842/2322/2696 1594/1650/1612
f 1610/1652/1614 1619/1678/2697 1583/1437/1615
f 1614/1654/1617 1613/1546/1507 1591/1655/1618
f 1433/1657/1620 1410/2323/2698 1671/1566/1621
f 1616/1658/1623 1875/2011/2699 1843/1649/1611
f 1600/1607/1568 1626/1661/1626 1913/1659/1624
f 1598/1616/1577 1629/1646/2693 1626/1661/1626
f 1596/1662/1627 1627/1666/1631 1628/1663/1628
f 1601/1665/1630 1618/1670/1635 1627/1666/1631
f 1421/1667/1632 1452/1329/2700 1449/1668/1471
f 1615/1618/1579 1624/1609/1570 1616/1658/1634
f 1579/1540/1501 1576/1542/1503 1652/1569/1530
f 1888/1671/1636 1579/1540/1501 1595/1672/1637
f 1621/1673/1638 1622/1544/1505 1613/1546/1507
f 1620/1674/1639 1621/1673/1638 1614/1654/1617
f 1450/1429/1387 1468/1636/1597 1467/1676/1641
f 1611/1677/1642 1620/1674/1639 1612/1675/1640
f 1579/1540/1501 1618/1670/1635 1601/1665/1630
f 1465/1469/1427 1462/1635/1596 1460/1679/1644
f 1535/1680/1645 1509/1238/1190 1512/1681/1646
f 1607/1683/1648 1572/1450/1408 1568/1452/1410
f 1456/1684/1649 1458/1689/1654 1459/1685/1650
f 1608/1686/1651 1605/1547/1508 1571/1687/1652
f 1470/1688/1653 1459/1685/1650 1458/1689/1654
f 1473/1576/1537 1563/1426/1384 1553/1428/1386
f 1551/1442/1400 1555/1439/1397 1556/1510/1468
f 1498/1556/1517 1499/2311/2682 1526/1496/1454
f 1556/1510/1468 1555/1439/1397 1554/1432/1390
f 1534/1509/1467 1545/1508/1466 1557/1431/1389
f 1408/1322/1275 1405/1343/1296 1477/1690/1655
f 1460/1679/1644 1553/1428/1386 1554/1432/1390
f 1456/1684/1649 1457/1441/1399 1551/1442/1400
f 1550/1424/1382 1551/1442/1400 1559/1446/1404
f 1512/1681/1646 1509/1238/1190 1561/1237/1189
f 1565/1692/1657 1534/1509/1467 1552/1427/1385
f 1507/1693/1658 1508/1454/1412 1546/1447/1405
f 1549/1481/1439 1481/2310/2681 1397/1694/1659
f 1565/1692/1657 1487/1503/1461 1494/1696/1661
f 1485/1697/1662 1492/1209/1161 1490/1214/1166
f 1510/1512/1470 1547/1514/1472 1543/1448/1663
f 1489/1492/1450 1493/1196/1148 1492/1209/1161
f 1529/1433/1391 1540/1453/1411 1539/1455/1413
f 1515/1476/1434 1486/1501/1459 1487/1503/1461
f 1528/1500/1458 1538/1459/1417 1527/1461/1419
f 1485/1697/1662 1518/1497/1455 1520/1490/1448
f 1514/1460/1418 1534/1509/1467 1494/1696/1661
f 1523/1485/1443 1563/1426/1384 1473/1576/1537
f 1479/1488/1446 1483/1477/1435 1521/1699/1665
f 1560/1489/1447 1519/1491/1449 1482/1700/1666
f 1482/1700/1666 1519/1491/1449 1522/1507/1465
f 1517/1478/1436 1483/1477/1435 1522/1507/1465
f 1419/1430/1388 1450/1429/1387 1451/1613/1574
f 1462/1635/1596 1474/1456/1414 1473/1576/1537
f 1562/1486/1444 1521/1699/1665 1515/1476/1434
f 1837/1701/1667 1838/1640/1601 1578/1639/1600
f 1467/1676/1641 1466/1468/1426 1459/1685/1650
f 1531/1702/1668 1510/1512/1470 1511/1698/1664
f 1602/1568/1529 1652/1569/1530 1576/1542/1503
f 1465/1469/1427 1466/1468/1426 1467/1676/1641
f 1606/1548/1509 1604/1465/1423 1574/1467/1425
f 1441/1691/1656 1461/1457/1415 1468/1636/1597
f 1539/1455/1413 1508/1454/1412 1507/1693/1658
f 1774/1703/1669 1772/1710/1675 1743/1704/1670
f 1681/1706/1672 1678/2324/2701 1729/1707/1673
f 1697/1709/1674 1683/1601/1562 1675/1602/1563
f 1772/1710/1675 1771/1721/1686 1742/1711/1676
f 1700/1575/1536 1675/1602/1563 1682/1473/1431
f 1770/1712/1677 1822/1779/1745 1745/1713/1678
f 1698/1715/1680 1679/1742/1707 1680/1716/1681
f 1742/1711/1676 1744/1714/1679 1125/1398/1351
f 1696/1718/1683 1672/2318/2702 1673/1719/1684
f 1126/1082/1033 1127/1756/1721 1747/1705/1671
f 1730/1573/1534 1690/1610/1571 1684/1598/1559
f 1771/1721/1686 1770/1712/1677 1744/1714/1679
f 1684/1598/1559 1690/1610/1571 1658/1605/1566
f 1748/1722/1687 1182/1090/1041 1210/1089/1040
f 1718/1723/1688 1719/1726/1691 1727/1463/1421
f 1686/1595/1556 1658/1605/1566 1691/1590/1551
f 1732/1724/1689 1718/1723/1688 1726/1462/1420
f 1692/1611/1572 1690/1610/1571 1730/1573/1534
f 1631/1643/1604 1632/1633/1594 1719/1726/1691
f 1728/1727/1692 1688/1588/1549 1657/1612/1573
f 1650/1641/1602 1631/1643/1604 1718/1723/1688
f 1635/1620/1581 1721/1729/1694 1722/1728/1693
f 1692/1611/1572 1731/1725/1690 1648/1552/1513
f 1731/1725/1690 1730/1573/1534 1720/1572/1533
f 1716/1621/1582 1663/1600/1561 1689/1599/1560
f 1702/1730/1695 1713/1585/1546 1725/1587/1548
f 1721/1729/1694 1720/1572/1533 1725/1587/1548
f 1724/1586/1547 1723/1731/1696 1722/1728/1693
f 1723/1731/1696 1639/1634/1595 1638/1627/1588
f 1719/1726/1691 1723/1731/1696 1724/1586/1547
f 1632/1633/1594 1639/1634/1595 1723/1731/1696
f 1693/1732/1697 1703/2325/2703 1710/1733/1698
f 1648/1552/1513 1731/1725/1690 1721/1729/1694
f 1699/1734/1699 1710/1733/1698 1698/1715/1680
f 1739/2326/2704 1735/1737/1702 1799/1736/1701
f 1735/1737/1702 1816/1800/1767 1798/1738/1703
f 1776/1739/1704 1773/1778/1744 1740/1740/1705
f 1679/1742/1707 1715/1603/1564 1711/1464/1422
f 1741/1743/1708 1776/1739/1704 1738/1741/1706
f 1675/1602/1563 1669/1594/1555 1704/1511/1469
f 1775/1745/1710 1741/1743/1708 1736/1744/1709
f 1733/1571/1532 1662/1593/1554 1669/1594/1555
f 1710/1733/1698 1681/1706/2705 1679/1742/1707
f 1683/1601/1562 1676/1754/1719 1713/1585/1546
f 1708/1717/1682 1680/1716/1681 1677/1750/1715
f 1748/1722/1687 1786/1780/1746 1769/1752/1717
f 1707/1751/1716 1677/1750/1715 1676/1754/1719
f 1160/1401/1354 1746/1793/1760 1747/1705/1671
f 1680/1716/1681 1711/1464/1422 1714/1637/1598
f 1706/1755/1720 1676/1754/1719 1683/1601/1562
f 1785/1757/1722 1779/1760/1725 1787/1758/1723
f 1779/1760/1725 1788/1788/1754 1780/1761/1726
f 1762/1762/1727 1751/2327/2706 1132/1763/1728
f 1789/1764/1730 1790/1787/1753 1781/1765/1731
f 1787/1758/1723 1780/1761/1726 1754/1767/1733
f 1792/1769/1735 1181/1150/1102 1168/1397/1350
f 1783/1771/1737 1792/1769/1735 1784/1770/1736
f 1750/2328/2707 1749/2329/2708 1758/2330/2709
f 1815/1773/1739 1793/1748/1713 1796/1774/1740
f 1793/1748/1713 1797/1747/1712 1766/1776/1742
f 1744/1714/1679 1745/1713/1678 1210/1089/1040
f 1182/1090/1041 1748/1722/1687 1763/1753/1718
f 1766/1776/1742 1768/1781/1747 1792/1769/1735
f 1773/1778/1744 1776/1739/1704 1772/1710/1675
f 1748/1722/1687 1745/1713/1678 1822/1779/1745
f 1768/1781/1747 1153/2294/2661 1181/1150/1102
f 1737/1782/1748 1739/2326/2704 1799/1736/1701
f 1769/1752/1717 1786/1780/1746 1795/1784/1750
f 1765/1786/1752 1767/1777/1743 1790/1787/1753
f 1795/1784/1750 1813/1825/1795 1812/1775/1741
f 1764/1785/1751 1795/1784/1750 1796/1774/1740
f 1764/1785/1751 1765/1786/1752 1789/1764/1730
f 1822/1779/1745 1817/1795/1762 1806/1789/1755
f 1796/1774/1740 1793/1748/1713 1767/1777/1743
f 1769/1752/1717 1764/1785/1751 1788/1788/1754
f 1785/1757/1722 1778/1759/1724 1169/1139/1756
f 1763/1753/1718 1769/1752/1717 1779/1760/1725
f 1766/1776/1742 1797/1747/1712 1794/1790/1757
f 1157/1394/1347 1763/1753/1718 1785/1757/1722
f 1784/1770/1736 1168/1397/1350 1136/1117/1068
f 1767/1777/1743 1766/1776/1742 1783/1771/1737
f 1778/1759/1724 1787/1758/1723 1753/1768/1734
f 1136/1117/1068 1135/1119/1070 1761/1794/1761
f 1770/1712/1677 1775/1745/1710 1817/1795/1762
f 1743/1704/1670 1742/1711/1676 1124/1097/1048
f 1770/1712/1677 1771/1721/1686 1741/1743/1708
f 1771/1721/1686 1772/1710/1675 1776/1739/1704
f 1755/1796/1763 1756/2331/2710 1760/1797/1764
f 1817/1795/1762 1775/1745/1710 1777/1746/1711
f 1816/1800/1767 1735/1737/1702 1740/1740/1705
f 1818/1801/1768 1819/1799/1766 1777/1746/1711
f 1798/1738/1703 1816/1800/1767 1774/1703/1669
f 1790/1787/1753 1783/1771/1737 1791/1772/1738
f 1820/1803/1770 1821/1824/1794 1803/1804/1771
f 1440/1474/1432 1434/1562/1523 1442/1563/1524
f 1602/1568/1529 1603/1623/1584 1572/1450/1408
f 1603/1623/1584 1604/1465/1423 1608/1686/1651
f 1646/1558/1519 1567/2332/2711 1571/1687/1652
f 1444/1630/1591 1445/1484/1442 1436/1806/1774
f 1438/1483/1441 1447/1821/1791 1439/1807/1775
f 1408/1322/1275 1704/1511/1469 1734/1554/1515
f 1574/1467/1425 1573/1466/1424 1835/1471/1429
f 1667/1597/1558 1668/1307/1260 1407/1289/1242
f 1403/1288/1241 1402/1262/1214 1665/1264/1216
f 1652/1569/1530 1647/1564/1525 1636/1632/1593
f 1397/1694/1659 1399/2304/2672 1454/1372/1325
f 1801/1805/1772 1803/1804/1771 1804/1808/1776
f 1477/1690/1655 1472/1458/1416 1461/1457/1415
f 1586/1810/1778 1592/1436/1394 1584/1438/1396
f 1590/1811/1779 1585/2333/2712 1591/1655/1780
f 1612/1675/1640 1614/1654/1617 1593/1656/1619
f 1436/1806/1782 1446/1515/1473 1413/1517/1475
f 1435/1561/1522 1437/1560/1521 1416/1814/1784
f 1442/1563/1524 1435/1561/1522 1412/1815/1785
f 1807/1817/1787 1819/1799/1766 1818/1801/1768
f 1802/1809/1777 1804/1808/1776 1811/1819/1789
f 1812/1775/1741 1811/1819/1789 1804/1808/1776
f 1424/1323/1276 1419/1430/1388 1443/1559/1520
f 1421/1667/1632 1423/1669/1633 1447/1821/1791
f 1808/1822/1792 1809/1820/1790 1811/1819/1789
f 1814/1749/1714 1803/1804/1771 1821/1824/1794
f 1810/1823/1793 1811/1819/1789 1812/1775/1741
f 1418/1324/1277 1424/1323/1276 1434/1562/1523
f 1597/1664/1629 1599/1617/2713 1622/1544/1505
f 1596/1662/1627 1597/1664/1629 1621/1673/1638
f 1595/1672/1637 1601/1665/1630 1611/1677/1796
f 1807/1817/1787 1810/1823/1793 1813/1825/1795
f 1815/1773/1739 1804/1808/1776 1803/1804/1771
f 1786/1780/1746 1806/1789/1755 1813/1825/1795
f 1472/1458/1416 1430/1338/1291 1432/1340/1293
f 1819/1799/1766 1807/1817/1787 1806/1789/1755
f 1425/1342/1295 1430/1338/1291 1472/1458/1416
f 1810/1823/1793 1807/1817/1787 1805/1818/1788
f 1869/1826/1797 1830/1838/1809 1829/1827/1798
f 1912/1909/1880 1823/1830/1801 1900/1829/1800
f 1823/1830/1801 1826/2334/2714 1901/1831/1802
f 1827/1832/1803 1870/1851/1822 1873/1833/1804
f 1824/1835/1806 1828/1875/1846 1872/1836/1807
f 1834/1837/1808 1838/1640/1601 1837/1701/1667
f 1865/1839/1810 1886/1974/1945 1839/1840/1811
f 1867/1638/1599 1838/1640/1601 1834/1837/1808
f 1830/1838/1809 1869/1826/1797 1871/1843/1814
f 1836/1470/1428 1831/1847/1818 1829/1827/1798
f 1831/1847/1818 1866/1867/1838 1868/1828/1799
f 1839/1840/1811 1832/1852/1823 1918/1541/1502
f 1917/1848/1819 1886/1974/1945 1904/1849/1820
f 1870/1851/1822 1871/1843/1814 1869/1826/1797
f 1901/1831/1802 1826/2334/2714 1737/1782/1748
f 1831/1847/1818 1836/1470/1428 1918/1541/1502
f 1830/1838/1809 1837/1701/1667 1835/1471/1429
f 1897/1853/1824 1898/1934/1905 1908/1854/1825
f 1854/1856/1827 1847/2335/2715 1846/1857/1828
f 1852/1859/1830 1849/1869/1840 1853/1860/1831
f 1850/1862/1833 1849/1869/1840 1852/1859/1830
f 1879/1864/1835 1847/2335/2716 1855/1865/1836
f 1866/1867/1838 1831/1847/1818 1832/1852/1823
f 1880/1868/1839 1853/1860/1831 1849/1869/1840
f 1844/1871/1842 1845/2336/2717 1877/1872/1843
f 1852/1859/1830 1840/2337/2718 1841/1874/1845
f 1825/1834/1805 1873/1833/1804 1828/1875/1846
f 1801/1805/1772 1802/1809/1777 1903/1876/1847
f 1940/1878/1849 1966/1985/1956 1965/1879/1850
f 1964/1881/1852 1963/1956/1927 1934/1882/1853
f 1958/1884/1855 1920/2005/1975 1919/1885/1856
f 1935/1887/1858 1955/2002/1972 1976/1888/1859
f 1962/1890/1861 1924/1997/1967 1923/1891/1862
f 2020/1893/1864 2019/1913/1884 1986/1894/1865
f 1908/1854/1825 1907/1991/1962 1906/1897/1868
f 2002/1898/1869 2000/2009/1980 2022/1899/1870
f 2030/1901/1872 2003/1977/1948 2005/1902/1873
f 1998/1904/1875 1996/2013/1985 2020/1893/1864
f 2016/1906/1877 2015/1941/1912 1982/1907/1878
f 1912/1909/1880 1870/1851/1822 1827/1832/1803
f 1863/1910/1881 1860/1660/1625 1913/1659/1624
f 1992/1912/1883 2018/1995/1966 2019/1913/1884
f 1937/1915/1886 1935/1887/1858 1975/1889/1860
f 2023/1917/1888 2007/1923/1894 2009/1918/1889
f 1957/1886/1857 1919/1885/1856 1929/1920/1891
f 1972/1922/1893 1939/1940/1911 1937/1915/1886
f 2025/1903/1874 2005/1902/1873 2007/1923/1894
f 1902/1877/1848 1903/1876/1847 1911/1924/1895
f 1961/1892/1863 1923/1891/1862 1922/1925/1896
f 2031/1927/1898 2028/1966/1937 1999/1928/1899
f 1882/1930/1901 1861/1958/1929 1862/1931/1902
f 1893/1870/1841 1882/1930/1901 1892/1932/1903
f 1858/1933/1904 1859/2000/1970 1898/1934/1905
f 2024/1919/1890 2009/1918/1889 2011/1935/1906
f 1960/1926/1897 1922/1925/1896 1921/1937/1908
f 1974/1939/1910 1941/1953/1924 1939/1940/1911
f 2015/1941/1912 2014/1983/1954 1981/1942/1913
f 1878/1943/1914 1865/1839/1810 1857/1841/1812
f 1976/1888/1859 1955/2002/1972 1993/1945/1916
f 2032/1947/1918 2026/1936/1907 2011/1935/1906
f 1818/1801/1768 1915/1896/1867 1905/1949/1920
f 1945/1950/1921 1943/2010/1981 1978/1951/1922
f 1978/1951/1922 1943/2010/1981 1941/1953/1924
f 2017/1954/1925 2016/1906/1877 1983/1908/1879
f 1963/1956/1927 1968/1993/1964 1956/1957/1928
f 1861/1958/1929 1899/1844/1815 1895/1846/1817
f 1965/1879/1850 1927/1998/1968 1926/1959/1930
f 1891/1960/1931 1859/2000/1970 1858/1933/1904
f 1903/1876/1847 1907/1991/1962 1908/1854/1825
f 1914/1850/1821 1872/1836/1807 1866/1867/1838
f 1959/1938/1909 1958/1884/1855 1946/1962/1933
f 2012/1900/1871 2022/1899/1870 1989/1964/1935
f 2028/1966/1937 2027/2018/2719 1997/1967/1938
f 1949/1968/1939 1947/1975/1946 1971/1969/1940
f 2013/1971/1942 2012/1900/1871 1979/1965/1936
f 1868/1828/1799 1828/1875/1846 1873/1833/1804
f 1879/1864/1835 1890/1961/1932 1878/1943/1914
f 1886/1974/1945 1897/1853/1824 1909/1855/1826
f 1947/1975/1946 1945/1950/1921 1977/1952/1923
f 1887/1608/1569 1860/1660/1625 1863/1910/1881
f 1917/1848/1819 1832/1852/1823 1839/1840/1811
f 2031/1927/1898 2001/1929/1900 2003/1977/1948
f 1944/1978/1949 1957/1886/1857 1967/1921/1892
f 1880/1868/1839 1892/1932/1903 1891/1960/1931
f 1805/1818/1788 1905/1949/1920 1906/1897/1868
f 1953/1980/1951 1969/1996/1960 1962/1890/1861
f 2004/1982/1953 2013/1971/1942 2014/1983/1954
f 1938/1880/1851 1965/1879/1850 1964/1881/1852
f 1881/1866/1837 1855/1865/1836 1853/1860/1831
f 1942/1979/1950 1967/1921/1892 1966/1985/1956
f 1916/1986/1957 1902/1877/1848 1910/1845/1816
f 1958/1884/1855 1957/1886/1857 1944/1978/1949
f 1820/1803/1770 1801/1805/1772 1902/1877/1848
f 1950/1987/1958 1960/1926/1897 1959/1938/1909
f 1915/1896/1867 1914/1850/1821 1904/1849/1820
f 1932/1981/1952 1962/1890/1861 1961/1892/1863
f 1905/1949/1920 1904/1849/1820 1909/1855/1826
f 1969/1989/1960 2017/1954/1925 1984/1955/1926
f 1907/1991/1962 1809/1820/1790 1808/1822/1792
f 2021/1905/1876 2020/1893/1864 1987/1895/1866
f 1802/1809/1777 1809/1820/1790 1907/1991/1962
f 1968/1993/1964 1930/2338/2720 1985/1994/1965
f 1969/1996/1960 1931/2339/1961 1924/1997/1967
f 1911/1924/1895 1908/1854/1825 1898/1934/1905
f 2022/1899/1870 2021/1905/1876 1988/1992/1963
f 1966/1985/1956 1928/2001/1971 1927/1998/1968
f 1894/1976/1947 1863/1910/1881 1861/1958/1929
f 1925/1999/1969 1930/2338/2720 1968/1993/1964
f 1892/1932/1903 1862/1931/1902 1859/2000/1970
f 2014/1983/1954 2013/1971/1942 1980/1972/1943
f 1967/1921/1892 1929/1920/1891 1928/2001/1971
f 1890/1961/1932 1858/1933/1904 1865/1839/1810
f 1955/2002/1972 1956/1957/1928 1992/1912/1883
f 1964/1881/1852 1926/1959/1930 1925/1999/1969
f 1991/1948/1919 2011/1935/1906 2010/2003/1973
f 1959/1938/1909 1921/1937/1908 1920/2005/1975
f 2011/1935/1906 2009/1918/1889 2008/2006/1976
f 1934/1882/1853 1956/1957/1928 1955/2002/1972
f 1866/1867/1838 1872/1836/1807 1828/1875/1846
f 2007/1923/1894 2006/1984/1955 2008/2006/1976
f 1933/2007/1977 1932/1981/1952 1951/1988/1959
f 1874/1802/1769 1872/1836/1807 1914/1850/1821
f 2005/1902/1873 2004/1982/1953 2006/1984/1955
f 2003/1977/1948 2002/1898/1869 2004/1982/1953
f 1900/1829/1800 1833/1842/1813 1871/1843/1814
f 2001/1929/1900 2000/2009/1980 2002/1898/1869
f 1948/1963/1934 1946/1962/1933 1947/1975/1946
f 1889/1973/1944 1878/1943/1914 1884/1944/1915
f 2001/1929/1900 1999/1928/1899 1998/1904/1875
f 1946/1962/1933 1944/1978/1949 1945/1950/1921
f 1881/1866/1837 1891/1960/1931 1890/1961/1932
f 1944/1978/1949 1942/1979/1950 1943/2010/1981
f 1875/2011/1982 1887/1608/1569 1894/1976/1947
f 1997/1967/1984 1995/2016/2721 1994/1914/1885
f 1943/2010/1981 1942/1979/1950 1940/1878/1849
f 1893/1870/1841 1849/1869/1840 1850/1862/1833
f 1941/1953/1924 1940/1878/1849 1938/1880/1851
f 1857/1841/1812 1839/1840/1811 1888/1671/1636
f 1954/2014/1987 1991/1948/1919 1990/2004/1974
f 1865/1839/1810 1858/1933/1904 1897/1853/1824
f 1953/2015/1951 1990/2004/1974 2017/1954/1925
f 1936/1883/1854 1934/1882/1853 1935/1887/1858
f 1996/2013/1985 1994/1914/1885 2019/1913/1884
f 1861/1958/1929 1863/1910/1881 1896/1911/1882
f 2000/2009/1980 1998/1904/1875 2021/1905/1876
f 2002/1898/1869 2012/1900/1871 2013/1971/1942
f 2101/1948/1988 2120/1935/2722 2119/2003/1989
f 2085/1888/1991 2062/2002/2083 2103/1945/1992
f 2129/1893/1994 2128/1913/2018 2096/1894/1995
f 2123/1983/1997 2122/1971/2003 2091/1972/1998
f 2187/1985/2000 2149/2001/2106 2148/1998/2001
f 2122/1971/2003 2121/1900/2099 2090/1965/2004
f 2131/1899/2005 2130/1905/2015 2098/1992/2006
f 2125/1906/2008 2124/1941/2016 2093/1907/2009
f 2075/1993/2011 2037/2338/2723 2095/1994/2012
f 2110/2009/2014 2108/1904/2063 2130/1905/2015
f 2130/1905/2015 2129/1893/1994 2097/1895/1996
f 2124/1941/2016 2123/1983/1997 2092/1942/1999
f 2102/1912/2017 2127/1995/2013 2128/1913/2018
f 2060/2015/2020 2100/2004/1990 2126/1954/2021
f 2070/1956/2023 2075/1993/2011 2063/1957/2024
f 2038/1981/2026 2069/1890/2047 2068/1892/2027
f 2056/1987/2029 2067/1926/2101 2066/1938/2030
f 2066/1938/2030 2065/1884/2102 2052/1962/2032
f 2061/2014/2033 2101/1948/1988 2100/2004/1990
f 2137/1946/1993 2103/1945/1992 2105/2016/2034
f 2050/1978/2036 2064/1886/2724 2074/1921/2037
f 2048/1979/2038 2074/1921/2037 2073/1985/2039
f 2103/1945/1992 2102/1912/2017 2104/1914/2019
f 2134/2018/2041 2135/2017/2035 2105/2016/2034
f 2046/1878/2040 2073/1985/2039 2072/1879/2043
f 2044/1880/2044 2072/1879/2043 2071/1881/2045
f 2071/1881/2045 2070/1956/2023 2040/1882/2025
f 2060/1980/2020 2076/1996/2022 2069/1890/2047
f 2061/2019/2033 2060/1980/2020 2038/1981/2026
f 2043/1915/2049 2041/1887/2084 2084/1889/2050
f 2045/1940/2052 2044/1880/2044 2042/1883/2046
f 2047/1953/2054 2046/1878/2040 2044/1880/2044
f 2087/1951/2055 2049/2010/2059 2047/1953/2054
f 2051/1950/2057 2049/2010/2059 2087/1951/2055
f 2050/1978/2036 2048/1979/2038 2049/2010/2059
f 2136/1966/2060 2134/2018/2041 2107/1967/2042
f 2109/1928/2061 2107/1967/2042 2106/2013/2062
f 2052/1962/2032 2050/1978/2036 2051/1950/2057
f 2139/1927/2065 2136/1966/2060 2109/1928/2061
f 2111/1929/2066 2109/1928/2061 2108/1904/2063
f 2055/1968/2067 2053/1975/2064 2079/1969/2068
f 2054/1963/2031 2052/1962/2032 2053/1975/2064
f 2139/1927/2065 2111/1929/2066 2113/1977/2070
f 2111/1929/2066 2110/2009/2014 2112/1898/2072
f 2056/1987/2029 2054/1963/2031 2055/1968/2067
f 2059/2008/2074 2057/2020/2073 2078/2021/2075
f 2113/1977/2070 2112/1898/2072 2114/1982/2077
f 2133/1903/2079 2115/1902/2078 2117/1923/2080
f 2088/2023/2082 2039/2007/2048 2059/2008/2074
f 2039/2007/2048 2038/1981/2026 2058/1988/2028
f 2040/1882/2025 2063/1957/2024 2062/2002/2083
f 2072/1879/2043 2035/1998/2725 2034/1959/2085
f 2071/1881/2045 2034/1959/2085 2033/1999/2086
f 2033/1999/2086 2037/2338/2723 2075/1993/2011
f 1956/1957/1928 1968/1993/1964 2018/1995/1966
f 2010/2003/1973 2008/2006/1976 2015/1941/1912
f 2008/2006/1976 2006/1984/1955 2014/1983/1954
f 2062/2002/2083 2063/1957/2024 2102/1912/2017
f 2126/1954/2021 2125/1906/2008 2094/1908/2010
f 2180/1938/2088 2142/1937/2111 2141/2005/2089
f 2183/1890/2091 2145/1997/2726 2144/1891/2092
f 2179/1884/2090 2141/2005/2089 2140/1885/2094
f 2185/1881/2096 2147/1959/2114 2146/1999/2097
f 2121/1900/2099 2131/1899/2005 2099/1964/2007
f 2106/2013/2100 2104/1914/2019 2128/1913/2018
f 2058/1988/2028 2068/1892/2027 2067/1926/2101
f 2065/1884/2102 2064/1886/2724 2050/1978/2036
f 2182/1892/2093 2144/1891/2092 2143/1925/2103
f 2188/1921/2105 2150/1920/2108 2149/2001/2106
f 2146/1999/2097 2151/2338/2727 2189/1993/2107
f 2178/1886/2095 2140/1885/2094 2150/1920/2108
f 2089/2024/2109 2061/2019/2033 2039/2007/2048
f 2083/1939/2056 2047/1953/2054 2045/1940/2052
f 2049/2010/2059 2048/1979/2038 2046/1878/2040
f 2053/1975/2064 2051/1950/2057 2086/1952/2058
f 2181/1926/2104 2143/1925/2103 2142/1937/2111
f 2100/2004/1990 2119/2003/1989 2125/1906/2008
f 2063/1957/2024 2075/1993/2011 2127/1995/2013
f 2057/2020/2073 2055/1968/2067 2077/1970/2069
f 2138/1901/2071 2113/1977/2070 2115/1902/2078
f 2059/2008/2074 2058/1988/2028 2056/1987/2029
f 2041/1887/2084 2062/2002/2083 2085/1888/1991
f 2115/1902/2078 2114/1982/2077 2116/1984/2112
f 2119/2003/1989 2118/2006/2113 2124/1941/2016
f 2118/2006/2113 2116/1984/2728 2123/1983/1997
f 2112/1898/2072 2110/2009/2014 2131/1899/2005
f 2112/1898/2072 2121/1900/2099 2122/1971/2003
f 1990/2004/1974 2010/2003/1973 2016/1906/1877
f 2186/1879/2002 2148/1998/2001 2147/1959/2114
f 2174/2015/2115 2211/2004/2145 2238/1954/2116
f 2252/1901/2118 2224/1977/2132 2226/1902/2119
f 2202/2025/2121 2254/1947/2147 2212/1948/2122
f 2198/1888/2124 2176/2002/2133 2214/1945/2125
f 2213/1912/2127 2239/1995/2150 2240/1913/2128
f 2222/1929/2130 2221/2009/2143 2223/1898/2131
f 2176/2002/2133 2177/1957/2220 2213/1912/2127
f 2217/2013/2134 2215/1914/2129 2240/1913/2128
f 2253/1927/2136 2222/1929/2130 2224/1977/2132
f 2241/1893/2135 2240/1913/2128 2207/1894/2137
f 2250/1966/2139 2248/2018/2158 2218/1967/2140
f 2222/1929/2130 2220/1928/2141 2219/1904/2142
f 2212/1948/2122 2232/1935/2148 2231/2003/2144
f 2219/1904/2142 2217/2013/2134 2241/1893/2135
f 2220/1928/2141 2218/1967/2140 2217/2013/2134
f 2254/1947/2147 2247/1936/2161 2232/1935/2148
f 2253/1927/2136 2250/1966/2139 2220/1928/2141
f 2189/1993/2107 2151/2338/2727 2206/1994/2149
f 2236/1941/2151 2235/1983/2729 2204/1942/2152
f 2218/1967/2140 2216/2016/2159 2215/1914/2129
f 2232/1935/2148 2230/1918/2165 2229/2006/2154
f 2233/1900/2155 2243/1899/2167 2210/1964/2156
f 2248/2018/2158 2249/2017/2168 2216/2016/2159
f 2245/1919/2160 2230/1918/2165 2232/1935/2148
f 2242/1905/2146 2241/1893/2135 2208/1895/2138
f 2246/1903/2120 2226/1902/2119 2228/1923/2163
f 2228/1923/2163 2227/1984/2166 2229/2006/2154
f 2214/1945/2125 2213/1912/2127 2215/1914/2129
f 2226/1902/2119 2225/1982/2169 2227/1984/2166
f 2243/1899/2167 2242/1905/2146 2209/1992/2162
f 2251/1946/2126 2214/1945/2125 2216/2016/2159
f 2244/1917/2164 2228/1923/2163 2230/1918/2165
f 2240/1913/2128 2239/1995/2150 2206/1994/2149
f 2175/2014/2123 2212/1948/2122 2211/2004/2145
f 2224/1977/2132 2223/1898/2131 2225/1982/2169
f 2164/1978/2170 2162/1979/2173 2163/2010/2171
f 2162/1979/2173 2188/1921/2105 2187/1985/2000
f 2328/1929/2175 2327/2009/2321 2329/1898/2176
f 2165/1950/2172 2163/2010/2171 2200/1951/2178
f 2164/1978/2170 2178/1886/2095 2188/1921/2105
f 2163/2010/2171 2162/1979/2173 2160/1878/2174
f 2296/1881/2181 2260/1959/2213 2259/1999/2182
f 2200/1951/2178 2163/2010/2171 2161/1953/2180
f 2294/1890/2185 2258/1997/2292 2257/1891/2186
f 2180/1938/2088 2179/1884/2090 2166/1962/2188
f 2161/1953/2180 2160/1878/2174 2158/1880/2190
f 2168/1963/2189 2166/1962/2188 2167/1975/2192
f 2169/1968/2193 2167/1975/2192 2193/1969/2194
f 2154/1882/2196 2177/1957/2220 2176/2002/2133
f 2175/2019/2123 2174/1980/2115 2152/1981/2198
f 2155/1887/2197 2176/2002/2133 2198/1888/2124
f 2287/2002/2201 2288/1957/2299 2319/1912/2202
f 2201/2023/2204 2153/2007/2730 2173/2008/2205
f 2307/1888/2207 2287/2002/2201 2320/1945/2203
f 2279/1962/2209 2277/1978/2233 2278/1950/2210
f 2297/1879/2212 2261/1998/2349 2260/1959/2213
f 2173/2008/2205 2172/1988/2218 2170/1987/2214
f 2281/1963/2216 2279/1962/2209 2280/1975/2211
f 2172/1988/2218 2182/1892/2093 2181/1926/2104
f 2173/2008/2205 2171/2020/2215 2192/2021/2219
f 2152/1981/2198 2183/1890/2091 2182/1892/2093
f 2174/1980/2115 2190/1996/2117 2183/1890/2091
f 2160/1878/2174 2187/1985/2000 2186/1879/2002
f 2179/1884/2090 2178/1886/2095 2164/1978/2170
f 2184/1956/2098 2189/1993/2107 2177/1957/2220
f 2267/1882/2221 2288/1957/2299 2287/2002/2201
f 2344/1913/2223 2343/1995/2300 2313/1994/2224
f 2170/1987/2214 2181/1926/2104 2180/1938/2088
f 2268/1887/2222 2287/2002/2201 2307/1888/2207
f 2185/1881/2096 2184/1956/2098 2154/1882/2196
f 2332/1902/2228 2331/1982/2237 2333/1984/2229
f 2156/1883/2227 2154/1882/2196 2155/1887/2197
f 2158/1880/2190 2186/1879/2002 2185/1881/2096
f 2157/1915/2231 2155/1887/2197 2197/1889/2200
f 2277/1978/2233 2275/1979/2355 2276/2010/2234
f 2280/1975/2211 2278/1950/2210 2308/1952/2235
f 2330/1977/2177 2329/1898/2176 2331/1982/2237
f 2167/1975/2192 2165/1950/2172 2199/1952/2179
f 2353/1901/2238 2330/1977/2177 2332/1902/2228
f 2166/1962/2188 2164/1978/2170 2165/1950/2172
f 2342/1954/2240 2341/1906/2303 2311/1908/2241
f 2278/1950/2210 2276/2010/2234 2309/1951/2243
f 2368/2007/2244 2367/1981/2357 2387/1988/2245
f 2370/1887/2247 2391/2002/2343 2413/1888/2248
f 2269/1883/2250 2267/1882/2221 2268/1887/2222
f 2283/1987/2252 2292/1926/2731 2291/1938/2253
f 2395/1938/2254 2357/1937/2293 2356/2005/2255
f 2398/1890/2257 2360/1997/2295 2359/1891/2258
f 2400/1881/2260 2362/1959/2732 2361/1999/2261
f 2394/1884/2256 2356/2005/2255 2355/1885/2263
f 2372/1915/2265 2370/1887/2247 2412/1889/2249
f 2371/1883/2267 2369/1882/2342 2370/1887/2247
f 2290/1884/2268 2256/2005/2733 2255/1885/2269
f 2403/1921/2271 2364/1920/2288 2363/2001/2272
f 2374/1940/2274 2373/1880/2352 2371/1883/2267
f 2411/1939/2275 2376/1953/2285 2374/1940/2274
f 2397/1892/2259 2359/1891/2258 2358/1925/2277
f 2347/1899/2279 2346/1905/2322 2315/1992/2280
f 2341/1906/2303 2340/1941/2302 2310/1907/2734
f 2361/1999/2261 2365/2338/2735 2404/1993/2282
f 2223/1898/2131 2233/1900/2155 2234/1971/2283
f 2415/1951/2284 2378/2010/2286 2376/1953/2285
f 2378/2010/2286 2377/1979/2344 2375/1878/2287
f 2393/1886/2264 2355/1885/2263 2364/1920/2288
f 2211/2004/2145 2231/2003/2144 2237/1906/2289
f 2231/2003/2144 2229/2006/2154 2236/1941/2290
f 2301/1996/2291 2265/2339/2347 2258/1997/2292
f 2396/1926/2278 2358/1925/2277 2357/1937/2293
f 2405/1996/2294 2366/2339/2381 2360/1997/2295
f 2259/1999/2182 2264/2338/1013 2300/1993/2296
f 2289/1886/2270 2255/1885/2269 2263/1920/2297
f 2288/1957/2299 2300/1993/2296 2343/1995/2300
f 2336/2003/2301 2335/2006/2304 2340/1941/2302
f 2335/2006/2304 2333/1984/2229 2339/1983/2305
f 2379/1978/2306 2377/1979/2344 2378/2010/2286
f 2382/1975/2308 2380/1950/2307 2414/1952/2309
f 2305/1939/2311 2274/1953/2358 2272/1940/2312
f 2295/1956/2183 2300/1993/2296 2288/1957/2299
f 2381/1962/2314 2379/1978/2306 2380/1950/2307
f 2384/1968/2315 2382/1975/2308 2408/1969/2310
f 2331/1982/2237 2338/1971/2317 2339/1983/2305
f 2329/1898/2176 2337/1900/2354 2338/1971/2317
f 2383/1963/2318 2381/1962/2314 2382/1975/2308
f 2386/2020/2319 2384/1968/2315 2406/1970/2316
f 2327/2009/2321 2325/1904/2340 2346/1905/2322
f 2385/1987/2323 2383/1963/2318 2384/1968/2315
f 2273/1878/2324 2298/1985/2346 2297/1879/2212
f 2271/1880/2325 2297/1879/2212 2296/1881/2181
f 2285/1980/2326 2301/1996/2291 2294/1890/2185
f 2323/2013/2328 2321/1914/2330 2344/1913/2223
f 2319/1912/2202 2343/1995/2300 2344/1913/2223
f 2291/1938/2253 2290/1884/2268 2279/1962/2209
f 2290/1884/2268 2289/1886/2270 2277/1978/2233
f 2388/2008/2246 2386/2020/2319 2407/2021/2320
f 2285/2015/2326 2317/2004/2332 2342/1954/2240
f 2286/2014/2331 2318/1948/2736 2317/2004/2332
f 2352/1946/2208 2320/1945/2203 2322/2016/2333
f 2320/1945/2203 2319/1912/2202 2321/1914/2330
f 2349/2018/2335 2350/2017/2334 2322/2016/2333
f 2351/1966/2337 2349/2018/2335 2324/1967/2336
f 2326/1928/2338 2324/1967/2336 2323/2013/2339
f 2328/1929/2175 2326/1928/2338 2325/1904/2340
f 2354/1927/2341 2328/1929/2175 2330/1977/2177
f 2388/2008/2246 2387/1988/2245 2385/1987/2323
f 2272/1940/2312 2271/1880/2325 2269/1883/2250
f 2369/1882/2342 2392/1957/2421 2391/2002/2343
f 2394/1884/2256 2393/1886/2264 2379/1978/2306
f 2379/1978/2306 2393/1886/2264 2403/1921/2271
f 2299/1921/2298 2263/1920/2297 2262/2001/2345
f 2409/1922/2276 2374/1940/2274 2372/1915/2265
f 2301/1989/2291 2342/1954/2240 2312/1955/2242
f 2300/1993/2296 2264/2338/1013 2313/1994/2224
f 2221/2009/2143 2219/1904/2142 2242/1905/2146
f 2223/1898/2131 2221/2009/2143 2243/1899/2167
f 2377/1979/2344 2403/1921/2271 2402/1985/2273
f 2225/1982/2169 2234/1971/2283 2235/1983/2348
f 2177/1957/2220 2189/1993/2107 2239/1995/2150
f 2298/1985/2346 2262/2001/2345 2261/1998/2349
f 2317/2004/2332 2336/2003/2301 2341/1906/2303
f 2380/1950/2307 2378/2010/2286 2415/1951/2284
f 2266/1981/2327 2294/1890/2185 2293/1892/2187
f 2375/1878/2287 2402/1985/2273 2401/1879/2351
f 2373/1880/2352 2401/1879/2351 2400/1881/2353
f 2329/1898/2176 2327/2009/2321 2347/1899/2279
f 2296/1881/2181 2295/1956/2183 2267/1882/2221
f 2277/1978/2233 2289/1886/2270 2299/1921/2298
f 2275/1979/2355 2299/1921/2298 2298/1985/2346
f 2389/1980/2356 2405/1996/2294 2398/1890/2257
f 2390/2019/2415 2389/1980/2356 2367/1981/2357
f 2309/1951/2243 2276/2010/2234 2274/1953/2358
f 2276/2010/2234 2275/1979/2355 2273/1878/2324
f 2354/1927/2341 2351/1966/2337 2326/1928/2338
f 2303/1922/2313 2272/1940/2312 2270/1915/2251
f 2387/1988/2245 2397/1892/2259 2396/1926/2278
f 2451/1983/2360 2450/1971/2425 2417/1972/2361
f 2385/1987/2323 2396/1926/2278 2395/1938/2254
f 2466/1946/2363 2430/1945/2379 2432/2016/2364
f 2454/1954/2366 2453/1906/2375 2420/1908/2367
f 2449/1900/2369 2459/1899/2426 2426/1964/2370
f 2458/1905/2372 2457/1893/2383 2424/1895/2373
f 2453/1906/2375 2452/1941/2380 2419/1907/2376
f 2404/1993/2282 2365/2338/2735 2422/1994/2377
f 2413/1888/2248 2391/2002/2343 2430/1945/2379
f 2452/1941/2380 2451/1983/2360 2418/1942/2362
f 2405/1989/2294 2454/1954/2366 2421/1955/2368
f 2367/1981/2357 2398/1890/2257 2397/1892/2259
f 2391/2002/2343 2392/1957/2421 2429/1912/2382
f 2457/1893/2383 2456/1913/2414 2423/1894/2384
f 2448/1935/2385 2446/1918/2397 2445/2006/2386
f 2428/1948/2388 2448/1935/2385 2447/2003/2387
f 2442/1902/2390 2441/1982/2412 2443/1984/2391
f 2465/1966/2393 2463/2018/2410 2434/1967/2394
f 2460/1917/2396 2444/1923/2392 2446/1918/2397
f 2470/2026/2399 2469/2033/2420 2476/2027/2400
f 2436/1928/2395 2434/1967/2394 2433/2013/2402
f 2468/1927/2404 2438/1929/2407 2440/1977/2405
f 2438/1929/2407 2437/2009/2409 2439/1898/2408
f 2438/1929/2407 2436/1928/2395 2435/1904/2403
f 2468/1927/2404 2465/1966/2393 2436/1928/2395
f 2463/2018/2410 2464/2017/2365 2432/2016/2364
f 2467/1901/2406 2440/1977/2405 2442/1902/2390
f 2440/1977/2405 2439/1898/2408 2441/1982/2412
f 2462/1903/2411 2442/1902/2390 2444/1923/2392
f 2430/1945/2379 2429/1912/2382 2431/1914/2413
f 2434/1967/2394 2432/2016/2364 2431/1914/2413
f 2429/1912/2382 2455/1995/2378 2456/1913/2414
f 2389/2015/2356 2427/2004/2389 2454/1954/2366
f 2390/2014/2415 2428/1948/2388 2427/2004/2389
f 2435/1904/2403 2433/2013/2402 2457/1893/2383
f 2471/2029/2416 2537/2043/2433 2538/2030/2417
f 2456/1913/2414 2455/1995/2378 2422/1994/2377
f 2473/2032/2419 2474/2047/2437 2469/2033/2420
f 2447/2003/2387 2445/2006/2386 2452/1941/2380
f 2445/2006/2386 2443/1984/2391 2451/1983/2360
f 2392/1957/2421 2404/1993/2282 2455/1995/2378
f 2427/2004/2389 2447/2003/2387 2453/1906/2375
f 2550/2034/2422 2558/2110/2500 2491/2035/2423
f 2441/1982/2412 2450/1971/2425 2451/1983/2360
f 2439/1898/2408 2449/1900/2369 2450/1971/2425
f 2437/2009/2409 2435/1904/2403 2458/1905/2372
f 2477/2037/2427 2478/2045/2435 2482/2038/2428
f 2479/2040/2430 2477/2037/2427 2480/2039/2429
f 2473/2032/2419 2470/2026/2399 2480/2039/2429
f 2471/2029/2416 2485/2048/2438 2551/2042/2432
f 2479/2040/2430 2488/2340/2737 2490/2044/2434
f 2490/2044/2434 2489/2341/2738 2478/2045/2435
f 2496/2046/2436 2495/2056/2446 2474/2047/2437
f 2476/2027/2400 2487/2342/2739 2485/2048/2438
f 2523/2049/2439 2518/2073/2463 2519/2050/2440
f 2498/2052/2442 2497/2062/2452 2500/2053/2443
f 2492/2055/2445 2488/2340/2737 2479/2040/2430
f 2475/2028/2401 2472/2031/2418 2481/2036/2424
f 2499/2054/2444 2500/2053/2443 2495/2056/2446
f 2459/1899/2426 2458/1905/2372 2425/1992/2374
f 2503/2057/2447 2501/2060/2450 2502/2058/2448
f 2481/2036/2424 2491/2035/2423 2492/2055/2445
f 2470/2026/2399 2475/2028/2401 2483/2041/2431
f 2399/1956/2262 2404/1993/2282 2392/1957/2421
f 2482/2038/2428 2478/2045/2435 2501/2060/2450
f 2494/2061/2451 2493/2068/2458 2497/2062/2452
f 2444/1923/2392 2443/1984/2391 2445/2006/2386
f 2502/2058/2448 2501/2060/2450 2512/2063/2453
f 2478/2045/2435 2489/2341/2738 2512/2063/2453
f 2506/2065/2455 2504/2076/2466 2513/2066/2456
f 2493/2068/2458 2507/2343/2740 2509/2069/2459
f 2526/2070/2460 2524/2079/2469 2527/2071/2461
f 2503/2057/2447 2496/2046/2436 2473/2032/2419
f 2475/2028/2401 2476/2027/2400 2471/2029/2416
f 2518/2073/2463 2584/2148/2538 2585/2074/2464
f 2515/2075/2465 2513/2066/2456 2504/2076/2466
f 2472/2031/2418 2538/2030/2417 2550/2034/2422
f 2502/2058/2448 2511/2064/2454 2515/2075/2465
f 2504/2076/2466 2498/2052/2442 2499/2054/2444
f 2534/2077/2467 2533/2344/2741 2525/2078/2468
f 2496/2046/2436 2503/2057/2447 2505/2059/2449
f 2500/2053/2443 2510/2146/2536 2508/2080/2470
f 2495/2056/2446 2508/2080/2470 2486/2081/2471
f 2597/2082/2472 2605/2153/2543 2535/2083/2473
f 2524/2079/2469 2525/2078/2468 2529/2085/2475
f 2520/2086/2476 2517/2087/2477 2527/2071/2461
f 2526/2070/2460 2532/2345/2742 2534/2077/2467
f 2517/2087/2477 2522/2051/2441 2530/2072/2462
f 2520/2086/2476 2540/2097/2487 2539/2088/2478
f 2566/2090/2480 2567/2133/2523 2562/2091/2481
f 2543/2093/2483 2542/2105/2495 2541/2094/2484
f 2536/2096/2486 2532/2345/2742 2526/2070/2460
f 2522/2051/2441 2519/2050/2440 2528/2084/2474
f 2544/2095/2485 2539/2088/2478 2540/2097/2487
f 2679/2098/2488 2683/2232/2623 2689/2099/2489
f 2547/2101/2491 2545/2104/2494 2546/2102/2492
f 2528/2084/2474 2535/2083/2473 2536/2096/2486
f 2506/2065/2455 2494/2061/2451 2498/2052/2442
f 2439/1898/2408 2437/2009/2409 2459/1899/2426
f 2529/2085/2475 2525/2078/2468 2545/2104/2494
f 2542/2105/2495 2538/2030/2417 2537/2043/2433
f 2474/2047/2437 2486/2081/2471 2484/2106/2496
f 2546/2102/2492 2545/2104/2494 2556/2107/2497
f 2525/2078/2468 2533/2344/2741 2556/2107/2497
f 2550/2034/2422 2548/2118/2508 2557/2109/2499
f 2537/2043/2433 2551/2042/2432 2553/2111/2501
f 2570/2112/2502 2568/2121/2511 2571/2113/2503
f 2540/2097/2487 2520/2086/2476 2529/2085/2475
f 2521/2089/2479 2516/2144/2534 2517/2087/2477
f 2563/2092/2482 2562/2091/2481 2631/2115/2505
f 2559/2117/2507 2557/2109/2499 2548/2118/2508
f 2519/2050/2440 2585/2074/2464 2597/2082/2472
f 2546/2102/2492 2555/2108/2498 2559/2117/2507
f 2548/2118/2508 2542/2105/2495 2543/2093/2483
f 2581/2119/2509 2580/2346/2743 2569/2120/2510
f 2543/2093/2483 2540/2097/2487 2547/2101/2491
f 2544/2095/2485 2554/2347/2744 2552/2122/2512
f 2539/2088/2478 2552/2122/2512 2531/2123/2513
f 2644/2124/2514 2652/2231/2622 2582/2125/2515
f 2568/2121/2511 2569/2120/2510 2573/2127/2517
f 2576/2128/2518 2645/2214/2605 2631/2115/2505
f 2573/2127/2517 2564/2132/2522 2561/2129/2519
f 2570/2112/2502 2579/2348/2745 2581/2119/2509
f 2571/2113/2503 2561/2129/2519 2566/2090/2480
f 2587/2130/2520 2586/2143/2533 2565/2131/2521
f 2567/2133/2523 2560/2158/2548 2575/2134/2524
f 2593/2136/2526 2602/2151/2541 2606/2137/2527
f 2589/2139/2529 2588/2149/2539 2591/2140/2530
f 2583/2142/2532 2579/2348/2745 2570/2112/2502
f 2566/2090/2480 2563/2092/2482 2572/2126/2516
f 2590/2141/2531 2591/2140/2530 2586/2143/2533
f 2522/2051/2441 2517/2087/2477 2516/2144/2534
f 2594/2145/2535 2592/2147/2537 2593/2136/2526
f 2572/2126/2516 2582/2125/2515 2583/2142/2532
f 2538/2030/2417 2542/2105/2495 2548/2118/2508
f 2497/2062/2452 2509/2069/2459 2510/2146/2536
f 2573/2127/2517 2569/2120/2510 2592/2147/2537
f 2589/2139/2529 2585/2074/2464 2584/2148/2538
f 2593/2136/2526 2592/2147/2537 2603/2150/2540
f 2569/2120/2510 2580/2346/2743 2603/2150/2540
f 2597/2082/2472 2595/2159/2549 2604/2152/2542
f 2584/2148/2538 2598/2349/2746 2600/2154/2544
f 2614/2155/2545 2609/2165/2555 2610/2156/2546
f 2594/2145/2535 2587/2130/2520 2564/2132/2522
f 2564/2132/2522 2565/2131/2521 2560/2158/2548
f 2572/2126/2516 2563/2092/2482 2632/2116/2506
f 2587/2130/2520 2594/2145/2535 2596/2138/2528
f 2595/2159/2549 2589/2139/2529 2590/2141/2531
f 2606/2137/2527 2604/2152/2542 2595/2159/2549
f 2617/2160/2550 2615/2171/2561 2618/2161/2551
f 2591/2140/2530 2588/2149/2539 2600/2154/2544
f 2586/2143/2533 2599/2350/2554 2577/2164/2554
f 2609/2165/2555 2678/2176/2566 2679/2098/2488
f 2612/2166/2556 2607/2184/2575 2608/2167/2557
f 2628/2169/2559 2627/2351/2747 2616/2170/2560
f 2617/2160/2550 2626/2352/2748 2628/2169/2559
f 2691/2100/2490 2699/2226/2617 2629/2172/2562
f 2615/2171/2561 2616/2170/2560 2620/2174/2564
f 2623/2175/2565 2692/2353/2565 2678/2176/2566
f 2613/2157/2547 2610/2156/2546 2619/2173/2563
f 2611/2168/2558 2608/2167/2557 2618/2161/2551
f 2619/2173/2563 2629/2172/2562 2630/2177/2567
f 2608/2167/2557 2613/2157/2547 2621/2162/2552
f 2614/2155/2568 2607/2184/2575 2622/2178/2569
f 2585/2074/2464 2589/2139/2529 2595/2159/2549
f 2561/2129/2519 2560/2158/2548 2567/2133/2523
f 2637/2180/2571 2638/2186/2577 2633/2181/2572
f 2624/2183/2574 2622/2178/2569 2607/2184/2575
f 2636/2185/2576 2635/2190/2581 2638/2186/2577
f 2630/2177/2567 2626/2352/2748 2617/2160/2550
f 2578/2135/2525 2576/2128/2518 2562/2091/2481
f 2641/2187/2578 2639/2213/2604 2640/2188/2579
f 2632/2116/2506 2631/2115/2505 2635/2190/2581
f 2611/2168/2558 2634/2182/2573 2633/2181/2572
f 2450/1971/2425 2449/1900/2369 2416/1965/2371
f 2658/2191/2582 2655/2197/2588 2665/2192/2583
f 2654/2194/2585 2669/2354/2749 2672/2195/2586
f 2655/2197/2588 2660/2199/2590 2668/2198/2589
f 2660/2199/2590 2657/2207/2598 2666/2200/2591
f 2685/2201/2592 2680/2204/2595 2681/2202/2593
f 2658/2191/2582 2681/2202/2593 2680/2204/2595
f 2660/2199/2590 2661/2196/2587 2656/2206/2597
f 2640/2188/2579 2649/2220/2611 2653/2208/2599
f 2657/2207/2598 2656/2206/2597 2493/2068/2458
f 2662/2209/2600 2663/2211/2602 2667/2193/2584
f 2675/2210/2601 2674/2355/2750 2663/2211/2602
f 2671/2212/2603 2669/2354/2749 2654/2194/2585
f 2620/2174/2564 2616/2170/2560 2639/2213/2604
f 2635/2190/2581 2631/2115/2505 2645/2214/2605
f 2685/2201/2592 2682/2233/2624 2694/2216/2607
f 2648/2218/2609 2646/2234/2625 2633/2181/2572
f 2638/2186/2577 2635/2190/2581 2647/2215/2606
f 2640/2188/2579 2639/2213/2604 2650/2219/2610
f 2616/2170/2560 2627/2351/2747 2650/2219/2610
f 2687/2221/2612 2686/2224/2615 2697/2222/2613
f 2641/2187/2578 2634/2182/2573 2611/2168/2558
f 2663/2211/2602 2674/2355/2750 2697/2222/2613
f 2691/2100/2490 2689/2099/2489 2698/2225/2616
f 2653/2208/2599 2651/2230/2621 2642/2227/2618
f 2667/2193/2584 2663/2211/2602 2686/2224/2615
f 2634/2182/2573 2641/2187/2578 2643/2189/2580
f 2688/2228/2619 2686/2224/2615 2687/2221/2612
f 2644/2124/2514 2642/2227/2618 2651/2230/2621
f 2683/2232/2623 2679/2098/2488 2678/2176/2566
f 2612/2166/2556 2633/2181/2572 2646/2234/2625
f 2695/2217/2608 2693/2356/2751 2680/2204/2595
f 2664/2235/2626 2662/2209/2600 2665/2192/2583
f 2677/2236/2627 2673/2357/2752 2664/2235/2626
f 2661/2196/2587 2672/2195/2586 2670/2237/2628
f 2506/2065/2455 2514/2067/2457 2676/2238/2629
f 2684/2203/2594 2683/2232/2623 2682/2233/2624
f 2642/2227/2618 2636/2185/2576 2637/2180/2571
f 2644/2124/2514 2632/2116/2506 2636/2185/2576
f 2664/2235/2626 2673/2357/2752 2675/2210/2601
f 2655/2197/2588 2654/2194/2585 2661/2196/2587
f 2659/2205/2596 2654/2194/2585 2655/2197/2588
f 2666/2200/2591 2676/2238/2629 2677/2236/2627
f 2666/2200/2591 2657/2207/2598 2494/2061/2451
f 2687/2221/2612 2696/2223/2614 2700/2239/2630
f 2700/2239/2630 2698/2225/2616 2689/2099/2489
f 2747/2358/2753 2746/2359/2754 2745/2360/2755
f 2832/2361/2756 2753/2362/2757 2906/2363/2758
f 2789/2364/2759 2906/2363/2758 2907/2365/2760
f 2787/2366/2761 2755/2367/2762 2908/2368/2763
f 2813/2369/2764 2754/2370/2765 2882/2371/2766
f 2827/2372/2767 2883/2373/2768 2748/2374/2769
f 2798/2375/2770 2758/2376/2771 2759/2377/2772
f 2838/2378/2773 2767/2379/2774 2757/2380/2775
f 2796/2381/2776 2760/2382/2777 2884/2383/2778
f 2815/2384/2779 2763/2385/2780 2761/2386/2781
f 2834/2387/2782 2762/2388/2783 2905/2389/2784
f 2885/2390/2785 2819/2391/2786 2766/2392/2787
f 2826/2393/2788 2749/2394/2789 2904/2395/2790
f 2845/2396/2791 2774/2397/2792 2773/2398/2793
f 2845/2396/2791 2809/2399/2794 2774/2397/2792
f 2808/2400/2795 2889/2401/2796 2772/2402/2797
f 2809/2399/2794 2846/2403/2798 2774/2397/2792
f 2773/2398/2793 2889/2401/2796 2807/2404/2799
f 2846/2403/2798 2775/2405/2800 2771/2406/2801
f 2821/2407/2802 2770/2408/2803 2771/2409/2801
f 2822/2410/2804 2888/2411/2805 2770/2408/2803
f 2776/2412/2806 2769/2413/2807 2888/2411/2805
f 2823/2414/2808 2769/2413/2807 2776/2412/2806
f 2805/2415/2809 2764/2416/2810 2765/2417/2811
f 2777/2418/2812 2751/2419/2813 2769/2413/2807
f 2803/2420/2814 2765/2417/2811 2766/2392/2787
f 2778/2421/2815 2750/2422/2816 2751/2419/2813
f 2806/2423/2817 2772/2402/2797 2764/2416/2810
f 2780/2424/2818 2752/2425/2819 2750/2422/2816
f 2779/2426/2820 2904/2395/2790 2752/2425/2819
f 2846/2403/2798 2771/2406/2801 2774/2397/2792
f 2812/2427/2821 2748/2374/2769 2749/2394/2789
f 2836/2428/2822 2884/2383/2778 2793/2429/2823
f 2754/2370/2765 2829/2430/2824 2908/2368/2763
f 2833/2431/2825 2905/2389/2784 2753/2362/2757
f 2835/2432/2826 2761/2386/2781 2762/2388/2783
f 2828/2433/2827 2882/2371/2766 2883/2373/2768
f 2818/2434/2828 2886/2435/2829 2767/2379/2774
f 2788/2436/2830 2907/2365/2760 2756/2437/2831
f 2839/2438/2832 2887/2242/2633 2886/2435/2829
f 2797/2439/2833 2757/2380/2775 2758/2376/2771
f 2795/2440/2834 2759/2377/2772 2760/2382/2777
f 2786/2441/2835 2756/2437/2831 2755/2367/2762
f 2841/2442/2836 2885/2390/2785 2768/2241/2632
f 2795/2440/2834 2837/2443/2837 2759/2377/2772
f 2807/2404/2799 2889/2401/2796 2820/2444/2838
f 2815/2384/2779 2793/2429/2823 2763/2385/2780
f 2792/2445/2839 2835/2432/2826 2762/2388/2783
f 2791/2446/2840 2834/2387/2782 2905/2389/2784
f 2790/2447/2841 2833/2431/2825 2753/2362/2757
f 2799/2448/2842 2839/2438/2832 2886/2435/2829
f 2801/2449/2843 2840/2240/2631 2887/2242/2633
f 2800/2450/2844 2818/2434/2828 2767/2379/2774
f 2797/2439/2833 2838/2378/2773 2757/2380/2775
f 2798/2375/2770 2817/2451/2845 2758/2376/2771
f 2796/2381/2776 2816/2452/2846 2760/2382/2777
f 2807/2404/2799 2845/2396/2791 2773/2398/2793
f 2785/2453/2847 2813/2369/2764 2882/2371/2766
f 2805/2415/2809 2843/2454/2848 2764/2416/2810
f 2754/2370/2765 2784/2455/2849 2829/2430/2824
f 2819/2391/2786 2803/2420/2814 2766/2392/2787
f 2829/2430/2824 2787/2366/2761 2908/2368/2763
f 2803/2420/2814 2842/2456/2850 2765/2417/2811
f 2787/2366/2761 2814/2457/2851 2755/2367/2762
f 2806/2423/2817 2844/2458/2852 2772/2402/2797
f 2814/2457/2851 2786/2441/2835 2755/2367/2762
f 2844/2458/2852 2808/2400/2795 2772/2402/2797
f 2786/2441/2835 2830/2459/2853 2756/2437/2831
f 2843/2454/2848 2806/2423/2817 2764/2416/2810
f 2830/2459/2853 2788/2436/2830 2756/2437/2831
f 2841/2442/2836 2804/2460/2854 2885/2390/2785
f 2788/2436/2830 2831/2461/2855 2907/2365/2760
f 2802/2462/2856 2841/2442/2836 2768/2241/2632
f 2831/2461/2855 2789/2364/2759 2907/2365/2760
f 2885/2390/2785 2804/2460/2854 2819/2391/2786
f 2789/2364/2759 2832/2361/2756 2906/2363/2758
f 2808/2400/2795 2820/2444/2838 2889/2401/2796
f 2832/2361/2756 2790/2447/2841 2753/2362/2757
f 2842/2456/2850 2805/2415/2809 2765/2417/2811
f 2813/2369/2764 2784/2455/2849 2754/2370/2765
f 2838/2378/2773 2800/2450/2844 2767/2379/2774
f 2834/2387/2782 2792/2445/2839 2762/2388/2783
f 2836/2428/2822 2796/2381/2776 2884/2383/2778
f 2817/2451/2845 2797/2439/2833 2758/2376/2771
f 2833/2431/2825 2791/2446/2840 2905/2389/2784
f 2840/2240/2631 2802/2462/2856 2768/2241/2632
f 2794/2463/2857 2815/2384/2779 2761/2386/2781
f 2837/2443/2837 2798/2375/2770 2759/2377/2772
f 2839/2438/2832 2801/2449/2843 2887/2242/2633
f 2818/2434/2828 2799/2448/2842 2886/2435/2829
f 2835/2432/2826 2794/2463/2857 2761/2386/2781
f 2816/2452/2846 2795/2440/2834 2760/2382/2777
f 2823/2414/2808 2777/2418/2812 2769/2413/2807
f 2878/2464/2858 2799/2448/2842 2893/2465/2859
f 2871/2466/2860 2779/2426/2820 2890/2467/2861
f 2782/2468/2862 2871/2466/2860 2852/2469/2863
f 2968/2470/2864 2801/2449/2843 2955/2471/2865
f 2867/2472/2866 2787/2366/2761 2854/2473/2867
f 2775/2474/2800 2821/2407/2802 2771/2409/2801
f 2810/2475/2868 2822/2410/2804 2770/2408/2803
f 2877/2476/2869 2797/2439/2833 2861/2477/2870
f 2866/2478/2871 2782/2468/2862 2852/2469/2863
f 2780/2424/2818 2966/2479/2872 2850/2480/2873
f 2824/2481/2874 2778/2421/2815 2751/2419/2813
f 2828/2433/2827 2785/2453/2847 2882/2371/2766
f 2783/2482/2875 2899/2483/2876 2891/2484/2877
f 2826/2393/2788 2782/2468/2862 2749/2394/2789
f 2868/2485/2878 2796/2381/2776 2860/2486/2879
f 2811/2487/2880 2779/2426/2820 2752/2425/2819
f 2872/2488/2881 2784/2455/2849 2950/2489/2882
f 2779/2426/2820 2826/2393/2788 2904/2395/2790
f 2880/2490/2883 2803/2420/2814 2862/2491/2884
f 2781/2492/2885 2827/2372/2767 2748/2374/2769
f 2793/2429/2823 2896/2493/2886 2859/2494/2887
f 2827/2372/2767 2783/2482/2875 2883/2373/2768
f 2785/2453/2847 2900/2495/2888 2892/2496/2889
f 2812/2427/2821 2781/2492/2885 2748/2374/2769
f 2804/2460/2854 2879/2497/2890 2863/2498/2891
f 2825/2499/2892 2780/2424/2818 2750/2422/2816
f 2896/2493/2886 2794/2463/2857 2952/2500/2893
f 2778/2421/2815 2825/2499/2892 2750/2422/2816
f 2900/2495/2888 2783/2482/2875 2891/2484/2877
f 2780/2424/2818 2811/2487/2880 2752/2425/2819
f 2879/2497/2890 2802/2462/2856 2956/2501/2894
f 2783/2482/2875 2828/2433/2827 2883/2373/2768
f 2786/2441/2835 2867/2472/2866 2853/2502/2895
f 2782/2468/2862 2812/2427/2821 2749/2394/2789
f 2802/2462/2856 2968/2470/2864 2956/2501/2894
f 2966/2479/2872 2778/2421/2815 2849/2503/2896
f 2784/2455/2849 2961/2504/2897 2950/2489/2882
f 2781/2492/2885 2866/2478/2871 2851/2505/2898
f 2800/2450/2844 2877/2476/2869 2894/2506/2899
f 2899/2483/2876 2781/2492/2885 2851/2505/2898
f 2822/2410/2804 2776/2412/2806 2888/2411/2805
f 2961/2504/2897 2785/2453/2847 2892/2496/2889
f 2793/2429/2823 2884/2383/2778 2763/2385/2780
f 2821/2407/2802 2810/2475/2868 2770/2408/2803
f 2779/2426/2820 2865/2507/2900 2890/2467/2861
f 2801/2449/2843 2878/2464/2858 2955/2471/2865
f 2777/2418/2812 2824/2481/2874 2751/2419/2813
f 2898/2508/2901 2808/2400/2795 2959/2509/2902
f 2967/2510/2903 2791/2446/2840 2857/2511/2904
f 2962/2512/2905 2775/2474/2800 2949/2513/2906
f 2902/2514/2907 2792/2445/2839 2858/2515/2908
f 2794/2463/2857 2902/2514/2907 2952/2500/2893
f 2903/2516/2909 2793/2429/2823 2859/2494/2887
f 2970/2517/2910 2807/2404/2799 2958/2518/2911
f 2789/2364/2759 2901/2519/2912 2855/2520/2913
f 2870/2521/2914 2804/2460/2854 2863/2498/2891
f 2790/2447/2841 2874/2522/2915 2856/2523/2916
f 2971/2524/2917 2809/2399/2794 2864/2525/2918
f 2791/2446/2840 2875/2526/2919 2857/2511/2904
f 2805/2415/2809 2880/2490/2883 2895/2527/2920
f 2941/2528/2921 2751/2529/2813 2914/2530/2922
f 2897/2531/2923 2798/2375/2770 2954/2532/2924
f 2928/2533/2925 2759/2534/2772 2927/2535/2926
f 2797/2439/2833 2897/2531/2923 2861/2477/2870
f 2942/2536/2927 2769/2537/2807 2941/2528/2921
f 2788/2436/2830 2873/2538/2928 2951/2539/2929
f 2778/2421/2815 2965/2540/2930 2849/2503/2896
f 2881/2541/2931 2805/2415/2809 2895/2527/2920
f 2798/2375/2770 2876/2542/2932 2954/2532/2924
f 2795/2440/2834 2868/2485/2878 2953/2543/2933
f 2865/2507/2900 2780/2424/2818 2850/2480/2873
f 2873/2538/2928 2786/2441/2835 2853/2502/2895
f 2965/2540/2930 2777/2418/2812 2848/2544/2934
f 2901/2519/2912 2788/2436/2830 2951/2539/2929
f 2876/2542/2932 2795/2440/2834 2953/2543/2933
f 2869/2545/2935 2800/2450/2844 2894/2506/2899
f 2777/2418/2812 2964/2546/2936 2848/2544/2934
f 2969/2547/2937 2806/2423/2817 2957/2548/2938
f 2796/2381/2776 2903/2516/2909 2860/2486/2879
f 2787/2366/2761 2872/2488/2881 2854/2473/2867
f 2964/2546/2936 2776/2412/2806 2847/2549/2939
f 2806/2423/2817 2881/2541/2931 2957/2548/2938
f 2915/2550/2940 2904/2551/2790 2916/2552/2941
f 2809/2399/2794 2970/2517/2910 2864/2525/2918
f 2963/2553/2942 2810/2475/2868 2960/2554/2943
f 2807/2404/2799 2898/2508/2901 2958/2518/2911
f 2803/2420/2814 2870/2521/2914 2862/2491/2884
f 2776/2412/2806 2963/2553/2942 2847/2549/2939
f 2808/2400/2795 2969/2547/2937 2959/2509/2902
f 2792/2445/2839 2967/2510/2903 2858/2515/2908
f 2875/2526/2919 2790/2447/2841 2856/2523/2916
f 2799/2448/2842 2869/2545/2935 2893/2465/2859
f 2874/2522/2915 2789/2364/2759 2855/2520/2913
f 2810/2475/2868 2962/2512/2905 2960/2554/2943
f 2775/2405/2800 2971/2524/2917 2949/2555/2906
f 2947/2556/2944 2774/2557/2792 2948/2558/2945
f 2938/2559/2946 2886/2560/2829 2937/2561/2947
f 2926/2562/2948 2757/2563/2775 2925/2564/2949
f 2925/2564/2949 2767/2565/2774 2938/2559/2946
f 2940/2566/2950 2885/2567/2785 2936/2568/2951
f 2914/2530/2922 2750/2569/2816 2913/2570/2952
f 2921/2571/2953 2754/2360/2765 2908/2572/2763
f 2948/2558/2945 2771/2573/2801 2944/2574/2954
f 2936/2568/2951 2766/2575/2787 2935/2576/2955
f 2924/2577/2956 2907/2578/2760 2920/2579/2957
f 2929/2580/2958 2763/2581/2780 2931/2582/2959
f 3043/2403/2960 2948/2397/2945 2944/2406/2954
f 2931/2582/2959 2884/2583/2778 2932/2584/2961
f 3036/2438/2962 2937/2435/2947 2939/2242/2963
f 2945/2585/2964 2773/2586/2793 2947/2556/2944
f 3037/2240/2965 2939/2242/2963 2940/2241/2950
f 2917/2587/2966 2762/2588/2783 2930/2589/2967
f 3038/2442/2968 2940/2241/2950 2936/2390/2951
f 2930/2589/2967 2761/2590/2781 2929/2580/2958
f 2936/2390/2951 2935/2392/2955 3016/2391/2969
f 2943/2591/2970 2888/2592/2805 2942/2536/2927
f 3000/2420/2971 2935/2392/2955 2934/2417/2972
f 2918/2593/2973 2905/2594/2784 2917/2587/2966
f 3002/2415/2974 2934/2417/2972 2933/2416/2975
f 2919/2595/2976 2753/2596/2757 2918/2593/2973
f 3003/2423/2977 2933/2416/2975 2946/2402/2978
f 2946/2597/2978 2889/2598/2796 2945/2585/2964
f 3005/2400/2979 2946/2402/2978 2945/2401/2964
f 2932/2584/2961 2760/2599/2777 2928/2533/2925
f 2947/2398/2944 3004/2404/2980 2945/2401/2964
f 2916/2552/2941 2749/2600/2789 2912/2601/2981
f 3042/2396/2982 2947/2398/2944 2948/2397/2945
f 2944/2602/2954 2770/2603/2803 2943/2591/2970
f 2973/2412/2983 2942/2411/2927 2941/2413/2921
f 2923/2604/2984 2756/2605/2831 2924/2577/2956
f 2913/2570/2952 2752/2606/2819 2915/2550/2940
f 2911/2607/2985 2883/2608/2768 2910/2609/2986
f 2937/2561/2947 2887/2610/2633 2939/2611/2963
f 2927/2535/2926 2758/2612/2771 2926/2562/2948
f 2921/2571/2953 2755/2613/2762 2923/2604/2984
f 2912/2601/2981 2748/2614/2769 2911/2607/2985
f 2935/2576/2955 2765/2615/2811 2934/2616/2972
f 2910/2609/2986 2882/2359/2766 2909/2617/2987
f 2939/2611/2963 2768/2618/2632 2940/2566/2950
f 2920/2579/2957 2906/2619/2758 2919/2595/2976
f 2977/2424/2988 2913/2422/2952 2915/2425/2940
f 3019/2410/2989 2943/2408/2970 2942/2411/2927
f 3018/2407/2990 2944/2409/2954 2943/2408/2970
f 3042/2396/2982 2948/2397/2945 3006/2399/2991
f 3005/2400/2979 2945/2401/2964 3017/2444/2992
f 3003/2423/2977 2946/2402/2978 3041/2458/2993
f 2984/2366/2994 2921/2368/2953 2923/2367/2984
f 2985/2436/2995 2924/2437/2956 2920/2365/2957
f 3010/2369/2996 2909/2371/2987 2922/2370/2997
f 3024/2372/2998 2911/2374/2985 2910/2373/2986
f 3023/2393/2999 2916/2395/2941 2912/2394/2981
f 2974/2418/3000 2941/2413/2921 2914/2419/2922
f 3015/2434/3001 2938/2379/2946 2937/2435/2947
f 2996/2448/3002 2937/2435/2947 3036/2438/2962
f 2993/2381/3003 2932/2383/2961 2928/2382/2925
f 2998/2449/3004 2939/2242/2963 3037/2240/2965
f 3032/2432/3005 2930/2388/2967 2929/2386/2958
f 3037/2240/2965 2940/2241/2950 2999/2462/3006
f 3012/2384/3007 2929/2386/2958 2931/2385/2959
f 2999/2462/3006 2940/2241/2950 3038/2442/2968
f 2995/2375/3008 2927/2377/2926 2926/2376/2948
f 3038/2442/2968 2936/2390/2951 3001/2460/3009
f 2994/2439/3010 2926/2376/2948 2925/2380/2949
f 2936/2390/2951 3016/2391/2969 3001/2460/3009
f 2992/2440/3011 2928/2382/2925 2927/2377/2926
f 3016/2391/2969 2935/2392/2955 3000/2420/2971
f 3030/2431/3012 2918/2362/2973 2917/2389/2966
f 3000/2420/2971 2934/2417/2972 3039/2456/3013
f 3029/2361/3014 2919/2363/2976 2918/2362/2973
f 3039/2456/3013 2934/2417/2972 3002/2415/2974
f 3031/2387/3015 2917/2389/2966 2930/2388/2967
f 3002/2415/2974 2933/2416/2975 3040/2454/3016
f 3035/2378/3017 2925/2380/2949 2938/2379/2946
f 3040/2454/3016 2933/2416/2975 3003/2423/2977
f 3033/2428/3018 2990/2429/3019 2932/2383/2961
f 3036/2438/2962 2939/2242/2963 2998/2449/3004
f 3025/2433/3020 2910/2373/2986 2909/2371/2987
f 3004/2404/2980 2947/2398/2944 3042/2396/2982
f 3020/2414/3021 2973/2412/2983 2941/2413/2921
f 3009/2427/3022 2912/2394/2981 2911/2374/2985
f 3041/2458/2993 2946/2402/2978 3005/2400/2979
f 2986/2364/3023 2920/2365/2957 2919/2363/2976
f 3043/2403/2960 2944/2406/2954 2972/2405/3024
f 2976/2426/3025 2915/2425/2940 2916/2395/2941
f 2983/2441/3026 2923/2367/2984 2924/2437/2956
f 2922/2370/2997 2921/2368/2953 3026/2430/3027
f 3006/2399/2991 2948/2397/2945 3043/2403/2960
f 2975/2421/3028 2914/2419/2922 2913/2422/2952
f 3032/2432/3005 2929/2386/2958 2991/2463/3029
f 2984/2366/2994 2923/2367/2984 3011/2457/3030
f 3026/2430/3027 2921/2368/2953 2984/2366/2994
f 2982/2453/3031 2909/2371/2987 3010/2369/2996
f 2980/2482/3032 2910/2373/2986 3025/2433/3020
f 2978/2492/3033 2911/2374/2985 3024/2372/2998
f 2987/2447/3034 2918/2362/2973 3030/2431/3012
f 2988/2446/3035 2917/2389/2966 3031/2387/3015
f 2986/2364/3023 2919/2363/2976 3029/2361/3014
f 2985/2436/2995 2920/2365/2957 3028/2461/3036
f 2983/2441/3026 2924/2437/2956 3027/2459/3037
f 3012/2384/3007 2931/2385/2959 2990/2429/3019
f 3015/2434/3001 2937/2435/2947 2996/2448/3002
f 2979/2468/3038 2912/2394/2981 3009/2427/3022
f 3034/2443/3039 2927/2377/2926 2995/2375/3008
f 2990/2429/3019 2931/2385/2959 2932/2383/2961
f 3013/2452/3040 2928/2382/2925 2992/2440/3011
f 3020/2414/3021 2941/2413/2921 2974/2418/3000
f 2992/2440/3011 2927/2377/2926 3034/2443/3039
f 2974/2418/3000 2914/2419/2922 3021/2481/3041
f 2994/2439/3010 2925/2380/2949 3035/2378/3017
f 3021/2481/3041 2914/2419/2922 2975/2421/3028
f 3035/2378/3017 2938/2379/2946 2997/2450/3042
f 2975/2421/3028 2913/2422/2952 3022/2499/3043
f 3014/2451/3044 2926/2376/2948 2994/2439/3010
f 3022/2499/3043 2913/2422/2952 2977/2424/2988
f 3033/2428/3018 2932/2383/2961 2993/2381/3003
f 2977/2424/2988 2915/2425/2940 3008/2487/3045
f 3004/2404/2980 3017/2444/2992 2945/2401/2964
f 3008/2487/3045 2915/2425/2940 2976/2426/3025
f 2993/2381/3003 2928/2382/2925 3013/2452/3040
f 2976/2426/3025 2916/2395/2941 3023/2393/2999
f 2997/2450/3042 2938/2379/2946 3015/2434/3001
f 3023/2393/2999 2912/2394/2981 2979/2468/3038
f 2995/2375/3008 2926/2376/2948 3014/2451/3044
f 3009/2427/3022 2911/2374/2985 2978/2492/3033
f 3028/2461/3036 2920/2365/2957 2986/2364/3023
f 3025/2433/3020 2909/2371/2987 2982/2453/3031
f 3011/2457/3030 2923/2367/2984 2983/2441/3026
f 3027/2459/3037 2924/2437/2956 2985/2436/2995
f 3024/2372/2998 2910/2373/2986 2980/2482/3032
f 3031/2387/3015 2930/2388/2967 2989/2445/3046
f 2922/2370/2997 3026/2430/3027 2981/2455/3047
f 2989/2445/3046 2930/2388/2967 3032/2432/3005
f 3030/2431/3012 2917/2389/2966 2988/2446/3035
f 3029/2361/3014 2918/2362/2973 2987/2447/3034
f 3010/2369/2996 2922/2370/2997 2981/2455/3047
f 2991/2463/3029 2929/2386/2958 3012/2384/3007
s 2
f 3083/2472/3048 2983/2441/3049 3055/2502/3049
f 3110/2497/3050 3001/2460/3051 3073/2498/3051
f 3097/2495/3052 2982/2453/3053 3054/2496/3053
f 3098/2488/3054 2981/2455/3055 3026/2430/3054
f 3111/2490/3056 3002/2415/3057 3074/2527/3057
f 3085/2485/3058 2992/2440/3059 3064/2543/3059
f 3108/2464/3060 2998/2449/3061 3070/2471/3061
f 3095/2466/3062 2976/2426/3063 3023/2393/3062
f 3082/2504/3064 2981/2455/3055 3053/2489/3055
f 3096/2483/3065 2978/2492/3066 3024/2372/3065
f 3109/2470/3067 2999/2462/3068 3071/2501/3068
f 3097/2495/3052 2980/2482/3069 3025/2433/3052
s 1
f 3019/2410/2989 2942/2411/2927 2973/2412/2983
s 2
f 3087/2545/3070 2996/2448/3071 3068/2465/3071
f 3080/2507/3072 2976/2426/3063 3048/2467/3063
f 3113/2547/3073 3005/2400/3074 3077/2509/3074
f 3081/2478/3075 2979/2468/3076 3009/2427/3075
f 3087/2545/3070 2997/2450/3077 3015/2434/3070
f 3094/2479/3078 2975/2421/3079 3022/2499/3078
f 3100/2519/3080 2985/2436/3081 3028/2461/3080
s 1
f 2972/2474/3024 2944/2409/2954 3018/2407/2990
s 2
f 3113/2547/3073 3003/2423/3082 3041/2458/3073
s 1
f 3018/2407/2990 2943/2408/2970 3007/2475/3083
s 2
f 3086/2531/3084 2994/2439/3085 3066/2477/3085
s 1
f 3049/2620/3086 2865/2621/2900 2850/2622/2873
s 2
f 3099/2538/3087 2985/2436/3081 3057/2539/3081
f 3094/2479/3078 2977/2424/3088 3049/2480/3088
f 3112/2541/3089 3003/2423/3082 3075/2548/3082
f 3081/2478/3075 2978/2492/3066 3050/2505/3066
f 3086/2531/3084 2995/2375/3090 3014/2451/3084
f 3107/2476/3091 2997/2450/3077 3069/2506/3077
f 3099/2538/3087 2983/2441/3049 3027/2459/3087
s 1
f 3007/2475/3083 2943/2408/2970 3019/2410/2989
s 2
f 3112/2541/3089 3002/2415/3057 3040/2454/3092
f 3107/2476/3091 2994/2439/3085 3035/2378/3091
f 3100/2519/3080 2986/2364/3093 3058/2520/3093
f 3109/2470/3067 2998/2449/3061 3037/2240/3067
f 3085/2485/3058 2993/2381/3094 3013/2452/3058
f 3084/2493/3095 2991/2463/3096 3012/2384/3095
f 3083/2472/3048 2984/2366/3097 3011/2457/3048
f 3098/2488/3054 2984/2366/3097 3056/2473/3097
f 3108/2464/3060 2996/2448/3071 3036/2438/3060
f 3084/2493/3095 2990/2429/3098 3062/2494/3098
f 3096/2483/3065 2980/2482/3069 3052/2484/3069
f 3082/2504/3064 2982/2453/3053 3010/2369/3064
f 3095/2466/3062 2979/2468/3076 3051/2469/3076
f 3111/2490/3056 3000/2420/3099 3039/2456/3056
f 3110/2497/3050 2999/2462/3068 3038/2442/3050
f 3103/2510/3100 2989/2445/3101 3061/2515/3101
f 3106/2542/3102 2995/2375/3090 3067/2532/3090
f 3093/2540/3103 2975/2421/3079 3047/2503/3079
s 1
f 3092/2623/3104 2848/2624/2934 2964/2625/2936
f 3108/2626/3105 2955/2627/2865 2878/2628/2858
f 3052/2629/3106 2900/2630/2888 2891/2631/2877
s 2
f 3091/2553/3107 2973/2412/3108 3045/2549/3108
f 3091/2553/3107 3007/2475/3109 3019/2410/3107
f 3092/2546/3110 2973/2412/3108 3020/2414/3110
f 3092/2546/3110 2974/2418/3111 3046/2544/3111
f 3093/2540/3103 2974/2418/3111 3021/2481/3103
f 3103/2510/3100 2988/2446/3112 3031/2387/3100
f 3114/2517/3113 3004/2404/3114 3042/2396/3113
s 1
f 3110/2632/3115 2863/2633/2891 2879/2634/2890
s 2
f 3115/2524/3116 3006/2399/3117 3043/2403/3116
s 1
f 3057/2635/3118 2901/2636/2912 2951/2637/2929
s 2
f 3089/2508/3119 3005/2400/3074 3017/2444/3119
s 1
f 3114/2638/3120 2864/2639/2918 2970/2640/2910
s 2
f 3102/2526/3121 2987/2447/3122 3030/2431/3121
s 1
f 3103/2641/3123 2858/2642/2908 2967/2643/2903
s 2
f 3114/2517/3113 3006/2399/3117 3078/2525/3117
s 1
f 3075/2644/3124 2969/2645/2937 2957/2646/2938
s 2
f 3088/2521/3125 3001/2460/3051 3016/2391/3125
s 1
f 3045/2647/3126 2964/2625/2936 2847/2648/2939
s 2
f 3101/2522/3127 2987/2447/3122 3059/2523/3122
s 1
f 3044/2649/3128 2962/2650/2905 2949/2651/2906
s 2
f 3102/2526/3121 2988/2446/3112 3060/2511/3112
s 1
f 3083/2652/3129 2853/2653/2895 2867/2654/2866
s 2
f 3089/2508/3119 3004/2404/3114 3076/2518/3114
s 1
f 3097/2655/3130 2892/2656/2889 2900/2630/2888
s 2
f 3115/2524/3116 2972/2405/3131 3044/2555/3131
s 1
f 3077/2657/3132 2898/2658/2901 2959/2659/2902
s 2
f 3101/2522/3127 2986/2364/3093 3029/2361/3127
s 1
f 3112/2660/3133 2957/2646/2938 2881/2661/2931
s 2
f 3088/2521/3125 3000/2420/3099 3072/2491/3099
s 1
f 3104/2662/3134 2952/2663/2893 2902/2664/2907
s 2
f 3105/2516/3135 2993/2381/3094 3065/2486/3094
s 1
f 3084/2665/3136 2859/2666/2887 2896/2667/2886
s 2
f 3080/2507/3072 2977/2424/3088 3008/2487/3072
f 3106/2542/3102 2992/2440/3059 3034/2443/3137
s 1
f 3078/2668/3138 2971/2669/2917 2864/2639/2918
s 2
f 3104/2514/3139 2989/2445/3101 3032/2432/3139
s 1
f 3062/2670/3140 2903/2671/2909 2859/2666/2887
s 2
f 3090/2512/3141 3007/2475/3109 3079/2554/3109
f 3104/2514/3139 2991/2463/3096 3063/2500/3096
f 3105/2516/3135 2990/2429/3098 3033/2428/3135
s 1
f 3071/2672/3142 2879/2634/2890 2956/2673/2894
s 2
f 3090/2512/3141 2972/2474/3131 3018/2407/3141
s 1
f 3056/2674/3143 2867/2654/2866 2854/2675/2867
f 3094/2676/3144 2850/2622/2873 2966/2677/2872
f 3101/2678/3145 2856/2679/2916 2874/2680/2915
f 3067/2681/3146 2897/2682/2923 2954/2683/2924
f 3048/2684/3147 2871/2685/2860 2890/2686/2861
f 3059/2687/3148 2875/2688/2919 2856/2679/2916
f 3082/2689/3149 2950/2690/2882 2961/2691/2897
f 3090/2692/3150 2960/2693/2943 2962/2650/2905
f 3081/2694/3151 2851/2695/2898 2866/2696/2871
f 3069/2697/3152 2869/2698/2935 2894/2699/2899
f 3066/2700/3153 2877/2701/2869 2861/2702/2870
f 3087/2703/3154 2893/2704/2859 2869/2698/2935
f 3113/2705/3155 2959/2659/2902 2969/2645/2937
f 3047/2706/3156 2966/2677/2872 2849/2707/2896
f 3095/2708/3157 2852/2709/2863 2871/2685/2860
f 3051/2710/3158 2866/2696/2871 2852/2709/2863
f 3089/2711/3159 2958/2712/2911 2898/2658/2901
f 3065/2713/3160 2868/2714/2878 2860/2715/2879
f 3060/2716/3161 2967/2643/2903 2857/2717/2904
f 3074/2718/3162 2881/2661/2931 2895/2719/2920
f 3111/2720/3163 2895/2719/2920 2880/2721/2883
f 3080/2722/3164 2890/2686/2861 2865/2621/2900
f 3106/2723/3165 2954/2683/2924 2876/2724/2932
f 3099/2725/3166 2951/2637/2929 2873/2726/2928
f 3046/2727/3167 2965/2728/2930 2848/2624/2934
f 3100/2729/3168 2855/2730/2913 2901/2636/2912
f 3086/2731/3169 2861/2702/2870 2897/2682/2923
f 3076/2732/3170 2970/2640/2910 2958/2712/2911
f 3068/2733/3171 2878/2628/2858 2893/2704/2859
f 3054/2734/3172 2961/2691/2897 2892/2656/2889
f 3055/2735/3173 2873/2726/2928 2853/2653/2895
f 3096/2736/3174 2891/2631/2877 2899/2737/2876
f 3058/2738/3175 2874/2680/2915 2855/2730/2913
f 3105/2739/3176 2860/2715/2879 2903/2671/2909
f 3093/2740/3177 2849/2707/2896 2965/2728/2930
f 3053/2741/3178 2872/2742/2881 2950/2690/2882
f 3061/2743/2381 2902/2664/2907 2858/2642/2908
f 3109/2744/3179 2956/2673/2894 2968/2745/2864
f 3072/2746/3180 2880/2721/2883 2862/2747/2884
f 3063/2748/3181 2896/2667/2886 2952/2663/2893
f 3073/2749/3182 2870/2750/2914 2863/2633/2891
f 3050/2751/3183 2899/2737/2876 2851/2695/2898
f 3085/2752/3184 2953/2753/2933 2868/2714/2878
f 3107/2754/3185 2894/2699/2899 2877/2701/2869
f 3115/2755/3186 2949/2756/2906 2971/2669/2917
f 3079/2757/3187 2963/2758/2942 2960/2693/2943
f 3091/2759/3188 2847/2648/2939 2963/2758/2942
f 3064/2760/3189 2876/2724/2932 2953/2753/2933
f 3098/2761/3190 2854/2675/2867 2872/2742/2881
f 3102/2762/3191 2857/2717/2904 2875/2688/2919
f 3088/2763/3192 2862/2747/2884 2870/2750/2914
f 3070/2764/3193 2968/2745/2864 2955/2627/2865
f 2878/2464/2858 2839/2438/2832 2799/2448/2842
f 2871/2466/2860 2826/2393/2788 2779/2426/2820
f 2782/2468/2862 2826/2393/2788 2871/2466/2860
f 2968/2470/2864 2840/2240/2631 2801/2449/2843
f 2867/2472/2866 2814/2457/2851 2787/2366/2761
f 2877/2476/2869 2838/2378/2773 2797/2439/2833
f 2866/2478/2871 2812/2427/2821 2782/2468/2862
f 2780/2424/2818 2825/2499/2892 2966/2479/2872
f 2783/2482/2875 2827/2372/2767 2899/2483/2876
f 2868/2485/2878 2816/2452/2846 2796/2381/2776
f 2872/2488/2881 2829/2430/2824 2784/2455/2849
f 2880/2490/2883 2842/2456/2850 2803/2420/2814
f 2793/2429/2823 2815/2384/2779 2896/2493/2886
f 2785/2453/2847 2828/2433/2827 2900/2495/2888
f 2804/2460/2854 2841/2442/2836 2879/2497/2890
f 2896/2493/2886 2815/2384/2779 2794/2463/2857
f 2900/2495/2888 2828/2433/2827 2783/2482/2875
f 2879/2497/2890 2841/2442/2836 2802/2462/2856
f 2786/2441/2835 2814/2457/2851 2867/2472/2866
f 2802/2462/2856 2840/2240/2631 2968/2470/2864
f 2966/2479/2872 2825/2499/2892 2778/2421/2815
f 2784/2455/2849 2813/2369/2764 2961/2504/2897
f 2781/2492/2885 2812/2427/2821 2866/2478/2871
f 2800/2450/2844 2838/2378/2773 2877/2476/2869
f 2899/2483/2876 2827/2372/2767 2781/2492/2885
f 2961/2504/2897 2813/2369/2764 2785/2453/2847
f 2779/2426/2820 2811/2487/2880 2865/2507/2900
f 2801/2449/2843 2839/2438/2832 2878/2464/2858
f 2898/2508/2901 2820/2444/2838 2808/2400/2795
f 2967/2510/2903 2834/2387/2782 2791/2446/2840
f 2962/2512/2905 2821/2407/2802 2775/2474/2800
f 2902/2514/2907 2835/2432/2826 2792/2445/2839
f 2794/2463/2857 2835/2432/2826 2902/2514/2907
f 2903/2516/2909 2836/2428/2822 2793/2429/2823
f 2970/2517/2910 2845/2396/2791 2807/2404/2799
f 2789/2364/2759 2831/2461/2855 2901/2519/2912
f 2870/2521/2914 2819/2391/2786 2804/2460/2854
f 2790/2447/2841 2832/2361/2756 2874/2522/2915
f 2971/2524/2917 2846/2403/2798 2809/2399/2794
f 2791/2446/2840 2833/2431/2825 2875/2526/2919
f 2805/2415/2809 2842/2456/2850 2880/2490/2883
f 2941/2528/2921 2769/2537/2807 2751/2529/2813
f 2897/2531/2923 2817/2451/2845 2798/2375/2770
f 2928/2533/2925 2760/2599/2777 2759/2534/2772
f 2797/2439/2833 2817/2451/2845 2897/2531/2923
f 2942/2536/2927 2888/2592/2805 2769/2537/2807
f 2788/2436/2830 2830/2459/2853 2873/2538/2928
f 2778/2421/2815 2824/2481/2874 2965/2540/2930
f 2881/2541/2931 2843/2454/2848 2805/2415/2809
f 2798/2375/2770 2837/2443/2837 2876/2542/2932
f 2795/2440/2834 2816/2452/2846 2868/2485/2878
f 2865/2507/2900 2811/2487/2880 2780/2424/2818
f 2873/2538/2928 2830/2459/2853 2786/2441/2835
f 2965/2540/2930 2824/2481/2874 2777/2418/2812
f 2901/2519/2912 2831/2461/2855 2788/2436/2830
f 2876/2542/2932 2837/2443/2837 2795/2440/2834
f 2869/2545/2935 2818/2434/2828 2800/2450/2844
f 2777/2418/2812 2823/2414/2808 2964/2546/2936
f 2969/2547/2937 2844/2458/2852 2806/2423/2817
f 2796/2381/2776 2836/2428/2822 2903/2516/2909
f 2787/2366/2761 2829/2430/2824 2872/2488/2881
f 2964/2546/2936 2823/2414/2808 2776/2412/2806
f 2806/2423/2817 2843/2454/2848 2881/2541/2931
f 2915/2550/2940 2752/2606/2819 2904/2551/2790
f 2809/2399/2794 2845/2396/2791 2970/2517/2910
f 2963/2553/2942 2822/2410/2804 2810/2475/2868
f 2807/2404/2799 2820/2444/2838 2898/2508/2901
f 2803/2420/2814 2819/2391/2786 2870/2521/2914
f 2776/2412/2806 2822/2410/2804 2963/2553/2942
f 2808/2400/2795 2844/2458/2852 2969/2547/2937
f 2792/2445/2839 2834/2387/2782 2967/2510/2903
f 2875/2526/2919 2833/2431/2825 2790/2447/2841
f 2799/2448/2842 2818/2434/2828 2869/2545/2935
f 2874/2522/2915 2832/2361/2756 2789/2364/2759
f 2810/2475/2868 2821/2407/2802 2962/2512/2905
f 2775/2405/2800 2846/2403/2798 2971/2524/2917
f 2947/2556/2944 2773/2586/2793 2774/2557/2792
f 2938/2559/2946 2767/2565/2774 2886/2560/2829
f 2926/2562/2948 2758/2612/2771 2757/2563/2775
f 2925/2564/2949 2757/2563/2775 2767/2565/2774
f 2940/2566/2950 2768/2618/2632 2885/2567/2785
f 2914/2530/2922 2751/2529/2813 2750/2569/2816
f 2921/2571/2953 2922/2358/2997 2754/2360/2765
f 2948/2558/2945 2774/2557/2792 2771/2573/2801
f 2936/2568/2951 2885/2567/2785 2766/2575/2787
f 2922/2358/2997 2909/2617/2987 2882/2359/2766
f 2924/2577/2956 2756/2605/2831 2907/2578/2760
f 2929/2580/2958 2761/2590/2781 2763/2581/2780
f 2931/2582/2959 2763/2581/2780 2884/2583/2778
f 2945/2585/2964 2889/2598/2796 2773/2586/2793
f 2917/2587/2966 2905/2594/2784 2762/2588/2783
f 2930/2589/2967 2762/2588/2783 2761/2590/2781
f 2943/2591/2970 2770/2603/2803 2888/2592/2805
f 2918/2593/2973 2753/2596/2757 2905/2594/2784
f 2919/2595/2976 2906/2619/2758 2753/2596/2757
f 2946/2597/2978 2772/2765/2797 2889/2598/2796
f 2932/2584/2961 2884/2583/2778 2760/2599/2777
f 2916/2552/2941 2904/2551/2790 2749/2600/2789
f 2944/2602/2954 2771/2766/2801 2770/2603/2803
f 2923/2604/2984 2755/2613/2762 2756/2605/2831
f 2913/2570/2952 2750/2569/2816 2752/2606/2819
f 2911/2607/2985 2748/2614/2769 2883/2608/2768
f 2937/2561/2947 2886/2560/2829 2887/2610/2633
f 2927/2535/2926 2759/2534/2772 2758/2612/2771
f 2921/2571/2953 2908/2572/2763 2755/2613/2762
f 2912/2601/2981 2749/2600/2789 2748/2614/2769
f 2935/2576/2955 2766/2575/2787 2765/2615/2811
f 2910/2609/2986 2883/2608/2768 2882/2359/2766
f 2939/2611/2963 2887/2610/2633 2768/2618/2632
f 2920/2579/2957 2907/2578/2760 2906/2619/2758
s 2
f 3083/2472/3048 3011/2457/3048 2983/2441/3049
f 3110/2497/3050 3038/2442/3050 3001/2460/3051
f 3097/2495/3052 3025/2433/3052 2982/2453/3053
f 3098/2488/3054 3053/2489/3055 2981/2455/3055
f 3111/2490/3056 3039/2456/3056 3002/2415/3057
f 3085/2485/3058 3013/2452/3058 2992/2440/3059
f 3108/2464/3060 3036/2438/3060 2998/2449/3061
f 3095/2466/3062 3048/2467/3063 2976/2426/3063
f 3082/2504/3064 3010/2369/3064 2981/2455/3055
f 3096/2483/3065 3050/2505/3066 2978/2492/3066
f 3109/2470/3067 3037/2240/3067 2999/2462/3068
f 3097/2495/3052 3052/2484/3069 2980/2482/3069
f 3087/2545/3070 3015/2434/3070 2996/2448/3071
f 3080/2507/3072 3008/2487/3072 2976/2426/3063
f 3113/2547/3073 3041/2458/3073 3005/2400/3074
f 3081/2478/3075 3051/2469/3076 2979/2468/3076
f 3087/2545/3070 3069/2506/3077 2997/2450/3077
f 3094/2479/3078 3047/2503/3079 2975/2421/3079
f 3100/2519/3080 3057/2539/3081 2985/2436/3081
f 3113/2547/3073 3075/2548/3082 3003/2423/3082
f 3086/2531/3084 3014/2451/3084 2994/2439/3085
s 1
f 3049/2620/3086 3080/2722/3164 2865/2621/2900
s 2
f 3099/2538/3087 3027/2459/3087 2985/2436/3081
f 3094/2479/3078 3022/2499/3078 2977/2424/3088
f 3112/2541/3089 3040/2454/3092 3003/2423/3082
f 3081/2478/3075 3009/2427/3075 2978/2492/3066
f 3086/2531/3084 3067/2532/3090 2995/2375/3090
f 3107/2476/3091 3035/2378/3091 2997/2450/3077
f 3099/2538/3087 3055/2502/3049 2983/2441/3049
f 3112/2541/3089 3074/2527/3057 3002/2415/3057
f 3107/2476/3091 3066/2477/3085 2994/2439/3085
f 3100/2519/3080 3028/2461/3080 2986/2364/3093
f 3109/2470/3067 3070/2471/3061 2998/2449/3061
f 3085/2485/3058 3065/2486/3094 2993/2381/3094
f 3084/2493/3095 3063/2500/3096 2991/2463/3096
f 3083/2472/3048 3056/2473/3097 2984/2366/3097
f 3098/2488/3054 3026/2430/3054 2984/2366/3097
f 3108/2464/3060 3068/2465/3071 2996/2448/3071
f 3084/2493/3095 3012/2384/3095 2990/2429/3098
f 3096/2483/3065 3024/2372/3065 2980/2482/3069
f 3082/2504/3064 3054/2496/3053 2982/2453/3053
f 3095/2466/3062 3023/2393/3062 2979/2468/3076
f 3111/2490/3056 3072/2491/3099 3000/2420/3099
f 3110/2497/3050 3071/2501/3068 2999/2462/3068
f 3103/2510/3100 3031/2387/3100 2989/2445/3101
f 3106/2542/3102 3034/2443/3137 2995/2375/3090
f 3093/2540/3103 3021/2481/3103 2975/2421/3079
s 1
f 3092/2623/3104 3046/2727/3167 2848/2624/2934
f 3108/2626/3105 3070/2764/3193 2955/2627/2865
f 3052/2629/3106 3097/2655/3130 2900/2630/2888
s 2
f 3091/2553/3107 3019/2410/3107 2973/2412/3108
f 3091/2553/3107 3079/2554/3109 3007/2475/3109
f 3092/2546/3110 3045/2549/3108 2973/2412/3108
f 3092/2546/3110 3020/2414/3110 2974/2418/3111
f 3093/2540/3103 3046/2544/3111 2974/2418/3111
f 3103/2510/3100 3060/2511/3112 2988/2446/3112
f 3114/2517/3113 3076/2518/3114 3004/2404/3114
s 1
f 3110/2632/3115 3073/2749/3182 2863/2633/2891
s 2
f 3115/2524/3116 3078/2525/3117 3006/2399/3117
s 1
f 3057/2635/3118 3100/2729/3168 2901/2636/2912
s 2
f 3089/2508/3119 3077/2509/3074 3005/2400/3074
s 1
f 3114/2638/3120 3078/2668/3138 2864/2639/2918
s 2
f 3102/2526/3121 3059/2523/3122 2987/2447/3122
s 1
f 3103/2641/3123 3061/2743/2381 2858/2642/2908
s 2
f 3114/2517/3113 3042/2396/3113 3006/2399/3117
s 1
f 3075/2644/3124 3113/2705/3155 2969/2645/2937
s 2
f 3088/2521/3125 3073/2498/3051 3001/2460/3051
s 1
f 3045/2647/3126 3092/2623/3104 2964/2625/2936
s 2
f 3101/2522/3127 3029/2361/3127 2987/2447/3122
s 1
f 3044/2649/3128 3090/2692/3150 2962/2650/2905
s 2
f 3102/2526/3121 3030/2431/3121 2988/2446/3112
s 1
f 3083/2652/3129 3055/2735/3173 2853/2653/2895
s 2
f 3089/2508/3119 3017/2444/3119 3004/2404/3114
s 1
f 3097/2655/3130 3054/2734/3172 2892/2656/2889
s 2
f 3115/2524/3116 3043/2403/3116 2972/2405/3131
s 1
f 3077/2657/3132 3089/2711/3159 2898/2658/2901
s 2
f 3101/2522/3127 3058/2520/3093 2986/2364/3093
s 1
f 3112/2660/3133 3075/2644/3124 2957/2646/2938
s 2
f 3088/2521/3125 3016/2391/3125 3000/2420/3099
s 1
f 3104/2662/3134 3063/2748/3181 2952/2663/2893
s 2
f 3105/2516/3135 3033/2428/3135 2993/2381/3094
s 1
f 3084/2665/3136 3062/2670/3140 2859/2666/2887
s 2
f 3080/2507/3072 3049/2480/3088 2977/2424/3088
f 3106/2542/3102 3064/2543/3059 2992/2440/3059
s 1
f 3078/2668/3138 3115/2755/3186 2971/2669/2917
s 2
f 3104/2514/3139 3061/2515/3101 2989/2445/3101
s 1
f 3062/2670/3140 3105/2739/3176 2903/2671/2909
s 2
f 3090/2512/3141 3018/2407/3141 3007/2475/3109
f 3104/2514/3139 3032/2432/3139 2991/2463/3096
f 3105/2516/3135 3062/2494/3098 2990/2429/3098
s 1
f 3071/2672/3142 3110/2632/3115 2879/2634/2890
s 2
f 3090/2512/3141 3044/2513/3131 2972/2474/3131
s 1
f 3056/2674/3143 3083/2652/3129 2867/2654/2866
f 3094/2676/3144 3049/2620/3086 2850/2622/2873
f 3101/2678/3145 3059/2687/3148 2856/2679/2916
f 3067/2681/3146 3086/2731/3169 2897/2682/2923
f 3048/2684/3147 3095/2708/3157 2871/2685/2860
f 3059/2687/3148 3102/2762/3191 2875/2688/2919
f 3082/2689/3149 3053/2741/3178 2950/2690/2882
f 3090/2692/3150 3079/2757/3187 2960/2693/2943
f 3081/2694/3151 3050/2751/3183 2851/2695/2898
f 3069/2697/3152 3087/2703/3154 2869/2698/2935
f 3066/2700/3153 3107/2754/3185 2877/2701/2869
f 3087/2703/3154 3068/2733/3171 2893/2704/2859
f 3113/2705/3155 3077/2657/3132 2959/2659/2902
f 3047/2706/3156 3094/2676/3144 2966/2677/2872
f 3095/2708/3157 3051/2710/3158 2852/2709/2863
f 3051/2710/3158 3081/2694/3151 2866/2696/2871
f 3089/2711/3159 3076/2732/3170 2958/2712/2911
f 3065/2713/3160 3085/2752/3184 2868/2714/2878
f 3060/2716/3161 3103/2641/3123 2967/2643/2903
f 3074/2718/3162 3112/2660/3133 2881/2661/2931
f 3111/2720/3163 3074/2718/3162 2895/2719/2920
f 3080/2722/3164 3048/2684/3147 2890/2686/2861
f 3106/2723/3165 3067/2681/3146 2954/2683/2924
f 3099/2725/3166 3057/2635/3118 2951/2637/2929
f 3046/2727/3167 3093/2740/3177 2965/2728/2930
f 3100/2729/3168 3058/2738/3175 2855/2730/2913
f 3086/2731/3169 3066/2700/3153 2861/2702/2870
f 3076/2732/3170 3114/2638/3120 2970/2640/2910
f 3068/2733/3171 3108/2626/3105 2878/2628/2858
f 3054/2734/3172 3082/2689/3149 2961/2691/2897
f 3055/2735/3173 3099/2725/3166 2873/2726/2928
f 3096/2736/3174 3052/2629/3106 2891/2631/2877
f 3058/2738/3175 3101/2678/3145 2874/2680/2915
f 3105/2739/3176 3065/2713/3160 2860/2715/2879
f 3093/2740/3177 3047/2706/3156 2849/2707/2896
f 3053/2741/3178 3098/2761/3190 2872/2742/2881
f 3061/2743/2381 3104/2662/3134 2902/2664/2907
f 3109/2744/3179 3071/2672/3142 2956/2673/2894
f 3072/2746/3180 3111/2720/3163 2880/2721/2883
f 3063/2748/3181 3084/2665/3136 2896/2667/2886
f 3073/2749/3182 3088/2763/3192 2870/2750/2914
f 3050/2751/3183 3096/2736/3174 2899/2737/2876
f 3085/2752/3184 3064/2760/3189 2953/2753/2933
f 3107/2754/3185 3069/2697/3152 2894/2699/2899
f 3115/2755/3186 3044/2767/3128 2949/2756/2906
f 3079/2757/3187 3091/2759/3188 2963/2758/2942
f 3091/2759/3188 3045/2647/3126 2847/2648/2939
f 3064/2760/3189 3106/2723/3165 2876/2724/2932
f 3098/2761/3190 3056/2674/3143 2854/2675/2867
f 3102/2762/3191 3060/2716/3161 2857/2717/2904
f 3088/2763/3192 3072/2746/3180 2862/2747/2884
f 3070/2764/3193 3109/2744/3179 2968/2745/2864
